/*******************************************************************************
 * Size: 32 px
 * Bpp: 4
 * Opts: --bpp 4 --size 32 --font D:/esp32item/master/esp-brookesia/examples/agent/chatbot/squareline_project/assets/AlimamaShuHeiTi-Bold.ttf -o D:/esp32item/master/esp-brookesia/examples/agent/chatbot/squareline_project/assets\ui_font_Font32.c --format lvgl -r 0x20-0x7f --symbols 星期一星期二星期三星期四星期五星期六星期日周一周二周三周四周五周六周日 --no-compress --no-prefilter
 ******************************************************************************/

#include "../ui.h"

#ifndef UI_FONT_FONT32
#define UI_FONT_FONT32 1
#endif

#if UI_FONT_FONT32

/*-----------------
 *    BITMAPS
 *----------------*/

/*Store the image of the glyphs*/
static LV_ATTRIBUTE_LARGE_CONST const uint8_t glyph_bitmap[] = {
    /* U+0020 " " */

    /* U+0021 "!" */
    0x9f, 0xff, 0xf7, 0x9f, 0xff, 0xf6, 0x8f, 0xff,
    0xf6, 0x8f, 0xff, 0xf5, 0x7f, 0xff, 0xf4, 0x6f,
    0xff, 0xf4, 0x6f, 0xff, 0xf3, 0x5f, 0xff, 0xf2,
    0x4f, 0xff, 0xf2, 0x4f, 0xff, 0xf1, 0x3f, 0xff,
    0xf1, 0x2f, 0xff, 0xf0, 0x2f, 0xff, 0xf0, 0x1f,
    0xff, 0xf0, 0x1f, 0xff, 0xe0, 0x3, 0x33, 0x20,
    0x0, 0x0, 0x0, 0x35, 0x55, 0x53, 0xaf, 0xff,
    0xf9, 0xaf, 0xff, 0xf9, 0xaf, 0xff, 0xf9, 0xaf,
    0xff, 0xf9, 0xaf, 0xff, 0xf9,

    /* U+0022 "\"" */
    0x5a, 0xaa, 0x80, 0x6a, 0xaa, 0x87, 0xff, 0xfd,
    0x8, 0xff, 0xfc, 0x6f, 0xff, 0xb0, 0x7f, 0xff,
    0xb5, 0xff, 0xfa, 0x5, 0xff, 0xfa, 0x3f, 0xff,
    0x90, 0x4f, 0xff, 0x82, 0xff, 0xf7, 0x2, 0xff,
    0xf7, 0xf, 0xff, 0x60, 0x1f, 0xff, 0x60, 0xff,
    0xf4, 0x0, 0xff, 0xf4, 0xd, 0xff, 0x30, 0xe,
    0xff, 0x30, 0xcf, 0xf2, 0x0, 0xdf, 0xf1,

    /* U+0023 "#" */
    0x0, 0x0, 0xb, 0xff, 0xf2, 0x0, 0x7, 0xff,
    0xf6, 0x0, 0x0, 0x0, 0xef, 0xff, 0x0, 0x0,
    0xaf, 0xff, 0x30, 0x0, 0x0, 0xf, 0xff, 0xc0,
    0x0, 0xc, 0xff, 0xf0, 0x0, 0x0, 0x3, 0xff,
    0xf9, 0x0, 0x0, 0xff, 0xfd, 0x0, 0x0, 0x0,
    0x6f, 0xff, 0x60, 0x0, 0x2f, 0xff, 0xa0, 0x8,
    0xff, 0xff, 0xff, 0xff, 0xff, 0xff, 0xff, 0xff,
    0xfb, 0x8f, 0xff, 0xff, 0xff, 0xff, 0xff, 0xff,
    0xff, 0xff, 0xb8, 0xff, 0xff, 0xff, 0xff, 0xff,
    0xff, 0xff, 0xff, 0xfb, 0x36, 0x66, 0xff, 0xfd,
    0x66, 0x66, 0xef, 0xff, 0x66, 0x40, 0x0, 0x3f,
    0xff, 0xa0, 0x0, 0xe, 0xff, 0xe0, 0x0, 0x0,
    0x5, 0xff, 0xf7, 0x0, 0x1, 0xff, 0xfb, 0x0,
    0x0, 0x0, 0x7f, 0xff, 0x50, 0x0, 0x3f, 0xff,
    0x90, 0x0, 0x0, 0x9, 0xff, 0xf3, 0x0, 0x5,
    0xff, 0xf7, 0x0, 0x3, 0x55, 0xdf, 0xff, 0x65,
    0x55, 0xaf, 0xff, 0x95, 0x53, 0x8f, 0xff, 0xff,
    0xff, 0xff, 0xff, 0xff, 0xff, 0xff, 0xb8, 0xff,
    0xff, 0xff, 0xff, 0xff, 0xff, 0xff, 0xff, 0xfb,
    0x8f, 0xff, 0xff, 0xff, 0xff, 0xff, 0xff, 0xff,
    0xff, 0xb0, 0x6, 0xff, 0xf6, 0x0, 0x2, 0xff,
    0xfa, 0x0, 0x0, 0x0, 0x8f, 0xff, 0x30, 0x0,
    0x4f, 0xff, 0x70, 0x0, 0x0, 0xb, 0xff, 0xf1,
    0x0, 0x7, 0xff, 0xf5, 0x0, 0x0, 0x0, 0xdf,
    0xfe, 0x0, 0x0, 0x9f, 0xff, 0x20, 0x0, 0x0,
    0xf, 0xff, 0xc0, 0x0, 0xc, 0xff, 0xf0, 0x0,
    0x0, 0x2, 0xff, 0xf9, 0x0, 0x0, 0xef, 0xfd,
    0x0, 0x0, 0x0,

    /* U+0024 "$" */
    0x0, 0x0, 0x0, 0x6, 0x84, 0x0, 0x0, 0x0,
    0x0, 0x0, 0x0, 0x0, 0xcf, 0x90, 0x0, 0x0,
    0x0, 0x0, 0x0, 0x0, 0xc, 0xf9, 0x0, 0x0,
    0x0, 0x0, 0x0, 0x3a, 0xdf, 0xff, 0xff, 0xdc,
    0xa6, 0x0, 0x0, 0x9f, 0xff, 0xff, 0xff, 0xff,
    0xff, 0xd0, 0x0, 0x6f, 0xff, 0xff, 0xff, 0xff,
    0xff, 0xfd, 0x0, 0xd, 0xff, 0xff, 0xff, 0xfe,
    0xde, 0xff, 0xd0, 0x2, 0xff, 0xff, 0x80, 0xcf,
    0x90, 0x0, 0x36, 0x0, 0x3f, 0xff, 0xf0, 0xc,
    0xf9, 0x0, 0x0, 0x0, 0x4, 0xff, 0xff, 0x0,
    0xcf, 0x90, 0x0, 0x0, 0x0, 0x3f, 0xff, 0xf2,
    0xc, 0xf9, 0x0, 0x0, 0x0, 0x1, 0xff, 0xff,
    0xe6, 0xdf, 0x90, 0x0, 0x0, 0x0, 0xc, 0xff,
    0xff, 0xff, 0xfd, 0x61, 0x0, 0x0, 0x0, 0x3f,
    0xff, 0xff, 0xff, 0xff, 0xfb, 0x30, 0x0, 0x0,
    0x3e, 0xff, 0xff, 0xff, 0xff, 0xff, 0x80, 0x0,
    0x0, 0x5, 0xae, 0xff, 0xff, 0xff, 0xff, 0x50,
    0x0, 0x0, 0x0, 0xc, 0xfe, 0xff, 0xff, 0xfd,
    0x0, 0x0, 0x0, 0x0, 0xcf, 0x91, 0xbf, 0xff,
    0xf1, 0x0, 0x0, 0x0, 0xc, 0xf9, 0x2, 0xff,
    0xff, 0x30, 0x0, 0x0, 0x0, 0xcf, 0x90, 0xf,
    0xff, 0xf4, 0x0, 0x0, 0x0, 0xc, 0xf9, 0x3,
    0xff, 0xff, 0x34, 0xa6, 0x42, 0x0, 0xcf, 0x94,
    0xcf, 0xff, 0xf0, 0x6f, 0xff, 0xff, 0xff, 0xff,
    0xff, 0xff, 0xfb, 0x6, 0xff, 0xff, 0xff, 0xff,
    0xff, 0xff, 0xff, 0x30, 0x6f, 0xff, 0xff, 0xff,
    0xff, 0xff, 0xff, 0x50, 0x2, 0x8b, 0xde, 0xff,
    0xff, 0xfe, 0xb7, 0x10, 0x0, 0x0, 0x0, 0x0,
    0xc, 0xf9, 0x0, 0x0, 0x0, 0x0, 0x0, 0x0,
    0x0, 0xcf, 0x90, 0x0, 0x0, 0x0, 0x0, 0x0,
    0x0, 0xc, 0xf9, 0x0, 0x0, 0x0, 0x0, 0x0,
    0x0, 0x0, 0xcf, 0x90, 0x0, 0x0, 0x0, 0x0,
    0x0, 0x0, 0xc, 0xf9, 0x0, 0x0, 0x0, 0x0,

    /* U+0025 "%" */
    0x0, 0x19, 0xdf, 0xeb, 0x30, 0x0, 0x0, 0x0,
    0x9f, 0xff, 0x20, 0x0, 0x0, 0xdf, 0xff, 0xff,
    0xf4, 0x0, 0x0, 0x2, 0xff, 0xf8, 0x0, 0x0,
    0x7, 0xff, 0xff, 0xff, 0xfd, 0x0, 0x0, 0xa,
    0xff, 0xf1, 0x0, 0x0, 0xc, 0xff, 0x80, 0x2f,
    0xff, 0x20, 0x0, 0x3f, 0xff, 0x70, 0x0, 0x0,
    0xe, 0xff, 0x0, 0xa, 0xff, 0x50, 0x0, 0xbf,
    0xfe, 0x0, 0x0, 0x0, 0xf, 0xfe, 0x0, 0x9,
    0xff, 0x60, 0x4, 0xff, 0xf6, 0x0, 0x0, 0x0,
    0xf, 0xff, 0x0, 0x9, 0xff, 0x60, 0xc, 0xff,
    0xd0, 0x0, 0x0, 0x0, 0xe, 0xff, 0x0, 0xa,
    0xff, 0x50, 0x5f, 0xff, 0x50, 0x0, 0x0, 0x0,
    0xc, 0xff, 0x70, 0x2e, 0xff, 0x20, 0xdf, 0xfc,
    0x0, 0x0, 0x0, 0x0, 0x7, 0xff, 0xff, 0xff,
    0xfe, 0x7, 0xff, 0xf3, 0x0, 0x0, 0x0, 0x0,
    0x0, 0xdf, 0xff, 0xff, 0xf5, 0xe, 0xff, 0xb0,
    0x0, 0x0, 0x0, 0x0, 0x0, 0x19, 0xef, 0xeb,
    0x40, 0x8f, 0xff, 0x20, 0x7d, 0xff, 0xc5, 0x0,
    0x0, 0x0, 0x0, 0x0, 0x1, 0xff, 0xf9, 0xb,
    0xff, 0xff, 0xff, 0x80, 0x0, 0x0, 0x0, 0x0,
    0x9, 0xff, 0xf1, 0x4f, 0xff, 0xff, 0xff, 0xf2,
    0x0, 0x0, 0x0, 0x0, 0x2f, 0xff, 0x80, 0x8f,
    0xfb, 0x11, 0xcf, 0xf6, 0x0, 0x0, 0x0, 0x0,
    0xbf, 0xfe, 0x0, 0xbf, 0xf4, 0x0, 0x6f, 0xf9,
    0x0, 0x0, 0x0, 0x3, 0xff, 0xf7, 0x0, 0xcf,
    0xf2, 0x0, 0x5f, 0xfa, 0x0, 0x0, 0x0, 0xc,
    0xff, 0xd0, 0x0, 0xcf, 0xf2, 0x0, 0x5f, 0xfa,
    0x0, 0x0, 0x0, 0x5f, 0xff, 0x50, 0x0, 0xbf,
    0xf4, 0x0, 0x6f, 0xf9, 0x0, 0x0, 0x0, 0xdf,
    0xfc, 0x0, 0x0, 0x9f, 0xfb, 0x11, 0xcf, 0xf6,
    0x0, 0x0, 0x6, 0xff, 0xf4, 0x0, 0x0, 0x4f,
    0xff, 0xff, 0xff, 0xf2, 0x0, 0x0, 0xe, 0xff,
    0xb0, 0x0, 0x0, 0xb, 0xff, 0xff, 0xff, 0x80,
    0x0, 0x0, 0x7f, 0xff, 0x30, 0x0, 0x0, 0x0,
    0x7d, 0xff, 0xc6, 0x0,

    /* U+0026 "&" */
    0x0, 0x0, 0x0, 0x39, 0xdf, 0xfd, 0xa3, 0x0,
    0x0, 0x0, 0x0, 0x0, 0x0, 0x8f, 0xff, 0xff,
    0xff, 0xf7, 0x0, 0x0, 0x0, 0x0, 0x0, 0x7f,
    0xff, 0xff, 0xff, 0xff, 0xf3, 0x0, 0x0, 0x0,
    0x0, 0xe, 0xff, 0xff, 0x99, 0xff, 0xff, 0x90,
    0x0, 0x0, 0x0, 0x3, 0xff, 0xff, 0x60, 0x8,
    0xff, 0xfc, 0x0, 0x0, 0x0, 0x0, 0x4f, 0xff,
    0xf3, 0x0, 0x6f, 0xff, 0xc0, 0x0, 0x0, 0x0,
    0x3, 0xff, 0xff, 0x50, 0xa, 0xff, 0xf9, 0x0,
    0x0, 0x0, 0x0, 0xf, 0xff, 0xfc, 0x8, 0xff,
    0xff, 0x40, 0x0, 0x0, 0x0, 0x0, 0xaf, 0xff,
    0xfe, 0xff, 0xff, 0x90, 0x0, 0x0, 0x0, 0x0,
    0x2, 0xff, 0xff, 0xff, 0xff, 0x90, 0x0, 0x0,
    0x0, 0x0, 0x0, 0x2d, 0xff, 0xff, 0xfe, 0x60,
    0x1, 0x88, 0x87, 0x0, 0x0, 0x6f, 0xff, 0xff,
    0xff, 0xc0, 0x0, 0x5f, 0xff, 0xd0, 0x0, 0x8f,
    0xff, 0xff, 0xff, 0xff, 0xa0, 0x7, 0xff, 0xfb,
    0x0, 0x4f, 0xff, 0xfe, 0x4d, 0xff, 0xff, 0x70,
    0xbf, 0xff, 0x80, 0xd, 0xff, 0xff, 0x20, 0x2e,
    0xff, 0xff, 0x6f, 0xff, 0xf4, 0x1, 0xff, 0xff,
    0x90, 0x0, 0x4f, 0xff, 0xff, 0xff, 0xfe, 0x0,
    0x3f, 0xff, 0xf7, 0x0, 0x0, 0x5f, 0xff, 0xff,
    0xff, 0x80, 0x2, 0xff, 0xff, 0xb0, 0x0, 0x0,
    0x8f, 0xff, 0xff, 0xe1, 0x0, 0xf, 0xff, 0xff,
    0x80, 0x0, 0x3b, 0xff, 0xff, 0xf8, 0x0, 0x0,
    0x9f, 0xff, 0xff, 0xfd, 0xef, 0xff, 0xff, 0xff,
    0xe2, 0x0, 0x1, 0xef, 0xff, 0xff, 0xff, 0xff,
    0xff, 0xff, 0xff, 0xc0, 0x0, 0x2, 0xcf, 0xff,
    0xff, 0xff, 0xff, 0xe9, 0xff, 0xff, 0x90, 0x0,
    0x0, 0x5a, 0xdf, 0xfe, 0xc9, 0x40, 0x9, 0xff,
    0xff, 0x50,

    /* U+0027 "'" */
    0x5a, 0xaa, 0x87, 0xff, 0xfd, 0x6f, 0xff, 0xb5,
    0xff, 0xfa, 0x3f, 0xff, 0x92, 0xff, 0xf7, 0xf,
    0xff, 0x60, 0xff, 0xf4, 0xd, 0xff, 0x30, 0xcf,
    0xf2,

    /* U+0028 "(" */
    0x0, 0x0, 0x3, 0x44, 0x42, 0x0, 0x0, 0x4f,
    0xff, 0xf6, 0x0, 0x0, 0xdf, 0xff, 0xd0, 0x0,
    0x5, 0xff, 0xff, 0x60, 0x0, 0xc, 0xff, 0xfe,
    0x0, 0x0, 0x3f, 0xff, 0xf8, 0x0, 0x0, 0xaf,
    0xff, 0xf2, 0x0, 0x0, 0xff, 0xff, 0xc0, 0x0,
    0x6, 0xff, 0xff, 0x70, 0x0, 0xb, 0xff, 0xff,
    0x20, 0x0, 0xf, 0xff, 0xfe, 0x0, 0x0, 0x2f,
    0xff, 0xfb, 0x0, 0x0, 0x5f, 0xff, 0xf8, 0x0,
    0x0, 0x8f, 0xff, 0xf6, 0x0, 0x0, 0x9f, 0xff,
    0xf4, 0x0, 0x0, 0xaf, 0xff, 0xf4, 0x0, 0x0,
    0xbf, 0xff, 0xf3, 0x0, 0x0, 0xaf, 0xff, 0xf4,
    0x0, 0x0, 0x9f, 0xff, 0xf5, 0x0, 0x0, 0x8f,
    0xff, 0xf7, 0x0, 0x0, 0x6f, 0xff, 0xf9, 0x0,
    0x0, 0x3f, 0xff, 0xfc, 0x0, 0x0, 0xf, 0xff,
    0xff, 0x0, 0x0, 0xb, 0xff, 0xff, 0x30, 0x0,
    0x6, 0xff, 0xff, 0x80, 0x0, 0x1, 0xff, 0xff,
    0xd0, 0x0, 0x0, 0xaf, 0xff, 0xf3, 0x0, 0x0,
    0x4f, 0xff, 0xf9, 0x0, 0x0, 0xc, 0xff, 0xff,
    0x10, 0x0, 0x4, 0xff, 0xff, 0x80, 0x0, 0x0,
    0xcf, 0xff, 0xe1, 0x0, 0x0, 0x3f, 0xff, 0xf8,

    /* U+0029 ")" */
    0x34, 0x44, 0x30, 0x0, 0x0, 0x8f, 0xff, 0xf2,
    0x0, 0x0, 0x1f, 0xff, 0xfa, 0x0, 0x0, 0x9,
    0xff, 0xff, 0x20, 0x0, 0x1, 0xff, 0xff, 0x90,
    0x0, 0x0, 0xbf, 0xff, 0xf1, 0x0, 0x0, 0x4f,
    0xff, 0xf7, 0x0, 0x0, 0xe, 0xff, 0xfd, 0x0,
    0x0, 0xa, 0xff, 0xff, 0x30, 0x0, 0x5, 0xff,
    0xff, 0x80, 0x0, 0x1, 0xff, 0xff, 0xc0, 0x0,
    0x0, 0xef, 0xff, 0xf0, 0x0, 0x0, 0xbf, 0xff,
    0xf3, 0x0, 0x0, 0x9f, 0xff, 0xf5, 0x0, 0x0,
    0x7f, 0xff, 0xf7, 0x0, 0x0, 0x7f, 0xff, 0xf7,
    0x0, 0x0, 0x6f, 0xff, 0xf8, 0x0, 0x0, 0x7f,
    0xff, 0xf7, 0x0, 0x0, 0x8f, 0xff, 0xf7, 0x0,
    0x0, 0x9f, 0xff, 0xf5, 0x0, 0x0, 0xcf, 0xff,
    0xf3, 0x0, 0x0, 0xef, 0xff, 0xf0, 0x0, 0x2,
    0xff, 0xff, 0xd0, 0x0, 0x6, 0xff, 0xff, 0x80,
    0x0, 0xb, 0xff, 0xff, 0x40, 0x0, 0xf, 0xff,
    0xfe, 0x0, 0x0, 0x6f, 0xff, 0xf8, 0x0, 0x0,
    0xcf, 0xff, 0xf1, 0x0, 0x3, 0xff, 0xff, 0x90,
    0x0, 0xa, 0xff, 0xff, 0x20, 0x0, 0x2f, 0xff,
    0xf9, 0x0, 0x0, 0xaf, 0xff, 0xf1, 0x0, 0x0,

    /* U+002A "*" */
    0x0, 0x0, 0x7, 0xff, 0xf4, 0x0, 0x0, 0x0,
    0x0, 0x5, 0xff, 0xf2, 0x0, 0x0, 0x0, 0x60,
    0x3, 0xff, 0xf0, 0x1, 0x50, 0x2, 0xfe, 0x61,
    0xff, 0xd1, 0x8f, 0xe0, 0x8, 0xff, 0xfe, 0xff,
    0xef, 0xff, 0xf4, 0xd, 0xff, 0xff, 0xff, 0xff,
    0xff, 0xf9, 0x4, 0x7a, 0xcf, 0xff, 0xff, 0xc9,
    0x63, 0x0, 0x0, 0x5f, 0xff, 0xfe, 0x20, 0x0,
    0x0, 0x4, 0xff, 0xfe, 0xff, 0xe2, 0x0, 0x0,
    0x4f, 0xff, 0xe2, 0xff, 0xfe, 0x10, 0x0, 0x5f,
    0xff, 0x60, 0x9f, 0xfd, 0x20, 0x0, 0x2, 0xcd,
    0x0, 0x1f, 0xa0, 0x0, 0x0, 0x0, 0x2, 0x0,
    0x3, 0x0, 0x0,

    /* U+002B "+" */
    0x0, 0x0, 0x0, 0xb, 0xee, 0xe4, 0x0, 0x0,
    0x0, 0x0, 0x0, 0x0, 0xc, 0xff, 0xf4, 0x0,
    0x0, 0x0, 0x0, 0x0, 0x0, 0xc, 0xff, 0xf4,
    0x0, 0x0, 0x0, 0x0, 0x0, 0x0, 0xc, 0xff,
    0xf4, 0x0, 0x0, 0x0, 0x0, 0x0, 0x0, 0xc,
    0xff, 0xf4, 0x0, 0x0, 0x0, 0x0, 0x0, 0x0,
    0xc, 0xff, 0xf4, 0x0, 0x0, 0x0, 0x2, 0x22,
    0x22, 0x2c, 0xff, 0xf6, 0x22, 0x22, 0x21, 0x1f,
    0xff, 0xff, 0xff, 0xff, 0xff, 0xff, 0xff, 0xf9,
    0x1f, 0xff, 0xff, 0xff, 0xff, 0xff, 0xff, 0xff,
    0xf9, 0x1f, 0xff, 0xff, 0xff, 0xff, 0xff, 0xff,
    0xff, 0xf9, 0x1f, 0xff, 0xff, 0xff, 0xff, 0xff,
    0xff, 0xff, 0xf9, 0x0, 0x0, 0x0, 0xc, 0xff,
    0xf4, 0x0, 0x0, 0x0, 0x0, 0x0, 0x0, 0xc,
    0xff, 0xf4, 0x0, 0x0, 0x0, 0x0, 0x0, 0x0,
    0xc, 0xff, 0xf4, 0x0, 0x0, 0x0, 0x0, 0x0,
    0x0, 0xc, 0xff, 0xf4, 0x0, 0x0, 0x0, 0x0,
    0x0, 0x0, 0xc, 0xff, 0xf4, 0x0, 0x0, 0x0,
    0x0, 0x0, 0x0, 0xc, 0xff, 0xf4, 0x0, 0x0,
    0x0,

    /* U+002C "," */
    0x0, 0x3, 0xaa, 0xaa, 0x20, 0x0, 0x9f, 0xff,
    0xe0, 0x0, 0xe, 0xff, 0xf8, 0x0, 0x3, 0xff,
    0xff, 0x20, 0x0, 0x7f, 0xff, 0xc0, 0x0, 0xc,
    0xff, 0xf6, 0x0, 0x1, 0xff, 0xff, 0x0, 0x0,
    0x5f, 0xff, 0xa0, 0x0, 0xa, 0xff, 0xf3, 0x0,
    0x0, 0xef, 0xfd, 0x0, 0x0,

    /* U+002D "-" */
    0xac, 0xcc, 0xcc, 0xcc, 0xcb, 0xef, 0xff, 0xff,
    0xff, 0xff, 0xef, 0xff, 0xff, 0xff, 0xff, 0xef,
    0xff, 0xff, 0xff, 0xff,

    /* U+002E "." */
    0x25, 0x55, 0x54, 0x6f, 0xff, 0xfe, 0x6f, 0xff,
    0xfe, 0x6f, 0xff, 0xfe, 0x6f, 0xff, 0xfe, 0x6f,
    0xff, 0xfe,

    /* U+002F "/" */
    0x0, 0x0, 0x0, 0x0, 0x7, 0x88, 0x70, 0x0,
    0x0, 0x0, 0x0, 0x2f, 0xff, 0xa0, 0x0, 0x0,
    0x0, 0x0, 0x7f, 0xff, 0x50, 0x0, 0x0, 0x0,
    0x0, 0xdf, 0xff, 0x0, 0x0, 0x0, 0x0, 0x2,
    0xff, 0xfa, 0x0, 0x0, 0x0, 0x0, 0x8, 0xff,
    0xf5, 0x0, 0x0, 0x0, 0x0, 0xd, 0xff, 0xf0,
    0x0, 0x0, 0x0, 0x0, 0x2f, 0xff, 0xa0, 0x0,
    0x0, 0x0, 0x0, 0x8f, 0xff, 0x50, 0x0, 0x0,
    0x0, 0x0, 0xdf, 0xff, 0x0, 0x0, 0x0, 0x0,
    0x2, 0xff, 0xfa, 0x0, 0x0, 0x0, 0x0, 0x8,
    0xff, 0xf5, 0x0, 0x0, 0x0, 0x0, 0xd, 0xff,
    0xf0, 0x0, 0x0, 0x0, 0x0, 0x2f, 0xff, 0xa0,
    0x0, 0x0, 0x0, 0x0, 0x8f, 0xff, 0x50, 0x0,
    0x0, 0x0, 0x0, 0xdf, 0xff, 0x0, 0x0, 0x0,
    0x0, 0x2, 0xff, 0xfa, 0x0, 0x0, 0x0, 0x0,
    0x8, 0xff, 0xf5, 0x0, 0x0, 0x0, 0x0, 0xd,
    0xff, 0xf0, 0x0, 0x0, 0x0, 0x0, 0x2f, 0xff,
    0xa0, 0x0, 0x0, 0x0, 0x0, 0x8f, 0xff, 0x50,
    0x0, 0x0, 0x0, 0x0, 0xdf, 0xff, 0x0, 0x0,
    0x0, 0x0, 0x2, 0xff, 0xfa, 0x0, 0x0, 0x0,
    0x0, 0x8, 0xff, 0xf5, 0x0, 0x0, 0x0, 0x0,
    0xd, 0xff, 0xf0, 0x0, 0x0, 0x0, 0x0,

    /* U+0030 "0" */
    0x0, 0x0, 0x17, 0xce, 0xfe, 0xb6, 0x0, 0x0,
    0x0, 0x0, 0x4e, 0xff, 0xff, 0xff, 0xfd, 0x30,
    0x0, 0x0, 0x4f, 0xff, 0xff, 0xff, 0xff, 0xff,
    0x20, 0x0, 0xe, 0xff, 0xff, 0xff, 0xff, 0xff,
    0xfc, 0x0, 0x7, 0xff, 0xff, 0xc2, 0x2, 0xdf,
    0xff, 0xf4, 0x0, 0xcf, 0xff, 0xf2, 0x0, 0x3,
    0xff, 0xff, 0xa0, 0x1f, 0xff, 0xfb, 0x0, 0x0,
    0xd, 0xff, 0xff, 0x4, 0xff, 0xff, 0x70, 0x0,
    0x0, 0x9f, 0xff, 0xf2, 0x6f, 0xff, 0xf4, 0x0,
    0x0, 0x6, 0xff, 0xff, 0x48, 0xff, 0xff, 0x20,
    0x0, 0x0, 0x5f, 0xff, 0xf5, 0x8f, 0xff, 0xf2,
    0x0, 0x0, 0x4, 0xff, 0xff, 0x69, 0xff, 0xff,
    0x10, 0x0, 0x0, 0x3f, 0xff, 0xf7, 0x8f, 0xff,
    0xf2, 0x0, 0x0, 0x4, 0xff, 0xff, 0x68, 0xff,
    0xff, 0x20, 0x0, 0x0, 0x5f, 0xff, 0xf5, 0x6f,
    0xff, 0xf4, 0x0, 0x0, 0x6, 0xff, 0xff, 0x44,
    0xff, 0xff, 0x70, 0x0, 0x0, 0x9f, 0xff, 0xf2,
    0x1f, 0xff, 0xfb, 0x0, 0x0, 0xd, 0xff, 0xff,
    0x0, 0xcf, 0xff, 0xf1, 0x0, 0x3, 0xff, 0xff,
    0xa0, 0x7, 0xff, 0xff, 0xc1, 0x2, 0xdf, 0xff,
    0xf4, 0x0, 0xe, 0xff, 0xff, 0xff, 0xff, 0xff,
    0xfc, 0x0, 0x0, 0x4f, 0xff, 0xff, 0xff, 0xff,
    0xff, 0x20, 0x0, 0x0, 0x4e, 0xff, 0xff, 0xff,
    0xfe, 0x30, 0x0, 0x0, 0x0, 0x17, 0xce, 0xfe,
    0xb6, 0x0, 0x0, 0x0,

    /* U+0031 "1" */
    0x0, 0x0, 0x7f, 0xff, 0xf6, 0x0, 0x4d, 0xff,
    0xff, 0xf6, 0x2b, 0xff, 0xff, 0xff, 0xf6, 0x8f,
    0xff, 0xff, 0xff, 0xf6, 0x8f, 0xff, 0xff, 0xff,
    0xf6, 0x8f, 0xfc, 0x9f, 0xff, 0xf6, 0x8d, 0x50,
    0x6f, 0xff, 0xf6, 0x10, 0x0, 0x6f, 0xff, 0xf6,
    0x0, 0x0, 0x6f, 0xff, 0xf6, 0x0, 0x0, 0x6f,
    0xff, 0xf6, 0x0, 0x0, 0x6f, 0xff, 0xf6, 0x0,
    0x0, 0x6f, 0xff, 0xf6, 0x0, 0x0, 0x6f, 0xff,
    0xf6, 0x0, 0x0, 0x6f, 0xff, 0xf6, 0x0, 0x0,
    0x6f, 0xff, 0xf6, 0x0, 0x0, 0x6f, 0xff, 0xf6,
    0x0, 0x0, 0x6f, 0xff, 0xf6, 0x0, 0x0, 0x6f,
    0xff, 0xf6, 0x0, 0x0, 0x6f, 0xff, 0xf6, 0x0,
    0x0, 0x6f, 0xff, 0xf6, 0x0, 0x0, 0x6f, 0xff,
    0xf6, 0x0, 0x0, 0x6f, 0xff, 0xf6, 0x0, 0x0,
    0x6f, 0xff, 0xf6,

    /* U+0032 "2" */
    0x0, 0x0, 0x5a, 0xdf, 0xfe, 0xb7, 0x10, 0x0,
    0x0, 0x8e, 0xff, 0xff, 0xff, 0xff, 0xe5, 0x0,
    0xc, 0xff, 0xff, 0xff, 0xff, 0xff, 0xff, 0x60,
    0xd, 0xff, 0xff, 0xff, 0xff, 0xff, 0xff, 0xf1,
    0xd, 0xff, 0xb6, 0x34, 0x6c, 0xff, 0xff, 0xf7,
    0xd, 0xa2, 0x0, 0x0, 0x0, 0x9f, 0xff, 0xfb,
    0x4, 0x0, 0x0, 0x0, 0x0, 0x1f, 0xff, 0xfc,
    0x0, 0x0, 0x0, 0x0, 0x0, 0xf, 0xff, 0xfb,
    0x0, 0x0, 0x0, 0x0, 0x0, 0x2f, 0xff, 0xf9,
    0x0, 0x0, 0x0, 0x0, 0x0, 0x9f, 0xff, 0xf4,
    0x0, 0x0, 0x0, 0x0, 0x3, 0xff, 0xff, 0xd0,
    0x0, 0x0, 0x0, 0x0, 0x1d, 0xff, 0xff, 0x40,
    0x0, 0x0, 0x0, 0x0, 0xbf, 0xff, 0xf9, 0x0,
    0x0, 0x0, 0x0, 0x9, 0xff, 0xff, 0xc0, 0x0,
    0x0, 0x0, 0x0, 0x9f, 0xff, 0xfd, 0x10, 0x0,
    0x0, 0x0, 0x9, 0xff, 0xff, 0xd1, 0x0, 0x0,
    0x0, 0x0, 0xaf, 0xff, 0xfc, 0x10, 0x0, 0x0,
    0x0, 0x1c, 0xff, 0xff, 0xc0, 0x0, 0x0, 0x0,
    0x2, 0xdf, 0xff, 0xfa, 0x0, 0x0, 0x0, 0x0,
    0x2e, 0xff, 0xff, 0xfe, 0xee, 0xee, 0xee, 0xed,
    0x3f, 0xff, 0xff, 0xff, 0xff, 0xff, 0xff, 0xff,
    0x3f, 0xff, 0xff, 0xff, 0xff, 0xff, 0xff, 0xff,
    0x3f, 0xff, 0xff, 0xff, 0xff, 0xff, 0xff, 0xff,

    /* U+0033 "3" */
    0x0, 0x59, 0xce, 0xff, 0xea, 0x50, 0x0, 0x1,
    0xef, 0xff, 0xff, 0xff, 0xff, 0xd3, 0x0, 0x2f,
    0xff, 0xff, 0xff, 0xff, 0xff, 0xe2, 0x2, 0xff,
    0xff, 0xff, 0xff, 0xff, 0xff, 0xa0, 0x2f, 0xb5,
    0x10, 0x1, 0x9f, 0xff, 0xff, 0x1, 0x30, 0x0,
    0x0, 0x0, 0xbf, 0xff, 0xf2, 0x0, 0x0, 0x0,
    0x0, 0x8, 0xff, 0xff, 0x10, 0x0, 0x0, 0x0,
    0x0, 0xcf, 0xff, 0xd0, 0x0, 0x0, 0x0, 0x14,
    0xbf, 0xff, 0xf6, 0x0, 0x6, 0xff, 0xff, 0xff,
    0xff, 0xf9, 0x0, 0x0, 0x6f, 0xff, 0xff, 0xff,
    0xf5, 0x0, 0x0, 0x6, 0xff, 0xff, 0xff, 0xff,
    0xb3, 0x0, 0x0, 0x4b, 0xbb, 0xce, 0xff, 0xff,
    0xf4, 0x0, 0x0, 0x0, 0x0, 0x4, 0xdf, 0xff,
    0xf2, 0x0, 0x0, 0x0, 0x0, 0x2, 0xff, 0xff,
    0x90, 0x0, 0x0, 0x0, 0x0, 0xd, 0xff, 0xfd,
    0x0, 0x0, 0x0, 0x0, 0x0, 0xef, 0xff, 0xe6,
    0x10, 0x0, 0x0, 0x0, 0x5f, 0xff, 0xfc, 0xdf,
    0x95, 0x20, 0x2, 0x7f, 0xff, 0xff, 0x8d, 0xff,
    0xff, 0xff, 0xff, 0xff, 0xff, 0xe1, 0xdf, 0xff,
    0xff, 0xff, 0xff, 0xff, 0xf3, 0x9, 0xff, 0xff,
    0xff, 0xff, 0xff, 0xc3, 0x0, 0x1, 0x6a, 0xde,
    0xfe, 0xd9, 0x40, 0x0, 0x0,

    /* U+0034 "4" */
    0x0, 0x0, 0x0, 0x0, 0xaf, 0xff, 0xff, 0x60,
    0x0, 0x0, 0x0, 0x0, 0x2f, 0xff, 0xff, 0xf6,
    0x0, 0x0, 0x0, 0x0, 0xb, 0xff, 0xff, 0xff,
    0x60, 0x0, 0x0, 0x0, 0x4, 0xff, 0xff, 0xff,
    0xf6, 0x0, 0x0, 0x0, 0x0, 0xcf, 0xff, 0xff,
    0xff, 0x60, 0x0, 0x0, 0x0, 0x5f, 0xff, 0xef,
    0xff, 0xf6, 0x0, 0x0, 0x0, 0xd, 0xff, 0xf7,
    0xff, 0xff, 0x60, 0x0, 0x0, 0x6, 0xff, 0xfb,
    0x3f, 0xff, 0xf6, 0x0, 0x0, 0x0, 0xef, 0xff,
    0x33, 0xff, 0xff, 0x60, 0x0, 0x0, 0x7f, 0xff,
    0xa0, 0x3f, 0xff, 0xf6, 0x0, 0x0, 0x1e, 0xff,
    0xf2, 0x3, 0xff, 0xff, 0x60, 0x0, 0x8, 0xff,
    0xf9, 0x0, 0x3f, 0xff, 0xf6, 0x0, 0x1, 0xff,
    0xff, 0x20, 0x3, 0xff, 0xff, 0x60, 0x0, 0x9f,
    0xff, 0x90, 0x0, 0x3f, 0xff, 0xf6, 0x0, 0x2f,
    0xff, 0xf1, 0x0, 0x3, 0xff, 0xff, 0x60, 0xa,
    0xff, 0xff, 0xff, 0xff, 0xff, 0xff, 0xff, 0xfa,
    0xef, 0xff, 0xff, 0xff, 0xff, 0xff, 0xff, 0xff,
    0xae, 0xff, 0xff, 0xff, 0xff, 0xff, 0xff, 0xff,
    0xfa, 0xce, 0xee, 0xee, 0xee, 0xee, 0xff, 0xff,
    0xfe, 0x90, 0x0, 0x0, 0x0, 0x0, 0x5f, 0xff,
    0xf6, 0x0, 0x0, 0x0, 0x0, 0x0, 0x5, 0xff,
    0xff, 0x60, 0x0, 0x0, 0x0, 0x0, 0x0, 0x5f,
    0xff, 0xf6, 0x0, 0x0, 0x0, 0x0, 0x0, 0x5,
    0xff, 0xff, 0x60, 0x0,

    /* U+0035 "5" */
    0xd, 0xff, 0xff, 0xff, 0xff, 0xff, 0xfe, 0x0,
    0xd, 0xff, 0xff, 0xff, 0xff, 0xff, 0xfe, 0x0,
    0xd, 0xff, 0xff, 0xff, 0xff, 0xff, 0xfe, 0x0,
    0xe, 0xff, 0xff, 0xee, 0xee, 0xee, 0xed, 0x0,
    0xe, 0xff, 0xfd, 0x0, 0x0, 0x0, 0x0, 0x0,
    0xf, 0xff, 0xfc, 0x0, 0x0, 0x0, 0x0, 0x0,
    0xf, 0xff, 0xfc, 0x0, 0x0, 0x0, 0x0, 0x0,
    0xf, 0xff, 0xfc, 0x34, 0x20, 0x0, 0x0, 0x0,
    0xf, 0xff, 0xff, 0xff, 0xff, 0xb4, 0x0, 0x0,
    0xf, 0xff, 0xff, 0xff, 0xff, 0xff, 0xa0, 0x0,
    0x1f, 0xff, 0xff, 0xff, 0xff, 0xff, 0xfb, 0x0,
    0x1f, 0xb6, 0x31, 0x14, 0xaf, 0xff, 0xff, 0x60,
    0x1, 0x0, 0x0, 0x0, 0x7, 0xff, 0xff, 0xc0,
    0x0, 0x0, 0x0, 0x0, 0x0, 0xcf, 0xff, 0xf1,
    0x0, 0x0, 0x0, 0x0, 0x0, 0x8f, 0xff, 0xf2,
    0x0, 0x0, 0x0, 0x0, 0x0, 0x8f, 0xff, 0xf3,
    0x0, 0x0, 0x0, 0x0, 0x0, 0xcf, 0xff, 0xf2,
    0x40, 0x0, 0x0, 0x0, 0x5, 0xff, 0xff, 0xe0,
    0xed, 0x83, 0x0, 0x1, 0x7f, 0xff, 0xff, 0x90,
    0xef, 0xff, 0xff, 0xef, 0xff, 0xff, 0xfe, 0x10,
    0xef, 0xff, 0xff, 0xff, 0xff, 0xff, 0xf3, 0x0,
    0xef, 0xff, 0xff, 0xff, 0xff, 0xfc, 0x20, 0x0,
    0x5, 0x8b, 0xdf, 0xff, 0xda, 0x40, 0x0, 0x0,

    /* U+0036 "6" */
    0x0, 0x0, 0x0, 0x4a, 0xdf, 0xfe, 0xda, 0x60,
    0x0, 0x0, 0x3, 0xdf, 0xff, 0xff, 0xff, 0xfe,
    0x0, 0x0, 0x5, 0xff, 0xff, 0xff, 0xff, 0xff,
    0xe0, 0x0, 0x3, 0xff, 0xff, 0xff, 0xff, 0xff,
    0xfe, 0x0, 0x0, 0xdf, 0xff, 0xfc, 0x40, 0x0,
    0x15, 0x90, 0x0, 0x5f, 0xff, 0xf8, 0x0, 0x0,
    0x0, 0x0, 0x0, 0xb, 0xff, 0xfb, 0x0, 0x0,
    0x0, 0x0, 0x0, 0x0, 0xef, 0xff, 0x66, 0xbe,
    0xff, 0xd9, 0x20, 0x0, 0x2f, 0xff, 0xff, 0xff,
    0xff, 0xff, 0xff, 0x50, 0x5, 0xff, 0xff, 0xff,
    0xff, 0xff, 0xff, 0xff, 0x20, 0x6f, 0xff, 0xff,
    0xfc, 0x9b, 0xff, 0xff, 0xfa, 0x7, 0xff, 0xff,
    0xf7, 0x0, 0x3, 0xff, 0xff, 0xf0, 0x8f, 0xff,
    0xfc, 0x0, 0x0, 0x9, 0xff, 0xff, 0x37, 0xff,
    0xff, 0x80, 0x0, 0x0, 0x6f, 0xff, 0xf4, 0x6f,
    0xff, 0xf7, 0x0, 0x0, 0x4, 0xff, 0xff, 0x54,
    0xff, 0xff, 0x70, 0x0, 0x0, 0x5f, 0xff, 0xf4,
    0x1f, 0xff, 0xfa, 0x0, 0x0, 0x7, 0xff, 0xff,
    0x30, 0xcf, 0xff, 0xf1, 0x0, 0x0, 0xcf, 0xff,
    0xf0, 0x7, 0xff, 0xff, 0xc2, 0x0, 0x8f, 0xff,
    0xfa, 0x0, 0xe, 0xff, 0xff, 0xfe, 0xff, 0xff,
    0xff, 0x30, 0x0, 0x4f, 0xff, 0xff, 0xff, 0xff,
    0xff, 0x70, 0x0, 0x0, 0x5f, 0xff, 0xff, 0xff,
    0xff, 0x70, 0x0, 0x0, 0x0, 0x17, 0xce, 0xfe,
    0xc8, 0x20, 0x0, 0x0,

    /* U+0037 "7" */
    0x4f, 0xff, 0xff, 0xff, 0xff, 0xff, 0xff, 0xff,
    0x34, 0xff, 0xff, 0xff, 0xff, 0xff, 0xff, 0xff,
    0xf3, 0x4f, 0xff, 0xff, 0xff, 0xff, 0xff, 0xff,
    0xff, 0x33, 0xee, 0xee, 0xee, 0xee, 0xee, 0xff,
    0xff, 0xf1, 0x0, 0x0, 0x0, 0x0, 0x0, 0x8f,
    0xff, 0xf6, 0x0, 0x0, 0x0, 0x0, 0x0, 0x3f,
    0xff, 0xfb, 0x0, 0x0, 0x0, 0x0, 0x0, 0xc,
    0xff, 0xff, 0x10, 0x0, 0x0, 0x0, 0x0, 0x6,
    0xff, 0xff, 0x70, 0x0, 0x0, 0x0, 0x0, 0x0,
    0xef, 0xff, 0xd0, 0x0, 0x0, 0x0, 0x0, 0x0,
    0x6f, 0xff, 0xf5, 0x0, 0x0, 0x0, 0x0, 0x0,
    0xe, 0xff, 0xfd, 0x0, 0x0, 0x0, 0x0, 0x0,
    0x5, 0xff, 0xff, 0x60, 0x0, 0x0, 0x0, 0x0,
    0x0, 0xbf, 0xff, 0xf0, 0x0, 0x0, 0x0, 0x0,
    0x0, 0x1f, 0xff, 0xfa, 0x0, 0x0, 0x0, 0x0,
    0x0, 0x6, 0xff, 0xff, 0x40, 0x0, 0x0, 0x0,
    0x0, 0x0, 0xbf, 0xff, 0xf0, 0x0, 0x0, 0x0,
    0x0, 0x0, 0xf, 0xff, 0xfb, 0x0, 0x0, 0x0,
    0x0, 0x0, 0x4, 0xff, 0xff, 0x70, 0x0, 0x0,
    0x0, 0x0, 0x0, 0x7f, 0xff, 0xf4, 0x0, 0x0,
    0x0, 0x0, 0x0, 0xa, 0xff, 0xff, 0x10, 0x0,
    0x0, 0x0, 0x0, 0x0, 0xdf, 0xff, 0xe0, 0x0,
    0x0, 0x0, 0x0, 0x0, 0xf, 0xff, 0xfb, 0x0,
    0x0, 0x0, 0x0, 0x0, 0x2, 0xff, 0xff, 0x90,
    0x0, 0x0, 0x0, 0x0,

    /* U+0038 "8" */
    0x0, 0x0, 0x4a, 0xdf, 0xff, 0xd9, 0x40, 0x0,
    0x0, 0x1, 0xcf, 0xff, 0xff, 0xff, 0xff, 0xc1,
    0x0, 0x0, 0xdf, 0xff, 0xff, 0xff, 0xff, 0xff,
    0xd0, 0x0, 0x8f, 0xff, 0xff, 0xfe, 0xff, 0xff,
    0xff, 0x70, 0xd, 0xff, 0xff, 0x60, 0x0, 0x8f,
    0xff, 0xfb, 0x0, 0xff, 0xff, 0xc0, 0x0, 0x0,
    0xef, 0xff, 0xd0, 0xe, 0xff, 0xfb, 0x0, 0x0,
    0xd, 0xff, 0xfb, 0x0, 0xaf, 0xff, 0xf3, 0x0,
    0x5, 0xff, 0xff, 0x70, 0x2, 0xff, 0xff, 0xfc,
    0xac, 0xff, 0xff, 0xd0, 0x0, 0x4, 0xff, 0xff,
    0xff, 0xff, 0xff, 0xd2, 0x0, 0x0, 0x2, 0xdf,
    0xff, 0xff, 0xff, 0xa0, 0x0, 0x0, 0x5, 0xef,
    0xff, 0xff, 0xff, 0xff, 0xd3, 0x0, 0x6, 0xff,
    0xff, 0xff, 0xff, 0xff, 0xff, 0xf3, 0x1, 0xff,
    0xff, 0xf8, 0x20, 0x2a, 0xff, 0xff, 0xd0, 0x6f,
    0xff, 0xf8, 0x0, 0x0, 0xa, 0xff, 0xff, 0x49,
    0xff, 0xff, 0x20, 0x0, 0x0, 0x4f, 0xff, 0xf7,
    0xaf, 0xff, 0xf2, 0x0, 0x0, 0x4, 0xff, 0xff,
    0x89, 0xff, 0xff, 0x60, 0x0, 0x0, 0x8f, 0xff,
    0xf6, 0x6f, 0xff, 0xff, 0x60, 0x0, 0x6f, 0xff,
    0xff, 0x30, 0xef, 0xff, 0xff, 0xff, 0xff, 0xff,
    0xff, 0xc0, 0x5, 0xff, 0xff, 0xff, 0xff, 0xff,
    0xff, 0xf2, 0x0, 0x4, 0xef, 0xff, 0xff, 0xff,
    0xff, 0xd2, 0x0, 0x0, 0x0, 0x5a, 0xdf, 0xfe,
    0xda, 0x40, 0x0, 0x0,

    /* U+0039 "9" */
    0x0, 0x0, 0x39, 0xdf, 0xfe, 0xb6, 0x0, 0x0,
    0x0, 0x0, 0xaf, 0xff, 0xff, 0xff, 0xfe, 0x40,
    0x0, 0x0, 0xcf, 0xff, 0xff, 0xff, 0xff, 0xff,
    0x20, 0x0, 0x7f, 0xff, 0xff, 0xff, 0xff, 0xff,
    0xfc, 0x0, 0xe, 0xff, 0xff, 0x60, 0x3, 0xdf,
    0xff, 0xf4, 0x3, 0xff, 0xff, 0x90, 0x0, 0x2,
    0xff, 0xff, 0xa0, 0x6f, 0xff, 0xf4, 0x0, 0x0,
    0xc, 0xff, 0xfe, 0x8, 0xff, 0xff, 0x20, 0x0,
    0x0, 0x9f, 0xff, 0xf1, 0x7f, 0xff, 0xf2, 0x0,
    0x0, 0xa, 0xff, 0xff, 0x46, 0xff, 0xff, 0x50,
    0x0, 0x0, 0xdf, 0xff, 0xf5, 0x3f, 0xff, 0xfd,
    0x10, 0x0, 0x8f, 0xff, 0xff, 0x50, 0xef, 0xff,
    0xfe, 0xaa, 0xdf, 0xff, 0xff, 0xf5, 0x6, 0xff,
    0xff, 0xff, 0xff, 0xff, 0xff, 0xff, 0x30, 0x9,
    0xff, 0xff, 0xff, 0xff, 0xff, 0xff, 0xf2, 0x0,
    0x4, 0xae, 0xff, 0xea, 0x58, 0xff, 0xff, 0x0,
    0x0, 0x0, 0x0, 0x0, 0x0, 0xbf, 0xff, 0xc0,
    0x0, 0x0, 0x0, 0x0, 0x0, 0x3f, 0xff, 0xf8,
    0x0, 0x0, 0x0, 0x0, 0x0, 0x1d, 0xff, 0xff,
    0x30, 0x1, 0xd5, 0x0, 0x1, 0x7e, 0xff, 0xff,
    0xb0, 0x0, 0x1f, 0xff, 0xee, 0xff, 0xff, 0xff,
    0xe2, 0x0, 0x1, 0xff, 0xff, 0xff, 0xff, 0xff,
    0xe3, 0x0, 0x0, 0x1f, 0xff, 0xff, 0xff, 0xff,
    0xb2, 0x0, 0x0, 0x0, 0x7b, 0xde, 0xff, 0xd9,
    0x30, 0x0, 0x0, 0x0,

    /* U+003A ":" */
    0x2f, 0xff, 0xff, 0x12, 0xff, 0xff, 0xf1, 0x2f,
    0xff, 0xff, 0x12, 0xff, 0xff, 0xf1, 0x2f, 0xff,
    0xff, 0x10, 0x55, 0x55, 0x50, 0x0, 0x0, 0x0,
    0x0, 0x0, 0x0, 0x0, 0x0, 0x0, 0x0, 0x0,
    0x0, 0x0, 0x0, 0x0, 0x0, 0x0, 0x0, 0x0,
    0x0, 0x0, 0x5, 0x55, 0x55, 0x2, 0xff, 0xff,
    0xf1, 0x2f, 0xff, 0xff, 0x12, 0xff, 0xff, 0xf1,
    0x2f, 0xff, 0xff, 0x12, 0xff, 0xff, 0xf1,

    /* U+003B ";" */
    0x0, 0x2f, 0xff, 0xff, 0x20, 0x2, 0xff, 0xff,
    0xf2, 0x0, 0x2f, 0xff, 0xff, 0x20, 0x2, 0xff,
    0xff, 0xf2, 0x0, 0x2f, 0xff, 0xff, 0x20, 0x0,
    0x55, 0x55, 0x50, 0x0, 0x0, 0x0, 0x0, 0x0,
    0x0, 0x0, 0x0, 0x0, 0x0, 0x0, 0x0, 0x0,
    0x0, 0x0, 0x0, 0x0, 0x0, 0x0, 0x0, 0x0,
    0x0, 0x0, 0x0, 0x0, 0x0, 0x0, 0x0, 0x7,
    0xaa, 0xa9, 0x0, 0x0, 0xef, 0xff, 0x90, 0x0,
    0x3f, 0xff, 0xf3, 0x0, 0x8, 0xff, 0xfd, 0x0,
    0x0, 0xdf, 0xff, 0x70, 0x0, 0x1f, 0xff, 0xf1,
    0x0, 0x6, 0xff, 0xfa, 0x0, 0x0, 0xaf, 0xff,
    0x40, 0x0, 0xf, 0xff, 0xe0, 0x0, 0x4, 0xff,
    0xf8, 0x0, 0x0,

    /* U+003C "<" */
    0x0, 0x0, 0x0, 0x0, 0x0, 0x0, 0x0, 0x0,
    0x0, 0x0, 0x0, 0x0, 0x0, 0x0, 0x0, 0x0,
    0x4, 0xb9, 0x0, 0x0, 0x0, 0x0, 0x0, 0x0,
    0x17, 0xdf, 0xf9, 0x0, 0x0, 0x0, 0x0, 0x0,
    0x39, 0xff, 0xff, 0xf9, 0x0, 0x0, 0x0, 0x0,
    0x6c, 0xff, 0xff, 0xff, 0xf9, 0x0, 0x0, 0x2,
    0x8e, 0xff, 0xff, 0xff, 0xfe, 0x71, 0x0, 0x5,
    0xbf, 0xff, 0xff, 0xff, 0xfa, 0x40, 0x0, 0x7,
    0xef, 0xff, 0xff, 0xff, 0xd7, 0x10, 0x0, 0x0,
    0x1f, 0xff, 0xff, 0xff, 0xa4, 0x0, 0x0, 0x0,
    0x0, 0x1f, 0xff, 0xfd, 0x71, 0x0, 0x0, 0x0,
    0x0, 0x0, 0x1f, 0xff, 0xe5, 0x0, 0x0, 0x0,
    0x0, 0x0, 0x0, 0x1f, 0xff, 0xff, 0xe8, 0x20,
    0x0, 0x0, 0x0, 0x0, 0xf, 0xff, 0xff, 0xff,
    0xfb, 0x50, 0x0, 0x0, 0x0, 0x0, 0x6d, 0xff,
    0xff, 0xff, 0xfe, 0x82, 0x0, 0x0, 0x0, 0x0,
    0x4a, 0xff, 0xff, 0xff, 0xff, 0xc5, 0x0, 0x0,
    0x0, 0x0, 0x17, 0xef, 0xff, 0xff, 0xff, 0xe6,
    0x0, 0x0, 0x0, 0x0, 0x5, 0xbf, 0xff, 0xff,
    0xf9, 0x0, 0x0, 0x0, 0x0, 0x0, 0x2, 0x9e,
    0xff, 0xf9, 0x0, 0x0, 0x0, 0x0, 0x0, 0x0,
    0x0, 0x6c, 0xf9, 0x0, 0x0, 0x0, 0x0, 0x0,
    0x0, 0x0, 0x0, 0x35,

    /* U+003D "=" */
    0x5, 0x55, 0x55, 0x55, 0x55, 0x55, 0x55, 0x55,
    0x53, 0x1f, 0xff, 0xff, 0xff, 0xff, 0xff, 0xff,
    0xff, 0xf9, 0x1f, 0xff, 0xff, 0xff, 0xff, 0xff,
    0xff, 0xff, 0xf9, 0x1f, 0xff, 0xff, 0xff, 0xff,
    0xff, 0xff, 0xff, 0xf9, 0x1f, 0xff, 0xff, 0xff,
    0xff, 0xff, 0xff, 0xff, 0xf9, 0x0, 0x0, 0x0,
    0x0, 0x0, 0x0, 0x0, 0x0, 0x0, 0x0, 0x0,
    0x0, 0x0, 0x0, 0x0, 0x0, 0x0, 0x0, 0x0,
    0x0, 0x0, 0x0, 0x0, 0x0, 0x0, 0x0, 0x0,
    0x5, 0x55, 0x55, 0x55, 0x55, 0x55, 0x55, 0x55,
    0x53, 0x1f, 0xff, 0xff, 0xff, 0xff, 0xff, 0xff,
    0xff, 0xf9, 0x1f, 0xff, 0xff, 0xff, 0xff, 0xff,
    0xff, 0xff, 0xf9, 0x1f, 0xff, 0xff, 0xff, 0xff,
    0xff, 0xff, 0xff, 0xf9, 0x1f, 0xff, 0xff, 0xff,
    0xff, 0xff, 0xff, 0xff, 0xf9,

    /* U+003E ">" */
    0x0, 0x0, 0x0, 0x0, 0x0, 0x0, 0x0, 0x0,
    0x0, 0x1e, 0x71, 0x0, 0x0, 0x0, 0x0, 0x0,
    0x0, 0x0, 0x1f, 0xff, 0xa3, 0x0, 0x0, 0x0,
    0x0, 0x0, 0x0, 0x1f, 0xff, 0xff, 0xd6, 0x0,
    0x0, 0x0, 0x0, 0x0, 0x1f, 0xff, 0xff, 0xff,
    0xf9, 0x20, 0x0, 0x0, 0x0, 0x4, 0xbf, 0xff,
    0xff, 0xff, 0xfc, 0x50, 0x0, 0x0, 0x0, 0x1,
    0x7d, 0xff, 0xff, 0xff, 0xfe, 0x81, 0x0, 0x0,
    0x0, 0x0, 0x4a, 0xff, 0xff, 0xff, 0xff, 0xb3,
    0x0, 0x0, 0x0, 0x0, 0x17, 0xdf, 0xff, 0xff,
    0xf9, 0x0, 0x0, 0x0, 0x0, 0x0, 0x3, 0xaf,
    0xff, 0xf9, 0x0, 0x0, 0x0, 0x0, 0x0, 0x0,
    0x19, 0xff, 0xf9, 0x0, 0x0, 0x0, 0x0, 0x0,
    0x5b, 0xff, 0xff, 0xf9, 0x0, 0x0, 0x0, 0x2,
    0x8e, 0xff, 0xff, 0xff, 0xf8, 0x0, 0x0, 0x5,
    0xbf, 0xff, 0xff, 0xff, 0xfa, 0x30, 0x0, 0x28,
    0xef, 0xff, 0xff, 0xff, 0xd7, 0x10, 0x0, 0xc,
    0xff, 0xff, 0xff, 0xff, 0xb4, 0x0, 0x0, 0x0,
    0x1f, 0xff, 0xff, 0xfe, 0x82, 0x0, 0x0, 0x0,
    0x0, 0x1f, 0xff, 0xfc, 0x50, 0x0, 0x0, 0x0,
    0x0, 0x0, 0x1f, 0xf9, 0x30, 0x0, 0x0, 0x0,
    0x0, 0x0, 0x0, 0x6, 0x0, 0x0, 0x0, 0x0,
    0x0, 0x0, 0x0, 0x0,

    /* U+003F "?" */
    0x6a, 0xde, 0xff, 0xfd, 0xb6, 0x0, 0xc, 0xff,
    0xff, 0xff, 0xff, 0xfe, 0x20, 0xcf, 0xff, 0xff,
    0xff, 0xff, 0xfd, 0xc, 0xff, 0xff, 0xff, 0xff,
    0xff, 0xf3, 0x65, 0x21, 0x12, 0x6f, 0xff, 0xff,
    0x60, 0x0, 0x0, 0x0, 0x9f, 0xff, 0xf7, 0x0,
    0x0, 0x0, 0x8, 0xff, 0xff, 0x60, 0x0, 0x0,
    0x0, 0xaf, 0xff, 0xf5, 0x0, 0x0, 0x0, 0x2f,
    0xff, 0xff, 0x10, 0x0, 0x0, 0x2e, 0xff, 0xff,
    0xa0, 0x0, 0x0, 0x3e, 0xff, 0xff, 0xc0, 0x0,
    0x0, 0xd, 0xff, 0xff, 0xb0, 0x0, 0x0, 0x6,
    0xff, 0xff, 0x80, 0x0, 0x0, 0x0, 0x9f, 0xff,
    0xa0, 0x0, 0x0, 0x0, 0xa, 0xff, 0xf4, 0x0,
    0x0, 0x0, 0x0, 0x59, 0x99, 0x20, 0x0, 0x0,
    0x0, 0x0, 0x0, 0x0, 0x0, 0x0, 0x0, 0x1,
    0x44, 0x44, 0x30, 0x0, 0x0, 0x0, 0x4f, 0xff,
    0xfe, 0x0, 0x0, 0x0, 0x4, 0xff, 0xff, 0xe0,
    0x0, 0x0, 0x0, 0x4f, 0xff, 0xfe, 0x0, 0x0,
    0x0, 0x4, 0xff, 0xff, 0xe0, 0x0, 0x0, 0x0,
    0x4f, 0xff, 0xfe, 0x0, 0x0, 0x0,

    /* U+0040 "@" */
    0x0, 0x0, 0x0, 0x0, 0x4, 0x9c, 0xef, 0xfe,
    0xc9, 0x50, 0x0, 0x0, 0x0, 0x0, 0x0, 0x0,
    0x7, 0xef, 0xff, 0xff, 0xff, 0xff, 0xfe, 0x70,
    0x0, 0x0, 0x0, 0x0, 0x3, 0xdf, 0xff, 0xff,
    0xff, 0xff, 0xff, 0xff, 0xfc, 0x10, 0x0, 0x0,
    0x0, 0x5f, 0xff, 0xff, 0xff, 0xcb, 0xbc, 0xff,
    0xff, 0xff, 0xd1, 0x0, 0x0, 0x5, 0xff, 0xff,
    0xfa, 0x30, 0x0, 0x0, 0x3, 0xaf, 0xff, 0xfa,
    0x0, 0x0, 0x2f, 0xff, 0xfe, 0x30, 0x0, 0x0,
    0x0, 0x0, 0x4, 0xff, 0xff, 0x40, 0x0, 0xcf,
    0xff, 0xd1, 0x0, 0x3, 0x67, 0x30, 0x23, 0x31,
    0x5f, 0xff, 0xa0, 0x5, 0xff, 0xff, 0x20, 0x2,
    0xcf, 0xff, 0xf6, 0xef, 0xf6, 0xc, 0xff, 0xf0,
    0xc, 0xff, 0xf8, 0x0, 0x3e, 0xff, 0xff, 0xff,
    0xff, 0xf3, 0x7, 0xff, 0xf2, 0x2f, 0xff, 0xf1,
    0x0, 0xdf, 0xff, 0xff, 0xff, 0xff, 0xf0, 0x4,
    0xff, 0xf4, 0x6f, 0xff, 0xa0, 0x8, 0xff, 0xfd,
    0x20, 0x9f, 0xff, 0xd0, 0x3, 0xff, 0xf5, 0x9f,
    0xff, 0x60, 0xd, 0xff, 0xf2, 0x0, 0x3f, 0xff,
    0xa0, 0x3, 0xff, 0xf4, 0xcf, 0xff, 0x30, 0x2f,
    0xff, 0xc0, 0x0, 0x3f, 0xff, 0x70, 0x4, 0xff,
    0xf3, 0xdf, 0xff, 0x10, 0x4f, 0xff, 0x80, 0x0,
    0x6f, 0xff, 0x40, 0x5, 0xff, 0xf1, 0xdf, 0xff,
    0x10, 0x6f, 0xff, 0x70, 0x0, 0xaf, 0xff, 0x20,
    0x9, 0xff, 0xc0, 0xcf, 0xff, 0x20, 0x6f, 0xff,
    0x90, 0x3, 0xff, 0xff, 0x20, 0xe, 0xff, 0x80,
    0xbf, 0xff, 0x30, 0x3f, 0xff, 0xf9, 0xaf, 0xff,
    0xff, 0x92, 0x9f, 0xff, 0x10, 0x9f, 0xff, 0x70,
    0xe, 0xff, 0xff, 0xff, 0xff, 0xff, 0xff, 0xff,
    0xf7, 0x0, 0x5f, 0xff, 0xb0, 0x4, 0xff, 0xff,
    0xff, 0xc3, 0xef, 0xff, 0xff, 0xa0, 0x0, 0x1f,
    0xff, 0xf3, 0x0, 0x3b, 0xff, 0xd7, 0x0, 0x2a,
    0xef, 0xc6, 0x0, 0x0, 0xa, 0xff, 0xfe, 0x10,
    0x0, 0x0, 0x0, 0x0, 0x0, 0x0, 0x0, 0x0,
    0x0, 0x2, 0xff, 0xff, 0xe4, 0x0, 0x0, 0x0,
    0x0, 0x0, 0x0, 0x0, 0x0, 0x0, 0x0, 0x5f,
    0xff, 0xff, 0xd7, 0x41, 0x0, 0x0, 0x0, 0x0,
    0x0, 0x0, 0x0, 0x0, 0x7, 0xff, 0xff, 0xff,
    0xff, 0xf7, 0x0, 0x0, 0x0, 0x0, 0x0, 0x0,
    0x0, 0x0, 0x3d, 0xff, 0xff, 0xff, 0xf6, 0x0,
    0x0, 0x0, 0x0, 0x0, 0x0, 0x0, 0x0, 0x0,
    0x5c, 0xff, 0xff, 0xf6, 0x0, 0x0, 0x0, 0x0,
    0x0, 0x0, 0x0, 0x0, 0x0, 0x0, 0x4, 0x78,
    0x93, 0x0, 0x0, 0x0, 0x0, 0x0, 0x0,

    /* U+0041 "A" */
    0x0, 0x0, 0x0, 0xe, 0xff, 0xff, 0xff, 0xff,
    0x20, 0x0, 0x0, 0x0, 0x0, 0x0, 0x3, 0xff,
    0xff, 0xff, 0xff, 0xf6, 0x0, 0x0, 0x0, 0x0,
    0x0, 0x0, 0x8f, 0xff, 0xff, 0xff, 0xff, 0xb0,
    0x0, 0x0, 0x0, 0x0, 0x0, 0xc, 0xff, 0xff,
    0xbf, 0xff, 0xff, 0x0, 0x0, 0x0, 0x0, 0x0,
    0x1, 0xff, 0xff, 0xf3, 0xff, 0xff, 0xf4, 0x0,
    0x0, 0x0, 0x0, 0x0, 0x5f, 0xff, 0xfe, 0xc,
    0xff, 0xff, 0x80, 0x0, 0x0, 0x0, 0x0, 0xa,
    0xff, 0xff, 0xa0, 0x8f, 0xff, 0xfd, 0x0, 0x0,
    0x0, 0x0, 0x0, 0xef, 0xff, 0xf6, 0x4, 0xff,
    0xff, 0xf1, 0x0, 0x0, 0x0, 0x0, 0x3f, 0xff,
    0xff, 0x20, 0xf, 0xff, 0xff, 0x60, 0x0, 0x0,
    0x0, 0x7, 0xff, 0xff, 0xe0, 0x0, 0xcf, 0xff,
    0xfa, 0x0, 0x0, 0x0, 0x0, 0xcf, 0xff, 0xfa,
    0x0, 0x7, 0xff, 0xff, 0xf0, 0x0, 0x0, 0x0,
    0x1f, 0xff, 0xff, 0x60, 0x0, 0x3f, 0xff, 0xff,
    0x30, 0x0, 0x0, 0x5, 0xff, 0xff, 0xf2, 0x0,
    0x0, 0xff, 0xff, 0xf8, 0x0, 0x0, 0x0, 0x9f,
    0xff, 0xff, 0xff, 0xff, 0xff, 0xff, 0xff, 0xd0,
    0x0, 0x0, 0xe, 0xff, 0xff, 0xff, 0xff, 0xff,
    0xff, 0xff, 0xff, 0x10, 0x0, 0x2, 0xff, 0xff,
    0xff, 0xff, 0xff, 0xff, 0xff, 0xff, 0xf6, 0x0,
    0x0, 0x7f, 0xff, 0xff, 0xee, 0xee, 0xee, 0xef,
    0xff, 0xff, 0xa0, 0x0, 0xb, 0xff, 0xff, 0xd0,
    0x0, 0x0, 0x0, 0xaf, 0xff, 0xfe, 0x0, 0x0,
    0xff, 0xff, 0xf8, 0x0, 0x0, 0x0, 0x6, 0xff,
    0xff, 0xf3, 0x0, 0x4f, 0xff, 0xff, 0x40, 0x0,
    0x0, 0x0, 0x1f, 0xff, 0xff, 0x80, 0x9, 0xff,
    0xff, 0xf0, 0x0, 0x0, 0x0, 0x0, 0xdf, 0xff,
    0xfc, 0x0, 0xdf, 0xff, 0xfb, 0x0, 0x0, 0x0,
    0x0, 0x8, 0xff, 0xff, 0xf1, 0x2f, 0xff, 0xff,
    0x60, 0x0, 0x0, 0x0, 0x0, 0x4f, 0xff, 0xff,
    0x50,

    /* U+0042 "B" */
    0x1f, 0xff, 0xff, 0xff, 0xff, 0xff, 0xeb, 0x60,
    0x0, 0x0, 0x1f, 0xff, 0xff, 0xff, 0xff, 0xff,
    0xff, 0xfc, 0x10, 0x0, 0x1f, 0xff, 0xff, 0xff,
    0xff, 0xff, 0xff, 0xff, 0xd0, 0x0, 0x1f, 0xff,
    0xff, 0x86, 0x66, 0x9f, 0xff, 0xff, 0xf6, 0x0,
    0x1f, 0xff, 0xff, 0x30, 0x0, 0x2, 0xff, 0xff,
    0xfb, 0x0, 0x1f, 0xff, 0xff, 0x30, 0x0, 0x0,
    0xaf, 0xff, 0xfd, 0x0, 0x1f, 0xff, 0xff, 0x30,
    0x0, 0x0, 0x7f, 0xff, 0xfd, 0x0, 0x1f, 0xff,
    0xff, 0x30, 0x0, 0x0, 0x8f, 0xff, 0xfa, 0x0,
    0x1f, 0xff, 0xff, 0x30, 0x0, 0x0, 0xef, 0xff,
    0xf3, 0x0, 0x1f, 0xff, 0xff, 0x52, 0x22, 0x4c,
    0xff, 0xff, 0x70, 0x0, 0x1f, 0xff, 0xff, 0xff,
    0xff, 0xff, 0xff, 0xf7, 0x0, 0x0, 0x1f, 0xff,
    0xff, 0xff, 0xff, 0xff, 0xff, 0xfd, 0x40, 0x0,
    0x1f, 0xff, 0xff, 0xff, 0xff, 0xff, 0xff, 0xff,
    0xf6, 0x0, 0x1f, 0xff, 0xff, 0x30, 0x0, 0x3,
    0x9f, 0xff, 0xff, 0x40, 0x1f, 0xff, 0xff, 0x30,
    0x0, 0x0, 0x7, 0xff, 0xff, 0xd0, 0x1f, 0xff,
    0xff, 0x30, 0x0, 0x0, 0x1, 0xff, 0xff, 0xf2,
    0x1f, 0xff, 0xff, 0x30, 0x0, 0x0, 0x3, 0xff,
    0xff, 0xf4, 0x1f, 0xff, 0xff, 0x30, 0x0, 0x0,
    0x8, 0xff, 0xff, 0xf2, 0x1f, 0xff, 0xff, 0x30,
    0x0, 0x1, 0x7f, 0xff, 0xff, 0xf0, 0x1f, 0xff,
    0xff, 0xff, 0xff, 0xff, 0xff, 0xff, 0xff, 0x90,
    0x1f, 0xff, 0xff, 0xff, 0xff, 0xff, 0xff, 0xff,
    0xfd, 0x10, 0x1f, 0xff, 0xff, 0xff, 0xff, 0xff,
    0xff, 0xff, 0xc2, 0x0, 0x1f, 0xff, 0xff, 0xff,
    0xff, 0xff, 0xfe, 0xa5, 0x0, 0x0,

    /* U+0043 "C" */
    0x0, 0x0, 0x0, 0x1, 0x6a, 0xdf, 0xff, 0xec,
    0x95, 0x0, 0x0, 0x0, 0x2, 0xaf, 0xff, 0xff,
    0xff, 0xff, 0xff, 0xf3, 0x0, 0x0, 0x7f, 0xff,
    0xff, 0xff, 0xff, 0xff, 0xff, 0xf4, 0x0, 0x9,
    0xff, 0xff, 0xff, 0xff, 0xff, 0xff, 0xff, 0xf4,
    0x0, 0x7f, 0xff, 0xff, 0xfe, 0x84, 0x22, 0x24,
    0x7b, 0xf4, 0x2, 0xff, 0xff, 0xff, 0x80, 0x0,
    0x0, 0x0, 0x0, 0x1, 0xa, 0xff, 0xff, 0xf7,
    0x0, 0x0, 0x0, 0x0, 0x0, 0x0, 0x1f, 0xff,
    0xff, 0xc0, 0x0, 0x0, 0x0, 0x0, 0x0, 0x0,
    0x5f, 0xff, 0xff, 0x50, 0x0, 0x0, 0x0, 0x0,
    0x0, 0x0, 0x8f, 0xff, 0xff, 0x10, 0x0, 0x0,
    0x0, 0x0, 0x0, 0x0, 0xaf, 0xff, 0xfe, 0x0,
    0x0, 0x0, 0x0, 0x0, 0x0, 0x0, 0xbf, 0xff,
    0xfd, 0x0, 0x0, 0x0, 0x0, 0x0, 0x0, 0x0,
    0xaf, 0xff, 0xfd, 0x0, 0x0, 0x0, 0x0, 0x0,
    0x0, 0x0, 0x9f, 0xff, 0xff, 0x0, 0x0, 0x0,
    0x0, 0x0, 0x0, 0x0, 0x6f, 0xff, 0xff, 0x50,
    0x0, 0x0, 0x0, 0x0, 0x0, 0x0, 0x2f, 0xff,
    0xff, 0xd0, 0x0, 0x0, 0x0, 0x0, 0x0, 0x0,
    0xc, 0xff, 0xff, 0xfa, 0x0, 0x0, 0x0, 0x0,
    0x0, 0x0, 0x4, 0xff, 0xff, 0xff, 0xb1, 0x0,
    0x0, 0x0, 0x0, 0x32, 0x0, 0x9f, 0xff, 0xff,
    0xff, 0xa5, 0x32, 0x34, 0x8c, 0xf4, 0x0, 0xb,
    0xff, 0xff, 0xff, 0xff, 0xff, 0xff, 0xff, 0xf4,
    0x0, 0x0, 0x8f, 0xff, 0xff, 0xff, 0xff, 0xff,
    0xff, 0xf4, 0x0, 0x0, 0x3, 0xbf, 0xff, 0xff,
    0xff, 0xff, 0xff, 0xf3, 0x0, 0x0, 0x0, 0x2,
    0x7a, 0xdf, 0xff, 0xfd, 0xb7, 0x20,

    /* U+0044 "D" */
    0x1f, 0xff, 0xff, 0xff, 0xff, 0xed, 0xa6, 0x10,
    0x0, 0x0, 0x1, 0xff, 0xff, 0xff, 0xff, 0xff,
    0xff, 0xff, 0x70, 0x0, 0x0, 0x1f, 0xff, 0xff,
    0xff, 0xff, 0xff, 0xff, 0xff, 0xc1, 0x0, 0x1,
    0xff, 0xff, 0xff, 0xff, 0xff, 0xff, 0xff, 0xff,
    0xc0, 0x0, 0x1f, 0xff, 0xff, 0x30, 0x1, 0x3a,
    0xff, 0xff, 0xff, 0x70, 0x1, 0xff, 0xff, 0xf3,
    0x0, 0x0, 0x7, 0xff, 0xff, 0xff, 0x0, 0x1f,
    0xff, 0xff, 0x30, 0x0, 0x0, 0xa, 0xff, 0xff,
    0xf6, 0x1, 0xff, 0xff, 0xf3, 0x0, 0x0, 0x0,
    0x1f, 0xff, 0xff, 0xb0, 0x1f, 0xff, 0xff, 0x30,
    0x0, 0x0, 0x0, 0xbf, 0xff, 0xfe, 0x1, 0xff,
    0xff, 0xf3, 0x0, 0x0, 0x0, 0x6, 0xff, 0xff,
    0xf1, 0x1f, 0xff, 0xff, 0x30, 0x0, 0x0, 0x0,
    0x5f, 0xff, 0xff, 0x21, 0xff, 0xff, 0xf3, 0x0,
    0x0, 0x0, 0x3, 0xff, 0xff, 0xf3, 0x1f, 0xff,
    0xff, 0x30, 0x0, 0x0, 0x0, 0x4f, 0xff, 0xff,
    0x21, 0xff, 0xff, 0xf3, 0x0, 0x0, 0x0, 0x6,
    0xff, 0xff, 0xf1, 0x1f, 0xff, 0xff, 0x30, 0x0,
    0x0, 0x0, 0xaf, 0xff, 0xff, 0x1, 0xff, 0xff,
    0xf3, 0x0, 0x0, 0x0, 0x1f, 0xff, 0xff, 0xb0,
    0x1f, 0xff, 0xff, 0x30, 0x0, 0x0, 0x9, 0xff,
    0xff, 0xf7, 0x1, 0xff, 0xff, 0xf3, 0x0, 0x0,
    0x6, 0xff, 0xff, 0xff, 0x10, 0x1f, 0xff, 0xff,
    0x30, 0x0, 0x3a, 0xff, 0xff, 0xff, 0x90, 0x1,
    0xff, 0xff, 0xff, 0xff, 0xff, 0xff, 0xff, 0xff,
    0xd0, 0x0, 0x1f, 0xff, 0xff, 0xff, 0xff, 0xff,
    0xff, 0xff, 0xd2, 0x0, 0x1, 0xff, 0xff, 0xff,
    0xff, 0xff, 0xff, 0xff, 0x90, 0x0, 0x0, 0x1f,
    0xff, 0xff, 0xff, 0xff, 0xed, 0xa6, 0x10, 0x0,
    0x0, 0x0,

    /* U+0045 "E" */
    0x1f, 0xff, 0xff, 0xff, 0xff, 0xff, 0xff, 0xff,
    0xa1, 0xff, 0xff, 0xff, 0xff, 0xff, 0xff, 0xff,
    0xfa, 0x1f, 0xff, 0xff, 0xff, 0xff, 0xff, 0xff,
    0xff, 0xa1, 0xff, 0xff, 0xff, 0xff, 0xff, 0xff,
    0xff, 0xfa, 0x1f, 0xff, 0xff, 0x87, 0x77, 0x77,
    0x77, 0x77, 0x41, 0xff, 0xff, 0xf3, 0x0, 0x0,
    0x0, 0x0, 0x0, 0x1f, 0xff, 0xff, 0x30, 0x0,
    0x0, 0x0, 0x0, 0x1, 0xff, 0xff, 0xf3, 0x0,
    0x0, 0x0, 0x0, 0x0, 0x1f, 0xff, 0xff, 0x30,
    0x0, 0x0, 0x0, 0x0, 0x1, 0xff, 0xff, 0xf4,
    0x22, 0x22, 0x22, 0x22, 0x0, 0x1f, 0xff, 0xff,
    0xff, 0xff, 0xff, 0xff, 0xf4, 0x1, 0xff, 0xff,
    0xff, 0xff, 0xff, 0xff, 0xff, 0x40, 0x1f, 0xff,
    0xff, 0xff, 0xff, 0xff, 0xff, 0xf4, 0x1, 0xff,
    0xff, 0xff, 0xff, 0xff, 0xff, 0xff, 0x40, 0x1f,
    0xff, 0xff, 0x30, 0x0, 0x0, 0x0, 0x0, 0x1,
    0xff, 0xff, 0xf3, 0x0, 0x0, 0x0, 0x0, 0x0,
    0x1f, 0xff, 0xff, 0x30, 0x0, 0x0, 0x0, 0x0,
    0x1, 0xff, 0xff, 0xf3, 0x0, 0x0, 0x0, 0x0,
    0x0, 0x1f, 0xff, 0xff, 0x86, 0x66, 0x66, 0x66,
    0x66, 0x41, 0xff, 0xff, 0xff, 0xff, 0xff, 0xff,
    0xff, 0xfa, 0x1f, 0xff, 0xff, 0xff, 0xff, 0xff,
    0xff, 0xff, 0xa1, 0xff, 0xff, 0xff, 0xff, 0xff,
    0xff, 0xff, 0xfa, 0x1f, 0xff, 0xff, 0xff, 0xff,
    0xff, 0xff, 0xff, 0xa0,

    /* U+0046 "F" */
    0x1f, 0xff, 0xff, 0xff, 0xff, 0xff, 0xff, 0xfc,
    0x1f, 0xff, 0xff, 0xff, 0xff, 0xff, 0xff, 0xfc,
    0x1f, 0xff, 0xff, 0xff, 0xff, 0xff, 0xff, 0xfc,
    0x1f, 0xff, 0xff, 0xff, 0xff, 0xff, 0xff, 0xfc,
    0x1f, 0xff, 0xff, 0x86, 0x66, 0x66, 0x66, 0x64,
    0x1f, 0xff, 0xff, 0x30, 0x0, 0x0, 0x0, 0x0,
    0x1f, 0xff, 0xff, 0x30, 0x0, 0x0, 0x0, 0x0,
    0x1f, 0xff, 0xff, 0x30, 0x0, 0x0, 0x0, 0x0,
    0x1f, 0xff, 0xff, 0x30, 0x0, 0x0, 0x0, 0x0,
    0x1f, 0xff, 0xff, 0x41, 0x11, 0x11, 0x11, 0x0,
    0x1f, 0xff, 0xff, 0xff, 0xff, 0xff, 0xff, 0x70,
    0x1f, 0xff, 0xff, 0xff, 0xff, 0xff, 0xff, 0x70,
    0x1f, 0xff, 0xff, 0xff, 0xff, 0xff, 0xff, 0x70,
    0x1f, 0xff, 0xff, 0xff, 0xff, 0xff, 0xff, 0x70,
    0x1f, 0xff, 0xff, 0x30, 0x0, 0x0, 0x0, 0x0,
    0x1f, 0xff, 0xff, 0x30, 0x0, 0x0, 0x0, 0x0,
    0x1f, 0xff, 0xff, 0x30, 0x0, 0x0, 0x0, 0x0,
    0x1f, 0xff, 0xff, 0x30, 0x0, 0x0, 0x0, 0x0,
    0x1f, 0xff, 0xff, 0x30, 0x0, 0x0, 0x0, 0x0,
    0x1f, 0xff, 0xff, 0x30, 0x0, 0x0, 0x0, 0x0,
    0x1f, 0xff, 0xff, 0x30, 0x0, 0x0, 0x0, 0x0,
    0x1f, 0xff, 0xff, 0x30, 0x0, 0x0, 0x0, 0x0,
    0x1f, 0xff, 0xff, 0x30, 0x0, 0x0, 0x0, 0x0,

    /* U+0047 "G" */
    0x0, 0x0, 0x0, 0x1, 0x6a, 0xde, 0xff, 0xeb,
    0x95, 0x0, 0x0, 0x0, 0x1, 0x9f, 0xff, 0xff,
    0xff, 0xff, 0xff, 0xf3, 0x0, 0x0, 0x4e, 0xff,
    0xff, 0xff, 0xff, 0xff, 0xff, 0xf4, 0x0, 0x5,
    0xff, 0xff, 0xff, 0xff, 0xff, 0xff, 0xff, 0xf4,
    0x0, 0x4f, 0xff, 0xff, 0xfc, 0x63, 0x10, 0x13,
    0x59, 0xd4, 0x1, 0xef, 0xff, 0xff, 0x50, 0x0,
    0x0, 0x0, 0x0, 0x0, 0x8, 0xff, 0xff, 0xf3,
    0x0, 0x0, 0x0, 0x0, 0x0, 0x0, 0xe, 0xff,
    0xff, 0x80, 0x0, 0x0, 0x0, 0x0, 0x0, 0x0,
    0x4f, 0xff, 0xff, 0x10, 0x0, 0x0, 0x0, 0x0,
    0x0, 0x0, 0x7f, 0xff, 0xfc, 0x0, 0x0, 0x0,
    0x1, 0x11, 0x11, 0x10, 0xaf, 0xff, 0xfa, 0x0,
    0x0, 0x0, 0xf, 0xff, 0xff, 0xfe, 0xbf, 0xff,
    0xf8, 0x0, 0x0, 0x0, 0xf, 0xff, 0xff, 0xfe,
    0xaf, 0xff, 0xf9, 0x0, 0x0, 0x0, 0xf, 0xff,
    0xff, 0xfe, 0x9f, 0xff, 0xfb, 0x0, 0x0, 0x0,
    0xf, 0xff, 0xff, 0xfe, 0x6f, 0xff, 0xff, 0x0,
    0x0, 0x0, 0x0, 0x8, 0xff, 0xfe, 0x2f, 0xff,
    0xff, 0x80, 0x0, 0x0, 0x0, 0x8, 0xff, 0xfe,
    0xc, 0xff, 0xff, 0xf5, 0x0, 0x0, 0x0, 0x8,
    0xff, 0xfe, 0x4, 0xff, 0xff, 0xff, 0x80, 0x0,
    0x0, 0x8, 0xff, 0xfe, 0x0, 0x8f, 0xff, 0xff,
    0xff, 0xa6, 0x54, 0x4a, 0xff, 0xfe, 0x0, 0xa,
    0xff, 0xff, 0xff, 0xff, 0xff, 0xff, 0xff, 0xfe,
    0x0, 0x0, 0x8f, 0xff, 0xff, 0xff, 0xff, 0xff,
    0xff, 0xfe, 0x0, 0x0, 0x2, 0xbf, 0xff, 0xff,
    0xff, 0xff, 0xff, 0xfb, 0x0, 0x0, 0x0, 0x2,
    0x6a, 0xdf, 0xff, 0xed, 0xb7, 0x20,

    /* U+0048 "H" */
    0x1f, 0xff, 0xff, 0x30, 0x0, 0x0, 0x0, 0x3f,
    0xff, 0xff, 0x11, 0xff, 0xff, 0xf3, 0x0, 0x0,
    0x0, 0x3, 0xff, 0xff, 0xf1, 0x1f, 0xff, 0xff,
    0x30, 0x0, 0x0, 0x0, 0x3f, 0xff, 0xff, 0x11,
    0xff, 0xff, 0xf3, 0x0, 0x0, 0x0, 0x3, 0xff,
    0xff, 0xf1, 0x1f, 0xff, 0xff, 0x30, 0x0, 0x0,
    0x0, 0x3f, 0xff, 0xff, 0x11, 0xff, 0xff, 0xf3,
    0x0, 0x0, 0x0, 0x3, 0xff, 0xff, 0xf1, 0x1f,
    0xff, 0xff, 0x30, 0x0, 0x0, 0x0, 0x3f, 0xff,
    0xff, 0x11, 0xff, 0xff, 0xf3, 0x0, 0x0, 0x0,
    0x3, 0xff, 0xff, 0xf1, 0x1f, 0xff, 0xff, 0x30,
    0x0, 0x0, 0x0, 0x3f, 0xff, 0xff, 0x11, 0xff,
    0xff, 0xff, 0xff, 0xff, 0xff, 0xff, 0xff, 0xff,
    0xf1, 0x1f, 0xff, 0xff, 0xff, 0xff, 0xff, 0xff,
    0xff, 0xff, 0xff, 0x11, 0xff, 0xff, 0xff, 0xff,
    0xff, 0xff, 0xff, 0xff, 0xff, 0xf1, 0x1f, 0xff,
    0xff, 0xff, 0xff, 0xff, 0xff, 0xff, 0xff, 0xff,
    0x11, 0xff, 0xff, 0xf8, 0x66, 0x66, 0x66, 0x68,
    0xff, 0xff, 0xf1, 0x1f, 0xff, 0xff, 0x30, 0x0,
    0x0, 0x0, 0x3f, 0xff, 0xff, 0x11, 0xff, 0xff,
    0xf3, 0x0, 0x0, 0x0, 0x3, 0xff, 0xff, 0xf1,
    0x1f, 0xff, 0xff, 0x30, 0x0, 0x0, 0x0, 0x3f,
    0xff, 0xff, 0x11, 0xff, 0xff, 0xf3, 0x0, 0x0,
    0x0, 0x3, 0xff, 0xff, 0xf1, 0x1f, 0xff, 0xff,
    0x30, 0x0, 0x0, 0x0, 0x3f, 0xff, 0xff, 0x11,
    0xff, 0xff, 0xf3, 0x0, 0x0, 0x0, 0x3, 0xff,
    0xff, 0xf1, 0x1f, 0xff, 0xff, 0x30, 0x0, 0x0,
    0x0, 0x3f, 0xff, 0xff, 0x11, 0xff, 0xff, 0xf3,
    0x0, 0x0, 0x0, 0x3, 0xff, 0xff, 0xf1, 0x1f,
    0xff, 0xff, 0x30, 0x0, 0x0, 0x0, 0x3f, 0xff,
    0xff, 0x10,

    /* U+0049 "I" */
    0xff, 0xff, 0xf4, 0xff, 0xff, 0xf4, 0xff, 0xff,
    0xf4, 0xff, 0xff, 0xf4, 0xff, 0xff, 0xf4, 0xff,
    0xff, 0xf4, 0xff, 0xff, 0xf4, 0xff, 0xff, 0xf4,
    0xff, 0xff, 0xf4, 0xff, 0xff, 0xf4, 0xff, 0xff,
    0xf4, 0xff, 0xff, 0xf4, 0xff, 0xff, 0xf4, 0xff,
    0xff, 0xf4, 0xff, 0xff, 0xf4, 0xff, 0xff, 0xf4,
    0xff, 0xff, 0xf4, 0xff, 0xff, 0xf4, 0xff, 0xff,
    0xf4, 0xff, 0xff, 0xf4, 0xff, 0xff, 0xf4, 0xff,
    0xff, 0xf4, 0xff, 0xff, 0xf4,

    /* U+004A "J" */
    0x0, 0x0, 0xaf, 0xff, 0xfa, 0x0, 0x0, 0xaf,
    0xff, 0xfa, 0x0, 0x0, 0xaf, 0xff, 0xfa, 0x0,
    0x0, 0xaf, 0xff, 0xfa, 0x0, 0x0, 0xaf, 0xff,
    0xfa, 0x0, 0x0, 0xaf, 0xff, 0xfa, 0x0, 0x0,
    0xaf, 0xff, 0xfa, 0x0, 0x0, 0xaf, 0xff, 0xfa,
    0x0, 0x0, 0xaf, 0xff, 0xfa, 0x0, 0x0, 0xaf,
    0xff, 0xfa, 0x0, 0x0, 0xaf, 0xff, 0xfa, 0x0,
    0x0, 0xaf, 0xff, 0xfa, 0x0, 0x0, 0xaf, 0xff,
    0xfa, 0x0, 0x0, 0xaf, 0xff, 0xfa, 0x0, 0x0,
    0xaf, 0xff, 0xfa, 0x0, 0x0, 0xaf, 0xff, 0xfa,
    0x0, 0x0, 0xaf, 0xff, 0xfa, 0x0, 0x0, 0xaf,
    0xff, 0xfa, 0x0, 0x0, 0xaf, 0xff, 0xfa, 0x0,
    0x0, 0xbf, 0xff, 0xf9, 0x0, 0x0, 0xdf, 0xff,
    0xf8, 0x0, 0x2, 0xff, 0xff, 0xf6, 0x0, 0x3d,
    0xff, 0xff, 0xf2, 0xaf, 0xff, 0xff, 0xff, 0xc0,
    0xaf, 0xff, 0xff, 0xff, 0x40, 0xaf, 0xff, 0xff,
    0xf6, 0x0, 0xaf, 0xff, 0xfc, 0x30, 0x0, 0x7b,
    0xa7, 0x30, 0x0, 0x0,

    /* U+004B "K" */
    0x1f, 0xff, 0xff, 0x30, 0x0, 0x0, 0xb, 0xff,
    0xff, 0xf1, 0x1, 0xff, 0xff, 0xf3, 0x0, 0x0,
    0x5, 0xff, 0xff, 0xf6, 0x0, 0x1f, 0xff, 0xff,
    0x30, 0x0, 0x1, 0xef, 0xff, 0xfb, 0x0, 0x1,
    0xff, 0xff, 0xf3, 0x0, 0x0, 0xaf, 0xff, 0xff,
    0x10, 0x0, 0x1f, 0xff, 0xff, 0x30, 0x0, 0x4f,
    0xff, 0xff, 0x60, 0x0, 0x1, 0xff, 0xff, 0xf3,
    0x0, 0xe, 0xff, 0xff, 0xb0, 0x0, 0x0, 0x1f,
    0xff, 0xff, 0x30, 0x9, 0xff, 0xff, 0xf1, 0x0,
    0x0, 0x1, 0xff, 0xff, 0xf3, 0x3, 0xff, 0xff,
    0xf6, 0x0, 0x0, 0x0, 0x1f, 0xff, 0xff, 0x30,
    0xdf, 0xff, 0xfb, 0x0, 0x0, 0x0, 0x1, 0xff,
    0xff, 0xf7, 0x9f, 0xff, 0xff, 0x10, 0x0, 0x0,
    0x0, 0x1f, 0xff, 0xff, 0xff, 0xff, 0xff, 0x60,
    0x0, 0x0, 0x0, 0x1, 0xff, 0xff, 0xff, 0xff,
    0xff, 0xe0, 0x0, 0x0, 0x0, 0x0, 0x1f, 0xff,
    0xff, 0xff, 0xff, 0xff, 0xa0, 0x0, 0x0, 0x0,
    0x1, 0xff, 0xff, 0xff, 0xff, 0xff, 0xff, 0xa0,
    0x0, 0x0, 0x0, 0x1f, 0xff, 0xff, 0x30, 0x6f,
    0xff, 0xff, 0x90, 0x0, 0x0, 0x1, 0xff, 0xff,
    0xf3, 0x0, 0x6f, 0xff, 0xff, 0x60, 0x0, 0x0,
    0x1f, 0xff, 0xff, 0x30, 0x0, 0x8f, 0xff, 0xff,
    0x30, 0x0, 0x1, 0xff, 0xff, 0xf3, 0x0, 0x0,
    0xaf, 0xff, 0xfe, 0x10, 0x0, 0x1f, 0xff, 0xff,
    0x30, 0x0, 0x0, 0xdf, 0xff, 0xfa, 0x0, 0x1,
    0xff, 0xff, 0xf3, 0x0, 0x0, 0x3, 0xff, 0xff,
    0xf5, 0x0, 0x1f, 0xff, 0xff, 0x30, 0x0, 0x0,
    0x9, 0xff, 0xff, 0xe1, 0x1, 0xff, 0xff, 0xf3,
    0x0, 0x0, 0x0, 0xe, 0xff, 0xff, 0x90, 0x1f,
    0xff, 0xff, 0x30, 0x0, 0x0, 0x0, 0x4f, 0xff,
    0xff, 0x30,

    /* U+004C "L" */
    0x1f, 0xff, 0xff, 0x30, 0x0, 0x0, 0x0, 0x0,
    0x1f, 0xff, 0xff, 0x30, 0x0, 0x0, 0x0, 0x0,
    0x1f, 0xff, 0xff, 0x30, 0x0, 0x0, 0x0, 0x0,
    0x1f, 0xff, 0xff, 0x30, 0x0, 0x0, 0x0, 0x0,
    0x1f, 0xff, 0xff, 0x30, 0x0, 0x0, 0x0, 0x0,
    0x1f, 0xff, 0xff, 0x30, 0x0, 0x0, 0x0, 0x0,
    0x1f, 0xff, 0xff, 0x30, 0x0, 0x0, 0x0, 0x0,
    0x1f, 0xff, 0xff, 0x30, 0x0, 0x0, 0x0, 0x0,
    0x1f, 0xff, 0xff, 0x30, 0x0, 0x0, 0x0, 0x0,
    0x1f, 0xff, 0xff, 0x30, 0x0, 0x0, 0x0, 0x0,
    0x1f, 0xff, 0xff, 0x30, 0x0, 0x0, 0x0, 0x0,
    0x1f, 0xff, 0xff, 0x30, 0x0, 0x0, 0x0, 0x0,
    0x1f, 0xff, 0xff, 0x30, 0x0, 0x0, 0x0, 0x0,
    0x1f, 0xff, 0xff, 0x30, 0x0, 0x0, 0x0, 0x0,
    0x1f, 0xff, 0xff, 0x30, 0x0, 0x0, 0x0, 0x0,
    0x1f, 0xff, 0xff, 0x30, 0x0, 0x0, 0x0, 0x0,
    0x1f, 0xff, 0xff, 0x30, 0x0, 0x0, 0x0, 0x0,
    0x1f, 0xff, 0xff, 0x30, 0x0, 0x0, 0x0, 0x0,
    0x1f, 0xff, 0xff, 0x86, 0x66, 0x66, 0x66, 0x61,
    0x1f, 0xff, 0xff, 0xff, 0xff, 0xff, 0xff, 0xf4,
    0x1f, 0xff, 0xff, 0xff, 0xff, 0xff, 0xff, 0xf4,
    0x1f, 0xff, 0xff, 0xff, 0xff, 0xff, 0xff, 0xf4,
    0x1f, 0xff, 0xff, 0xff, 0xff, 0xff, 0xff, 0xf4,

    /* U+004D "M" */
    0x1f, 0xff, 0xff, 0xff, 0xff, 0x30, 0x0, 0x0,
    0xcf, 0xff, 0xff, 0xff, 0xf8, 0x1f, 0xff, 0xff,
    0xff, 0xff, 0x60, 0x0, 0x0, 0xff, 0xff, 0xff,
    0xff, 0xf8, 0x1f, 0xff, 0xff, 0xff, 0xff, 0x90,
    0x0, 0x2, 0xff, 0xff, 0xff, 0xff, 0xf8, 0x1f,
    0xff, 0xff, 0xff, 0xff, 0xc0, 0x0, 0x5, 0xff,
    0xff, 0xff, 0xff, 0xf8, 0x1f, 0xff, 0xff, 0xaf,
    0xff, 0xe0, 0x0, 0x8, 0xff, 0xff, 0xaf, 0xff,
    0xf8, 0x1f, 0xff, 0xff, 0x6f, 0xff, 0xf1, 0x0,
    0xb, 0xff, 0xfd, 0x9f, 0xff, 0xf8, 0x1f, 0xff,
    0xff, 0x3f, 0xff, 0xf4, 0x0, 0xe, 0xff, 0xfa,
    0x9f, 0xff, 0xf8, 0x1f, 0xff, 0xff, 0xf, 0xff,
    0xf7, 0x0, 0x1f, 0xff, 0xf7, 0x9f, 0xff, 0xf8,
    0x1f, 0xff, 0xff, 0xc, 0xff, 0xfa, 0x0, 0x4f,
    0xff, 0xf4, 0x9f, 0xff, 0xf8, 0x1f, 0xff, 0xff,
    0x9, 0xff, 0xfd, 0x0, 0x7f, 0xff, 0xf0, 0x9f,
    0xff, 0xf8, 0x1f, 0xff, 0xff, 0x6, 0xff, 0xff,
    0x0, 0xaf, 0xff, 0xd0, 0x9f, 0xff, 0xf8, 0x1f,
    0xff, 0xff, 0x3, 0xff, 0xff, 0x30, 0xdf, 0xff,
    0xa0, 0x9f, 0xff, 0xf8, 0x1f, 0xff, 0xff, 0x0,
    0xff, 0xff, 0x60, 0xff, 0xff, 0x70, 0x9f, 0xff,
    0xf8, 0x1f, 0xff, 0xff, 0x0, 0xcf, 0xff, 0x93,
    0xff, 0xff, 0x30, 0x9f, 0xff, 0xf8, 0x1f, 0xff,
    0xff, 0x0, 0x9f, 0xff, 0xc5, 0xff, 0xff, 0x0,
    0x9f, 0xff, 0xf8, 0x1f, 0xff, 0xff, 0x0, 0x6f,
    0xff, 0xf9, 0xff, 0xfd, 0x0, 0x9f, 0xff, 0xf8,
    0x1f, 0xff, 0xff, 0x0, 0x3f, 0xff, 0xfe, 0xff,
    0xfa, 0x0, 0x9f, 0xff, 0xf8, 0x1f, 0xff, 0xff,
    0x0, 0xf, 0xff, 0xff, 0xff, 0xf6, 0x0, 0x9f,
    0xff, 0xf8, 0x1f, 0xff, 0xff, 0x0, 0xc, 0xff,
    0xff, 0xff, 0xf3, 0x0, 0x9f, 0xff, 0xf8, 0x1f,
    0xff, 0xff, 0x0, 0x9, 0xff, 0xff, 0xff, 0xf0,
    0x0, 0x9f, 0xff, 0xf8, 0x1f, 0xff, 0xff, 0x0,
    0x6, 0xff, 0xff, 0xff, 0xd0, 0x0, 0x9f, 0xff,
    0xf8, 0x1f, 0xff, 0xff, 0x0, 0x3, 0xff, 0xff,
    0xff, 0x90, 0x0, 0x9f, 0xff, 0xf8, 0x1f, 0xff,
    0xff, 0x0, 0x0, 0xff, 0xff, 0xff, 0x60, 0x0,
    0x9f, 0xff, 0xf8,

    /* U+004E "N" */
    0x1f, 0xff, 0xff, 0xff, 0xf7, 0x0, 0x0, 0xe,
    0xff, 0xff, 0x41, 0xff, 0xff, 0xff, 0xff, 0xc0,
    0x0, 0x0, 0xef, 0xff, 0xf4, 0x1f, 0xff, 0xff,
    0xff, 0xff, 0x10, 0x0, 0xe, 0xff, 0xff, 0x41,
    0xff, 0xff, 0xff, 0xff, 0xf5, 0x0, 0x0, 0xef,
    0xff, 0xf4, 0x1f, 0xff, 0xff, 0xff, 0xff, 0xa0,
    0x0, 0xe, 0xff, 0xff, 0x41, 0xff, 0xff, 0xfb,
    0xff, 0xff, 0x0, 0x0, 0xef, 0xff, 0xf4, 0x1f,
    0xff, 0xff, 0x6f, 0xff, 0xf3, 0x0, 0xe, 0xff,
    0xff, 0x41, 0xff, 0xff, 0xf2, 0xff, 0xff, 0x80,
    0x0, 0xef, 0xff, 0xf4, 0x1f, 0xff, 0xff, 0x1b,
    0xff, 0xfd, 0x0, 0xe, 0xff, 0xff, 0x41, 0xff,
    0xff, 0xf1, 0x6f, 0xff, 0xf2, 0x0, 0xef, 0xff,
    0xf4, 0x1f, 0xff, 0xff, 0x11, 0xff, 0xff, 0x60,
    0xe, 0xff, 0xff, 0x41, 0xff, 0xff, 0xf1, 0xc,
    0xff, 0xfb, 0x0, 0xef, 0xff, 0xf4, 0x1f, 0xff,
    0xff, 0x10, 0x7f, 0xff, 0xf0, 0xe, 0xff, 0xff,
    0x41, 0xff, 0xff, 0xf1, 0x3, 0xff, 0xff, 0x40,
    0xef, 0xff, 0xf4, 0x1f, 0xff, 0xff, 0x10, 0xe,
    0xff, 0xf9, 0xe, 0xff, 0xff, 0x41, 0xff, 0xff,
    0xf1, 0x0, 0x9f, 0xff, 0xe0, 0xef, 0xff, 0xf4,
    0x1f, 0xff, 0xff, 0x10, 0x4, 0xff, 0xff, 0x2e,
    0xff, 0xff, 0x41, 0xff, 0xff, 0xf1, 0x0, 0xf,
    0xff, 0xf7, 0xef, 0xff, 0xf4, 0x1f, 0xff, 0xff,
    0x10, 0x0, 0xaf, 0xff, 0xef, 0xff, 0xff, 0x41,
    0xff, 0xff, 0xf1, 0x0, 0x6, 0xff, 0xff, 0xff,
    0xff, 0xf4, 0x1f, 0xff, 0xff, 0x10, 0x0, 0x1f,
    0xff, 0xff, 0xff, 0xff, 0x41, 0xff, 0xff, 0xf1,
    0x0, 0x0, 0xcf, 0xff, 0xff, 0xff, 0xf4, 0x1f,
    0xff, 0xff, 0x10, 0x0, 0x7, 0xff, 0xff, 0xff,
    0xff, 0x40,

    /* U+004F "O" */
    0x0, 0x0, 0x0, 0x5, 0xad, 0xef, 0xfe, 0xb7,
    0x20, 0x0, 0x0, 0x0, 0x0, 0x0, 0x7, 0xef,
    0xff, 0xff, 0xff, 0xff, 0xfb, 0x20, 0x0, 0x0,
    0x0, 0x1, 0xcf, 0xff, 0xff, 0xff, 0xff, 0xff,
    0xff, 0xf5, 0x0, 0x0, 0x0, 0x1d, 0xff, 0xff,
    0xff, 0xff, 0xff, 0xff, 0xff, 0xff, 0x50, 0x0,
    0x0, 0xbf, 0xff, 0xff, 0xf8, 0x20, 0x15, 0xdf,
    0xff, 0xff, 0xf2, 0x0, 0x5, 0xff, 0xff, 0xff,
    0x30, 0x0, 0x0, 0xb, 0xff, 0xff, 0xfb, 0x0,
    0xc, 0xff, 0xff, 0xf4, 0x0, 0x0, 0x0, 0x0,
    0xdf, 0xff, 0xff, 0x20, 0x1f, 0xff, 0xff, 0xb0,
    0x0, 0x0, 0x0, 0x0, 0x5f, 0xff, 0xff, 0x70,
    0x6f, 0xff, 0xff, 0x60, 0x0, 0x0, 0x0, 0x0,
    0xf, 0xff, 0xff, 0xc0, 0x8f, 0xff, 0xff, 0x10,
    0x0, 0x0, 0x0, 0x0, 0xb, 0xff, 0xff, 0xe0,
    0xaf, 0xff, 0xff, 0x0, 0x0, 0x0, 0x0, 0x0,
    0x9, 0xff, 0xff, 0xf0, 0xbf, 0xff, 0xfe, 0x0,
    0x0, 0x0, 0x0, 0x0, 0x8, 0xff, 0xff, 0xf1,
    0xaf, 0xff, 0xfe, 0x0, 0x0, 0x0, 0x0, 0x0,
    0x8, 0xff, 0xff, 0xf0, 0x9f, 0xff, 0xff, 0x0,
    0x0, 0x0, 0x0, 0x0, 0xa, 0xff, 0xff, 0xf0,
    0x7f, 0xff, 0xff, 0x30, 0x0, 0x0, 0x0, 0x0,
    0xd, 0xff, 0xff, 0xd0, 0x3f, 0xff, 0xff, 0x80,
    0x0, 0x0, 0x0, 0x0, 0x2f, 0xff, 0xff, 0x90,
    0xe, 0xff, 0xff, 0xf1, 0x0, 0x0, 0x0, 0x0,
    0xaf, 0xff, 0xff, 0x40, 0x7, 0xff, 0xff, 0xfc,
    0x0, 0x0, 0x0, 0x7, 0xff, 0xff, 0xfd, 0x0,
    0x0, 0xdf, 0xff, 0xff, 0xd6, 0x10, 0x4, 0xbf,
    0xff, 0xff, 0xf4, 0x0, 0x0, 0x3f, 0xff, 0xff,
    0xff, 0xff, 0xff, 0xff, 0xff, 0xff, 0x80, 0x0,
    0x0, 0x3, 0xef, 0xff, 0xff, 0xff, 0xff, 0xff,
    0xff, 0xf8, 0x0, 0x0, 0x0, 0x0, 0x19, 0xff,
    0xff, 0xff, 0xff, 0xff, 0xfc, 0x40, 0x0, 0x0,
    0x0, 0x0, 0x0, 0x16, 0xad, 0xff, 0xfe, 0xb8,
    0x30, 0x0, 0x0, 0x0,

    /* U+0050 "P" */
    0x1f, 0xff, 0xff, 0xff, 0xff, 0xff, 0xed, 0x92,
    0x0, 0x0, 0x1f, 0xff, 0xff, 0xff, 0xff, 0xff,
    0xff, 0xff, 0x90, 0x0, 0x1f, 0xff, 0xff, 0xff,
    0xff, 0xff, 0xff, 0xff, 0xfa, 0x0, 0x1f, 0xff,
    0xff, 0xff, 0xff, 0xff, 0xff, 0xff, 0xff, 0x40,
    0x1f, 0xff, 0xff, 0x74, 0x44, 0x45, 0x8f, 0xff,
    0xff, 0xb0, 0x1f, 0xff, 0xff, 0x30, 0x0, 0x0,
    0x3, 0xff, 0xff, 0xf0, 0x1f, 0xff, 0xff, 0x30,
    0x0, 0x0, 0x0, 0xbf, 0xff, 0xf2, 0x1f, 0xff,
    0xff, 0x30, 0x0, 0x0, 0x0, 0x8f, 0xff, 0xf3,
    0x1f, 0xff, 0xff, 0x30, 0x0, 0x0, 0x0, 0xbf,
    0xff, 0xf2, 0x1f, 0xff, 0xff, 0x30, 0x0, 0x0,
    0x3, 0xff, 0xff, 0xf0, 0x1f, 0xff, 0xff, 0x74,
    0x44, 0x45, 0x8f, 0xff, 0xff, 0xb0, 0x1f, 0xff,
    0xff, 0xff, 0xff, 0xff, 0xff, 0xff, 0xff, 0x40,
    0x1f, 0xff, 0xff, 0xff, 0xff, 0xff, 0xff, 0xff,
    0xfa, 0x0, 0x1f, 0xff, 0xff, 0xff, 0xff, 0xff,
    0xff, 0xff, 0x90, 0x0, 0x1f, 0xff, 0xff, 0xff,
    0xff, 0xff, 0xfd, 0x92, 0x0, 0x0, 0x1f, 0xff,
    0xff, 0x30, 0x0, 0x0, 0x0, 0x0, 0x0, 0x0,
    0x1f, 0xff, 0xff, 0x30, 0x0, 0x0, 0x0, 0x0,
    0x0, 0x0, 0x1f, 0xff, 0xff, 0x30, 0x0, 0x0,
    0x0, 0x0, 0x0, 0x0, 0x1f, 0xff, 0xff, 0x30,
    0x0, 0x0, 0x0, 0x0, 0x0, 0x0, 0x1f, 0xff,
    0xff, 0x30, 0x0, 0x0, 0x0, 0x0, 0x0, 0x0,
    0x1f, 0xff, 0xff, 0x30, 0x0, 0x0, 0x0, 0x0,
    0x0, 0x0, 0x1f, 0xff, 0xff, 0x30, 0x0, 0x0,
    0x0, 0x0, 0x0, 0x0, 0x1f, 0xff, 0xff, 0x30,
    0x0, 0x0, 0x0, 0x0, 0x0, 0x0,

    /* U+0051 "Q" */
    0x0, 0x0, 0x0, 0x4, 0x9c, 0xef, 0xfe, 0xb7,
    0x10, 0x0, 0x0, 0x0, 0x0, 0x0, 0x5, 0xdf,
    0xff, 0xff, 0xff, 0xff, 0xfa, 0x10, 0x0, 0x0,
    0x0, 0x0, 0xaf, 0xff, 0xff, 0xff, 0xff, 0xff,
    0xff, 0xf5, 0x0, 0x0, 0x0, 0xb, 0xff, 0xff,
    0xff, 0xff, 0xff, 0xff, 0xff, 0xff, 0x50, 0x0,
    0x0, 0x9f, 0xff, 0xff, 0xe6, 0x10, 0x3, 0x9f,
    0xff, 0xff, 0xf3, 0x0, 0x3, 0xff, 0xff, 0xfd,
    0x10, 0x0, 0x0, 0x5, 0xff, 0xff, 0xfd, 0x0,
    0xb, 0xff, 0xff, 0xe1, 0x0, 0x0, 0x0, 0x0,
    0x6f, 0xff, 0xff, 0x50, 0x1f, 0xff, 0xff, 0x60,
    0x0, 0x0, 0x0, 0x0, 0xc, 0xff, 0xff, 0xb0,
    0x5f, 0xff, 0xfe, 0x0, 0x0, 0x0, 0x0, 0x0,
    0x5, 0xff, 0xff, 0xf0, 0x8f, 0xff, 0xf9, 0x0,
    0x0, 0x0, 0x0, 0x0, 0x0, 0xff, 0xff, 0xf2,
    0xaf, 0xff, 0xf7, 0x0, 0x0, 0x0, 0x0, 0x0,
    0x0, 0xdf, 0xff, 0xf4, 0xbf, 0xff, 0xf5, 0x0,
    0x0, 0x0, 0x0, 0x0, 0x0, 0xcf, 0xff, 0xf5,
    0xaf, 0xff, 0xf6, 0x0, 0x0, 0x0, 0x0, 0x0,
    0x0, 0xdf, 0xff, 0xf4, 0x9f, 0xff, 0xf8, 0x0,
    0x0, 0x0, 0x0, 0x0, 0x0, 0xef, 0xff, 0xf3,
    0x7f, 0xff, 0xfd, 0x0, 0x0, 0x0, 0x0, 0x0,
    0x3, 0xff, 0xff, 0xf1, 0x3f, 0xff, 0xff, 0x30,
    0x0, 0x0, 0x0, 0x0, 0x9, 0xff, 0xff, 0xd0,
    0xd, 0xff, 0xff, 0xc0, 0x0, 0x0, 0x0, 0x0,
    0x3f, 0xff, 0xff, 0x70, 0x6, 0xff, 0xff, 0xfb,
    0x0, 0x0, 0x0, 0x3, 0xef, 0xff, 0xfe, 0x0,
    0x0, 0xcf, 0xff, 0xff, 0xe7, 0x31, 0x14, 0xaf,
    0xff, 0xff, 0xf6, 0x0, 0x0, 0x1e, 0xff, 0xff,
    0xff, 0xff, 0xff, 0xff, 0xff, 0xff, 0x90, 0x0,
    0x0, 0x1, 0xdf, 0xff, 0xff, 0xff, 0xff, 0xff,
    0xff, 0xf7, 0x0, 0x0, 0x0, 0x0, 0x7, 0xef,
    0xff, 0xff, 0xff, 0xff, 0xfc, 0x30, 0x0, 0x0,
    0x0, 0x0, 0x0, 0x5, 0x9c, 0xef, 0xff, 0xff,
    0xf9, 0x0, 0x0, 0x0, 0x0, 0x0, 0x0, 0x0,
    0x0, 0x0, 0xb, 0xff, 0xff, 0x10, 0x0, 0x0,
    0x0, 0x0, 0x0, 0x0, 0x0, 0x0, 0x3, 0xff,
    0xff, 0x80, 0x0, 0x0, 0x0, 0x0, 0x0, 0x0,
    0x0, 0x0, 0x0, 0x78, 0x88, 0x60, 0x0, 0x0,

    /* U+0052 "R" */
    0x1f, 0xff, 0xff, 0xff, 0xff, 0xff, 0xeb, 0x71,
    0x0, 0x0, 0x1f, 0xff, 0xff, 0xff, 0xff, 0xff,
    0xff, 0xfe, 0x40, 0x0, 0x1f, 0xff, 0xff, 0xff,
    0xff, 0xff, 0xff, 0xff, 0xf4, 0x0, 0x1f, 0xff,
    0xff, 0xcc, 0xcc, 0xcd, 0xff, 0xff, 0xfd, 0x0,
    0x1f, 0xff, 0xff, 0x30, 0x0, 0x0, 0x1c, 0xff,
    0xff, 0x40, 0x1f, 0xff, 0xff, 0x30, 0x0, 0x0,
    0x1, 0xff, 0xff, 0x70, 0x1f, 0xff, 0xff, 0x30,
    0x0, 0x0, 0x0, 0xbf, 0xff, 0x90, 0x1f, 0xff,
    0xff, 0x30, 0x0, 0x0, 0x0, 0xcf, 0xff, 0x90,
    0x1f, 0xff, 0xff, 0x30, 0x0, 0x0, 0x3, 0xff,
    0xff, 0x70, 0x1f, 0xff, 0xff, 0x30, 0x0, 0x1,
    0x5e, 0xff, 0xff, 0x30, 0x1f, 0xff, 0xff, 0xff,
    0xff, 0xff, 0xff, 0xff, 0xfc, 0x0, 0x1f, 0xff,
    0xff, 0xff, 0xff, 0xff, 0xff, 0xff, 0xe2, 0x0,
    0x1f, 0xff, 0xff, 0xff, 0xff, 0xff, 0xff, 0xfc,
    0x20, 0x0, 0x1f, 0xff, 0xff, 0xcc, 0xff, 0xff,
    0xfc, 0x30, 0x0, 0x0, 0x1f, 0xff, 0xff, 0x30,
    0x7f, 0xff, 0xff, 0x40, 0x0, 0x0, 0x1f, 0xff,
    0xff, 0x30, 0x9, 0xff, 0xff, 0xe2, 0x0, 0x0,
    0x1f, 0xff, 0xff, 0x30, 0x0, 0xcf, 0xff, 0xfc,
    0x0, 0x0, 0x1f, 0xff, 0xff, 0x30, 0x0, 0x2f,
    0xff, 0xff, 0x70, 0x0, 0x1f, 0xff, 0xff, 0x30,
    0x0, 0x7, 0xff, 0xff, 0xf2, 0x0, 0x1f, 0xff,
    0xff, 0x30, 0x0, 0x0, 0xdf, 0xff, 0xfa, 0x0,
    0x1f, 0xff, 0xff, 0x30, 0x0, 0x0, 0x4f, 0xff,
    0xff, 0x30, 0x1f, 0xff, 0xff, 0x30, 0x0, 0x0,
    0xc, 0xff, 0xff, 0xb0, 0x1f, 0xff, 0xff, 0x30,
    0x0, 0x0, 0x4, 0xff, 0xff, 0xf3,

    /* U+0053 "S" */
    0x0, 0x1, 0x6c, 0xef, 0xff, 0xdb, 0x84, 0x0,
    0x0, 0x4, 0xef, 0xff, 0xff, 0xff, 0xff, 0xf9,
    0x0, 0x4, 0xff, 0xff, 0xff, 0xff, 0xff, 0xff,
    0x90, 0x0, 0xef, 0xff, 0xff, 0xff, 0xff, 0xff,
    0xf9, 0x0, 0x5f, 0xff, 0xff, 0x82, 0x11, 0x25,
    0x9d, 0x90, 0x8, 0xff, 0xff, 0x90, 0x0, 0x0,
    0x0, 0x1, 0x0, 0x8f, 0xff, 0xf7, 0x0, 0x0,
    0x0, 0x0, 0x0, 0x7, 0xff, 0xff, 0xe1, 0x0,
    0x0, 0x0, 0x0, 0x0, 0x3f, 0xff, 0xff, 0xe7,
    0x0, 0x0, 0x0, 0x0, 0x0, 0xaf, 0xff, 0xff,
    0xff, 0xa5, 0x0, 0x0, 0x0, 0x0, 0xbf, 0xff,
    0xff, 0xff, 0xfe, 0x70, 0x0, 0x0, 0x0, 0x5d,
    0xff, 0xff, 0xff, 0xff, 0xd2, 0x0, 0x0, 0x0,
    0x3, 0x9e, 0xff, 0xff, 0xff, 0xd1, 0x0, 0x0,
    0x0, 0x0, 0x5, 0xdf, 0xff, 0xff, 0x80, 0x0,
    0x0, 0x0, 0x0, 0x0, 0xbf, 0xff, 0xfe, 0x0,
    0x0, 0x0, 0x0, 0x0, 0x1, 0xff, 0xff, 0xf0,
    0x40, 0x0, 0x0, 0x0, 0x0, 0xf, 0xff, 0xff,
    0x1c, 0xe6, 0x10, 0x0, 0x0, 0x4, 0xff, 0xff,
    0xf0, 0xcf, 0xff, 0xb7, 0x43, 0x37, 0xff, 0xff,
    0xfc, 0xc, 0xff, 0xff, 0xff, 0xff, 0xff, 0xff,
    0xff, 0x50, 0xcf, 0xff, 0xff, 0xff, 0xff, 0xff,
    0xff, 0xb0, 0x3, 0xbf, 0xff, 0xff, 0xff, 0xff,
    0xff, 0x90, 0x0, 0x0, 0x16, 0xad, 0xef, 0xff,
    0xd9, 0x30, 0x0, 0x0,

    /* U+0054 "T" */
    0x7f, 0xff, 0xff, 0xff, 0xff, 0xff, 0xff, 0xff,
    0xf6, 0x7f, 0xff, 0xff, 0xff, 0xff, 0xff, 0xff,
    0xff, 0xf6, 0x7f, 0xff, 0xff, 0xff, 0xff, 0xff,
    0xff, 0xff, 0xf6, 0x7f, 0xff, 0xff, 0xff, 0xff,
    0xff, 0xff, 0xff, 0xf6, 0x26, 0x66, 0x66, 0xdf,
    0xff, 0xfc, 0x66, 0x66, 0x62, 0x0, 0x0, 0x0,
    0xbf, 0xff, 0xf9, 0x0, 0x0, 0x0, 0x0, 0x0,
    0x0, 0xbf, 0xff, 0xf9, 0x0, 0x0, 0x0, 0x0,
    0x0, 0x0, 0xbf, 0xff, 0xf9, 0x0, 0x0, 0x0,
    0x0, 0x0, 0x0, 0xbf, 0xff, 0xf9, 0x0, 0x0,
    0x0, 0x0, 0x0, 0x0, 0xbf, 0xff, 0xf9, 0x0,
    0x0, 0x0, 0x0, 0x0, 0x0, 0xbf, 0xff, 0xf9,
    0x0, 0x0, 0x0, 0x0, 0x0, 0x0, 0xbf, 0xff,
    0xf9, 0x0, 0x0, 0x0, 0x0, 0x0, 0x0, 0xbf,
    0xff, 0xf9, 0x0, 0x0, 0x0, 0x0, 0x0, 0x0,
    0xbf, 0xff, 0xf9, 0x0, 0x0, 0x0, 0x0, 0x0,
    0x0, 0xbf, 0xff, 0xf9, 0x0, 0x0, 0x0, 0x0,
    0x0, 0x0, 0xbf, 0xff, 0xf9, 0x0, 0x0, 0x0,
    0x0, 0x0, 0x0, 0xbf, 0xff, 0xf9, 0x0, 0x0,
    0x0, 0x0, 0x0, 0x0, 0xbf, 0xff, 0xf9, 0x0,
    0x0, 0x0, 0x0, 0x0, 0x0, 0xbf, 0xff, 0xf9,
    0x0, 0x0, 0x0, 0x0, 0x0, 0x0, 0xbf, 0xff,
    0xf9, 0x0, 0x0, 0x0, 0x0, 0x0, 0x0, 0xbf,
    0xff, 0xf9, 0x0, 0x0, 0x0, 0x0, 0x0, 0x0,
    0xbf, 0xff, 0xf9, 0x0, 0x0, 0x0, 0x0, 0x0,
    0x0, 0xbf, 0xff, 0xf9, 0x0, 0x0, 0x0,

    /* U+0055 "U" */
    0x1f, 0xff, 0xff, 0x30, 0x0, 0x0, 0x0, 0xb,
    0xff, 0xff, 0x91, 0xff, 0xff, 0xf3, 0x0, 0x0,
    0x0, 0x0, 0xbf, 0xff, 0xf9, 0x1f, 0xff, 0xff,
    0x30, 0x0, 0x0, 0x0, 0xb, 0xff, 0xff, 0x91,
    0xff, 0xff, 0xf3, 0x0, 0x0, 0x0, 0x0, 0xbf,
    0xff, 0xf9, 0x1f, 0xff, 0xff, 0x30, 0x0, 0x0,
    0x0, 0xb, 0xff, 0xff, 0x91, 0xff, 0xff, 0xf3,
    0x0, 0x0, 0x0, 0x0, 0xbf, 0xff, 0xf9, 0x1f,
    0xff, 0xff, 0x30, 0x0, 0x0, 0x0, 0xb, 0xff,
    0xff, 0x91, 0xff, 0xff, 0xf3, 0x0, 0x0, 0x0,
    0x0, 0xbf, 0xff, 0xf9, 0x1f, 0xff, 0xff, 0x30,
    0x0, 0x0, 0x0, 0xb, 0xff, 0xff, 0x91, 0xff,
    0xff, 0xf3, 0x0, 0x0, 0x0, 0x0, 0xbf, 0xff,
    0xf9, 0x1f, 0xff, 0xff, 0x30, 0x0, 0x0, 0x0,
    0xb, 0xff, 0xff, 0x91, 0xff, 0xff, 0xf3, 0x0,
    0x0, 0x0, 0x0, 0xbf, 0xff, 0xf9, 0x1f, 0xff,
    0xff, 0x30, 0x0, 0x0, 0x0, 0xb, 0xff, 0xff,
    0x91, 0xff, 0xff, 0xf3, 0x0, 0x0, 0x0, 0x0,
    0xbf, 0xff, 0xf9, 0xf, 0xff, 0xff, 0x40, 0x0,
    0x0, 0x0, 0xc, 0xff, 0xff, 0x80, 0xff, 0xff,
    0xf8, 0x0, 0x0, 0x0, 0x0, 0xff, 0xff, 0xf7,
    0xb, 0xff, 0xff, 0xe2, 0x0, 0x0, 0x0, 0x8f,
    0xff, 0xff, 0x30, 0x6f, 0xff, 0xff, 0xd3, 0x0,
    0x0, 0x8f, 0xff, 0xff, 0xe0, 0x0, 0xef, 0xff,
    0xff, 0xfd, 0xab, 0xef, 0xff, 0xff, 0xf7, 0x0,
    0x5, 0xff, 0xff, 0xff, 0xff, 0xff, 0xff, 0xff,
    0xfc, 0x0, 0x0, 0x6, 0xff, 0xff, 0xff, 0xff,
    0xff, 0xff, 0xfd, 0x10, 0x0, 0x0, 0x3, 0xdf,
    0xff, 0xff, 0xff, 0xff, 0xf9, 0x0, 0x0, 0x0,
    0x0, 0x0, 0x49, 0xce, 0xff, 0xeb, 0x71, 0x0,
    0x0, 0x0,

    /* U+0056 "V" */
    0x8f, 0xff, 0xff, 0x20, 0x0, 0x0, 0x0, 0x0,
    0x3f, 0xff, 0xff, 0x83, 0xff, 0xff, 0xf7, 0x0,
    0x0, 0x0, 0x0, 0x7, 0xff, 0xff, 0xf3, 0xe,
    0xff, 0xff, 0xb0, 0x0, 0x0, 0x0, 0x0, 0xcf,
    0xff, 0xfe, 0x0, 0xaf, 0xff, 0xff, 0x0, 0x0,
    0x0, 0x0, 0x1f, 0xff, 0xff, 0x90, 0x5, 0xff,
    0xff, 0xf4, 0x0, 0x0, 0x0, 0x5, 0xff, 0xff,
    0xf4, 0x0, 0xf, 0xff, 0xff, 0x90, 0x0, 0x0,
    0x0, 0x9f, 0xff, 0xff, 0x0, 0x0, 0xbf, 0xff,
    0xfd, 0x0, 0x0, 0x0, 0xe, 0xff, 0xff, 0xb0,
    0x0, 0x6, 0xff, 0xff, 0xf2, 0x0, 0x0, 0x2,
    0xff, 0xff, 0xf6, 0x0, 0x0, 0x2f, 0xff, 0xff,
    0x60, 0x0, 0x0, 0x7f, 0xff, 0xff, 0x10, 0x0,
    0x0, 0xdf, 0xff, 0xfa, 0x0, 0x0, 0xb, 0xff,
    0xff, 0xc0, 0x0, 0x0, 0x8, 0xff, 0xff, 0xf0,
    0x0, 0x0, 0xff, 0xff, 0xf8, 0x0, 0x0, 0x0,
    0x3f, 0xff, 0xff, 0x30, 0x0, 0x4f, 0xff, 0xff,
    0x30, 0x0, 0x0, 0x0, 0xef, 0xff, 0xf8, 0x0,
    0x8, 0xff, 0xff, 0xe0, 0x0, 0x0, 0x0, 0xa,
    0xff, 0xff, 0xc0, 0x0, 0xdf, 0xff, 0xf9, 0x0,
    0x0, 0x0, 0x0, 0x5f, 0xff, 0xff, 0x10, 0x1f,
    0xff, 0xff, 0x40, 0x0, 0x0, 0x0, 0x0, 0xff,
    0xff, 0xf5, 0x6, 0xff, 0xff, 0xf0, 0x0, 0x0,
    0x0, 0x0, 0xb, 0xff, 0xff, 0xa0, 0xaf, 0xff,
    0xfb, 0x0, 0x0, 0x0, 0x0, 0x0, 0x6f, 0xff,
    0xfe, 0xe, 0xff, 0xff, 0x60, 0x0, 0x0, 0x0,
    0x0, 0x1, 0xff, 0xff, 0xf6, 0xff, 0xff, 0xf1,
    0x0, 0x0, 0x0, 0x0, 0x0, 0xd, 0xff, 0xff,
    0xef, 0xff, 0xfc, 0x0, 0x0, 0x0, 0x0, 0x0,
    0x0, 0x8f, 0xff, 0xff, 0xff, 0xff, 0x70, 0x0,
    0x0, 0x0, 0x0, 0x0, 0x3, 0xff, 0xff, 0xff,
    0xff, 0xf3, 0x0, 0x0, 0x0, 0x0, 0x0, 0x0,
    0xe, 0xff, 0xff, 0xff, 0xfe, 0x0, 0x0, 0x0,
    0x0,

    /* U+0057 "W" */
    0x6f, 0xff, 0xff, 0x10, 0x0, 0x0, 0x9f, 0xff,
    0xf6, 0x0, 0x0, 0x3, 0xff, 0xff, 0xf4, 0x2f,
    0xff, 0xff, 0x40, 0x0, 0x0, 0xcf, 0xff, 0xf9,
    0x0, 0x0, 0x6, 0xff, 0xff, 0xf0, 0xe, 0xff,
    0xff, 0x70, 0x0, 0x0, 0xff, 0xff, 0xfc, 0x0,
    0x0, 0x9, 0xff, 0xff, 0xc0, 0xb, 0xff, 0xff,
    0xa0, 0x0, 0x2, 0xff, 0xff, 0xff, 0x0, 0x0,
    0xc, 0xff, 0xff, 0x80, 0x7, 0xff, 0xff, 0xd0,
    0x0, 0x5, 0xff, 0xff, 0xff, 0x20, 0x0, 0xf,
    0xff, 0xff, 0x40, 0x3, 0xff, 0xff, 0xf0, 0x0,
    0x8, 0xff, 0xff, 0xff, 0x50, 0x0, 0x2f, 0xff,
    0xff, 0x10, 0x0, 0xff, 0xff, 0xf2, 0x0, 0xa,
    0xff, 0xff, 0xff, 0x80, 0x0, 0x5f, 0xff, 0xfd,
    0x0, 0x0, 0xbf, 0xff, 0xf5, 0x0, 0xd, 0xff,
    0xff, 0xff, 0xb0, 0x0, 0x8f, 0xff, 0xf9, 0x0,
    0x0, 0x8f, 0xff, 0xf8, 0x0, 0xf, 0xff, 0xdf,
    0xff, 0xe0, 0x0, 0xbf, 0xff, 0xf5, 0x0, 0x0,
    0x4f, 0xff, 0xfb, 0x0, 0x3f, 0xff, 0xac, 0xff,
    0xf1, 0x0, 0xef, 0xff, 0xf2, 0x0, 0x0, 0xf,
    0xff, 0xfe, 0x0, 0x6f, 0xff, 0x79, 0xff, 0xf4,
    0x1, 0xff, 0xff, 0xe0, 0x0, 0x0, 0xc, 0xff,
    0xff, 0x10, 0x9f, 0xff, 0x57, 0xff, 0xf7, 0x4,
    0xff, 0xff, 0xa0, 0x0, 0x0, 0x9, 0xff, 0xff,
    0x40, 0xcf, 0xff, 0x24, 0xff, 0xfa, 0x6, 0xff,
    0xff, 0x60, 0x0, 0x0, 0x5, 0xff, 0xff, 0x70,
    0xff, 0xff, 0x1, 0xff, 0xfd, 0x9, 0xff, 0xff,
    0x20, 0x0, 0x0, 0x1, 0xff, 0xff, 0xa2, 0xff,
    0xfc, 0x0, 0xef, 0xff, 0xc, 0xff, 0xff, 0x0,
    0x0, 0x0, 0x0, 0xdf, 0xff, 0xd5, 0xff, 0xfa,
    0x0, 0xcf, 0xff, 0x3f, 0xff, 0xfb, 0x0, 0x0,
    0x0, 0x0, 0x9f, 0xff, 0xf9, 0xff, 0xf7, 0x0,
    0x9f, 0xff, 0x9f, 0xff, 0xf7, 0x0, 0x0, 0x0,
    0x0, 0x6f, 0xff, 0xfe, 0xff, 0xf4, 0x0, 0x6f,
    0xff, 0xef, 0xff, 0xf3, 0x0, 0x0, 0x0, 0x0,
    0x2f, 0xff, 0xff, 0xff, 0xf2, 0x0, 0x4f, 0xff,
    0xff, 0xff, 0xf0, 0x0, 0x0, 0x0, 0x0, 0xe,
    0xff, 0xff, 0xff, 0xf0, 0x0, 0x1f, 0xff, 0xff,
    0xff, 0xc0, 0x0, 0x0, 0x0, 0x0, 0xa, 0xff,
    0xff, 0xff, 0xc0, 0x0, 0xe, 0xff, 0xff, 0xff,
    0x80, 0x0, 0x0, 0x0, 0x0, 0x6, 0xff, 0xff,
    0xff, 0x90, 0x0, 0xc, 0xff, 0xff, 0xff, 0x40,
    0x0, 0x0, 0x0, 0x0, 0x3, 0xff, 0xff, 0xff,
    0x70, 0x0, 0x9, 0xff, 0xff, 0xff, 0x10, 0x0,
    0x0,

    /* U+0058 "X" */
    0x3f, 0xff, 0xff, 0xd0, 0x0, 0x0, 0x0, 0x0,
    0x8f, 0xff, 0xff, 0x80, 0x7f, 0xff, 0xff, 0x80,
    0x0, 0x0, 0x0, 0x3f, 0xff, 0xff, 0xd0, 0x0,
    0xcf, 0xff, 0xff, 0x30, 0x0, 0x0, 0xd, 0xff,
    0xff, 0xf2, 0x0, 0x2, 0xff, 0xff, 0xfd, 0x0,
    0x0, 0x8, 0xff, 0xff, 0xf7, 0x0, 0x0, 0x6,
    0xff, 0xff, 0xf9, 0x0, 0x3, 0xff, 0xff, 0xfc,
    0x0, 0x0, 0x0, 0xb, 0xff, 0xff, 0xf3, 0x0,
    0xdf, 0xff, 0xff, 0x20, 0x0, 0x0, 0x0, 0x1e,
    0xff, 0xff, 0xd0, 0x8f, 0xff, 0xff, 0x60, 0x0,
    0x0, 0x0, 0x0, 0x5f, 0xff, 0xff, 0xbf, 0xff,
    0xff, 0xb0, 0x0, 0x0, 0x0, 0x0, 0x0, 0xaf,
    0xff, 0xff, 0xff, 0xff, 0xf1, 0x0, 0x0, 0x0,
    0x0, 0x0, 0x1, 0xef, 0xff, 0xff, 0xff, 0xf5,
    0x0, 0x0, 0x0, 0x0, 0x0, 0x0, 0x4, 0xff,
    0xff, 0xff, 0xfa, 0x0, 0x0, 0x0, 0x0, 0x0,
    0x0, 0x0, 0xb, 0xff, 0xff, 0xff, 0x10, 0x0,
    0x0, 0x0, 0x0, 0x0, 0x0, 0x3, 0xff, 0xff,
    0xff, 0xf8, 0x0, 0x0, 0x0, 0x0, 0x0, 0x0,
    0x0, 0xdf, 0xff, 0xff, 0xff, 0xf3, 0x0, 0x0,
    0x0, 0x0, 0x0, 0x0, 0x8f, 0xff, 0xff, 0xff,
    0xff, 0xd0, 0x0, 0x0, 0x0, 0x0, 0x0, 0x3f,
    0xff, 0xff, 0xef, 0xff, 0xff, 0x90, 0x0, 0x0,
    0x0, 0x0, 0xd, 0xff, 0xff, 0xf2, 0xbf, 0xff,
    0xff, 0x40, 0x0, 0x0, 0x0, 0x9, 0xff, 0xff,
    0xf6, 0x2, 0xff, 0xff, 0xfe, 0x10, 0x0, 0x0,
    0x4, 0xff, 0xff, 0xfc, 0x0, 0x6, 0xff, 0xff,
    0xfa, 0x0, 0x0, 0x1, 0xef, 0xff, 0xff, 0x20,
    0x0, 0xb, 0xff, 0xff, 0xf5, 0x0, 0x0, 0xaf,
    0xff, 0xff, 0x60, 0x0, 0x0, 0x1f, 0xff, 0xff,
    0xe1, 0x0, 0x5f, 0xff, 0xff, 0xb0, 0x0, 0x0,
    0x0, 0x6f, 0xff, 0xff, 0xb0, 0x1e, 0xff, 0xff,
    0xf2, 0x0, 0x0, 0x0, 0x0, 0xbf, 0xff, 0xff,
    0x60,

    /* U+0059 "Y" */
    0x6f, 0xff, 0xff, 0x60, 0x0, 0x0, 0x0, 0xaf,
    0xff, 0xff, 0x20, 0xdf, 0xff, 0xfd, 0x0, 0x0,
    0x0, 0x2f, 0xff, 0xff, 0x90, 0x5, 0xff, 0xff,
    0xf5, 0x0, 0x0, 0x9, 0xff, 0xff, 0xf1, 0x0,
    0xc, 0xff, 0xff, 0xc0, 0x0, 0x1, 0xff, 0xff,
    0xf8, 0x0, 0x0, 0x4f, 0xff, 0xff, 0x40, 0x0,
    0x8f, 0xff, 0xfe, 0x0, 0x0, 0x0, 0xbf, 0xff,
    0xfc, 0x0, 0x1f, 0xff, 0xff, 0x70, 0x0, 0x0,
    0x2, 0xff, 0xff, 0xf3, 0x8, 0xff, 0xff, 0xe0,
    0x0, 0x0, 0x0, 0xa, 0xff, 0xff, 0xb0, 0xef,
    0xff, 0xf5, 0x0, 0x0, 0x0, 0x0, 0x1f, 0xff,
    0xff, 0xaf, 0xff, 0xfd, 0x0, 0x0, 0x0, 0x0,
    0x0, 0x8f, 0xff, 0xff, 0xff, 0xff, 0x40, 0x0,
    0x0, 0x0, 0x0, 0x1, 0xef, 0xff, 0xff, 0xff,
    0xb0, 0x0, 0x0, 0x0, 0x0, 0x0, 0x7, 0xff,
    0xff, 0xff, 0xf3, 0x0, 0x0, 0x0, 0x0, 0x0,
    0x0, 0xe, 0xff, 0xff, 0xfa, 0x0, 0x0, 0x0,
    0x0, 0x0, 0x0, 0x0, 0x6f, 0xff, 0xff, 0x20,
    0x0, 0x0, 0x0, 0x0, 0x0, 0x0, 0x4, 0xff,
    0xff, 0xf0, 0x0, 0x0, 0x0, 0x0, 0x0, 0x0,
    0x0, 0x4f, 0xff, 0xff, 0x0, 0x0, 0x0, 0x0,
    0x0, 0x0, 0x0, 0x4, 0xff, 0xff, 0xf0, 0x0,
    0x0, 0x0, 0x0, 0x0, 0x0, 0x0, 0x4f, 0xff,
    0xff, 0x0, 0x0, 0x0, 0x0, 0x0, 0x0, 0x0,
    0x4, 0xff, 0xff, 0xf0, 0x0, 0x0, 0x0, 0x0,
    0x0, 0x0, 0x0, 0x4f, 0xff, 0xff, 0x0, 0x0,
    0x0, 0x0, 0x0, 0x0, 0x0, 0x4, 0xff, 0xff,
    0xf0, 0x0, 0x0, 0x0, 0x0, 0x0, 0x0, 0x0,
    0x4f, 0xff, 0xff, 0x0, 0x0, 0x0, 0x0, 0x0,
    0x0, 0x0, 0x4, 0xff, 0xff, 0xf0, 0x0, 0x0,
    0x0, 0x0,

    /* U+005A "Z" */
    0x6f, 0xff, 0xff, 0xff, 0xff, 0xff, 0xff, 0xff,
    0xff, 0x96, 0xff, 0xff, 0xff, 0xff, 0xff, 0xff,
    0xff, 0xff, 0xf9, 0x6f, 0xff, 0xff, 0xff, 0xff,
    0xff, 0xff, 0xff, 0xff, 0x96, 0xff, 0xff, 0xff,
    0xff, 0xff, 0xff, 0xff, 0xff, 0xf9, 0x25, 0x55,
    0x55, 0x55, 0x55, 0x57, 0xff, 0xff, 0xff, 0x70,
    0x0, 0x0, 0x0, 0x0, 0x0, 0xcf, 0xff, 0xff,
    0xa0, 0x0, 0x0, 0x0, 0x0, 0x0, 0xaf, 0xff,
    0xff, 0xc0, 0x0, 0x0, 0x0, 0x0, 0x0, 0x7f,
    0xff, 0xff, 0xe1, 0x0, 0x0, 0x0, 0x0, 0x0,
    0x5f, 0xff, 0xff, 0xf3, 0x0, 0x0, 0x0, 0x0,
    0x0, 0x3f, 0xff, 0xff, 0xf5, 0x0, 0x0, 0x0,
    0x0, 0x0, 0x1e, 0xff, 0xff, 0xf8, 0x0, 0x0,
    0x0, 0x0, 0x0, 0xd, 0xff, 0xff, 0xfb, 0x0,
    0x0, 0x0, 0x0, 0x0, 0xb, 0xff, 0xff, 0xfd,
    0x0, 0x0, 0x0, 0x0, 0x0, 0x9, 0xff, 0xff,
    0xfe, 0x20, 0x0, 0x0, 0x0, 0x0, 0x6, 0xff,
    0xff, 0xff, 0x40, 0x0, 0x0, 0x0, 0x0, 0x4,
    0xff, 0xff, 0xff, 0x60, 0x0, 0x0, 0x0, 0x0,
    0x2, 0xef, 0xff, 0xff, 0x90, 0x0, 0x0, 0x0,
    0x0, 0x1, 0xdf, 0xff, 0xff, 0xb0, 0x0, 0x0,
    0x0, 0x0, 0x0, 0xbf, 0xff, 0xff, 0xf7, 0x66,
    0x66, 0x66, 0x66, 0x66, 0x5e, 0xff, 0xff, 0xff,
    0xff, 0xff, 0xff, 0xff, 0xff, 0xfe, 0xef, 0xff,
    0xff, 0xff, 0xff, 0xff, 0xff, 0xff, 0xff, 0xee,
    0xff, 0xff, 0xff, 0xff, 0xff, 0xff, 0xff, 0xff,
    0xfe, 0xef, 0xff, 0xff, 0xff, 0xff, 0xff, 0xff,
    0xff, 0xff, 0xe0,

    /* U+005B "[" */
    0xcf, 0xff, 0xff, 0xfe, 0xcf, 0xff, 0xff, 0xfe,
    0xcf, 0xff, 0xff, 0xfe, 0xcf, 0xff, 0xff, 0xfe,
    0xcf, 0xff, 0xfc, 0xca, 0xcf, 0xff, 0xe0, 0x0,
    0xcf, 0xff, 0xe0, 0x0, 0xcf, 0xff, 0xe0, 0x0,
    0xcf, 0xff, 0xe0, 0x0, 0xcf, 0xff, 0xe0, 0x0,
    0xcf, 0xff, 0xe0, 0x0, 0xcf, 0xff, 0xe0, 0x0,
    0xcf, 0xff, 0xe0, 0x0, 0xcf, 0xff, 0xe0, 0x0,
    0xcf, 0xff, 0xe0, 0x0, 0xcf, 0xff, 0xe0, 0x0,
    0xcf, 0xff, 0xe0, 0x0, 0xcf, 0xff, 0xe0, 0x0,
    0xcf, 0xff, 0xe0, 0x0, 0xcf, 0xff, 0xe0, 0x0,
    0xcf, 0xff, 0xe0, 0x0, 0xcf, 0xff, 0xe0, 0x0,
    0xcf, 0xff, 0xe0, 0x0, 0xcf, 0xff, 0xe0, 0x0,
    0xcf, 0xff, 0xe0, 0x0, 0xcf, 0xff, 0xe0, 0x0,
    0xcf, 0xff, 0xfc, 0xca, 0xcf, 0xff, 0xff, 0xfe,
    0xcf, 0xff, 0xff, 0xfe, 0xcf, 0xff, 0xff, 0xfe,
    0xcf, 0xff, 0xff, 0xfe,

    /* U+005C "\\" */
    0x5f, 0xff, 0xc0, 0x0, 0x0, 0x0, 0x0, 0x0,
    0xe, 0xff, 0xf2, 0x0, 0x0, 0x0, 0x0, 0x0,
    0x8, 0xff, 0xf9, 0x0, 0x0, 0x0, 0x0, 0x0,
    0x2, 0xff, 0xfe, 0x0, 0x0, 0x0, 0x0, 0x0,
    0x0, 0xcf, 0xff, 0x50, 0x0, 0x0, 0x0, 0x0,
    0x0, 0x5f, 0xff, 0xc0, 0x0, 0x0, 0x0, 0x0,
    0x0, 0xe, 0xff, 0xf2, 0x0, 0x0, 0x0, 0x0,
    0x0, 0x9, 0xff, 0xf9, 0x0, 0x0, 0x0, 0x0,
    0x0, 0x2, 0xff, 0xfe, 0x0, 0x0, 0x0, 0x0,
    0x0, 0x0, 0xcf, 0xff, 0x50, 0x0, 0x0, 0x0,
    0x0, 0x0, 0x5f, 0xff, 0xc0, 0x0, 0x0, 0x0,
    0x0, 0x0, 0xe, 0xff, 0xf2, 0x0, 0x0, 0x0,
    0x0, 0x0, 0x9, 0xff, 0xf9, 0x0, 0x0, 0x0,
    0x0, 0x0, 0x2, 0xff, 0xfe, 0x0, 0x0, 0x0,
    0x0, 0x0, 0x0, 0xcf, 0xff, 0x50, 0x0, 0x0,
    0x0, 0x0, 0x0, 0x6f, 0xff, 0xc0, 0x0, 0x0,
    0x0, 0x0, 0x0, 0xe, 0xff, 0xf2, 0x0, 0x0,
    0x0, 0x0, 0x0, 0x9, 0xff, 0xf8, 0x0, 0x0,
    0x0, 0x0, 0x0, 0x2, 0xff, 0xfe, 0x0, 0x0,
    0x0, 0x0, 0x0, 0x0, 0xcf, 0xff, 0x50, 0x0,
    0x0, 0x0, 0x0, 0x0, 0x6f, 0xff, 0xc0, 0x0,
    0x0, 0x0, 0x0, 0x0, 0xf, 0xff, 0xf2, 0x0,
    0x0, 0x0, 0x0, 0x0, 0x9, 0xff, 0xf8, 0x0,
    0x0, 0x0, 0x0, 0x0, 0x2, 0xff, 0xfe, 0x0,
    0x0, 0x0, 0x0, 0x0, 0x0, 0xcf, 0xff, 0x50,
    0x0, 0x0, 0x0, 0x0, 0x0, 0x6f, 0xff, 0xc0,
    0x0, 0x0, 0x0, 0x0, 0x0, 0xf, 0xff, 0xf2,
    0x0, 0x0, 0x0, 0x0, 0x0, 0x9, 0xff, 0xf8,

    /* U+005D "]" */
    0x4f, 0xff, 0xff, 0xff, 0x54, 0xff, 0xff, 0xff,
    0xf5, 0x4f, 0xff, 0xff, 0xff, 0x54, 0xff, 0xff,
    0xff, 0xf5, 0x3c, 0xcd, 0xff, 0xff, 0x50, 0x0,
    0x5f, 0xff, 0xf5, 0x0, 0x5, 0xff, 0xff, 0x50,
    0x0, 0x5f, 0xff, 0xf5, 0x0, 0x5, 0xff, 0xff,
    0x50, 0x0, 0x5f, 0xff, 0xf5, 0x0, 0x5, 0xff,
    0xff, 0x50, 0x0, 0x5f, 0xff, 0xf5, 0x0, 0x5,
    0xff, 0xff, 0x50, 0x0, 0x5f, 0xff, 0xf5, 0x0,
    0x5, 0xff, 0xff, 0x50, 0x0, 0x5f, 0xff, 0xf5,
    0x0, 0x5, 0xff, 0xff, 0x50, 0x0, 0x5f, 0xff,
    0xf5, 0x0, 0x5, 0xff, 0xff, 0x50, 0x0, 0x5f,
    0xff, 0xf5, 0x0, 0x5, 0xff, 0xff, 0x50, 0x0,
    0x5f, 0xff, 0xf5, 0x0, 0x5, 0xff, 0xff, 0x50,
    0x0, 0x5f, 0xff, 0xf5, 0x0, 0x5, 0xff, 0xff,
    0x50, 0x0, 0x5f, 0xff, 0xf5, 0x3c, 0xcd, 0xff,
    0xff, 0x54, 0xff, 0xff, 0xff, 0xf5, 0x4f, 0xff,
    0xff, 0xff, 0x54, 0xff, 0xff, 0xff, 0xf5, 0x4f,
    0xff, 0xff, 0xff, 0x50,

    /* U+005E "^" */
    0x0, 0x0, 0x2, 0x88, 0x88, 0x60, 0x0, 0x0,
    0x0, 0x0, 0x9, 0xff, 0xff, 0xf2, 0x0, 0x0,
    0x0, 0x0, 0xf, 0xff, 0xff, 0xf8, 0x0, 0x0,
    0x0, 0x0, 0x6f, 0xff, 0xff, 0xfe, 0x0, 0x0,
    0x0, 0x0, 0xcf, 0xff, 0xdf, 0xff, 0x50, 0x0,
    0x0, 0x2, 0xff, 0xfd, 0x4f, 0xff, 0xb0, 0x0,
    0x0, 0x9, 0xff, 0xf7, 0xe, 0xff, 0xf1, 0x0,
    0x0, 0xe, 0xff, 0xf1, 0x8, 0xff, 0xf8, 0x0,
    0x0, 0x5f, 0xff, 0xb0, 0x2, 0xff, 0xfe, 0x0,
    0x0, 0xbf, 0xff, 0x50, 0x0, 0xcf, 0xff, 0x40,
    0x2, 0xff, 0xfe, 0x0, 0x0, 0x6f, 0xff, 0xa0,
    0x8, 0xff, 0xf9, 0x0, 0x0, 0xf, 0xff, 0xf1,
    0xe, 0xff, 0xf3, 0x0, 0x0, 0xa, 0xff, 0xf7,

    /* U+005F "_" */
    0x44, 0x44, 0x44, 0x44, 0x44, 0x44, 0x44, 0x44,
    0xff, 0xff, 0xff, 0xff, 0xff, 0xff, 0xff, 0xff,
    0xff, 0xff, 0xff, 0xff, 0xff, 0xff, 0xff, 0xff,
    0xff, 0xff, 0xff, 0xff, 0xff, 0xff, 0xff, 0xff,

    /* U+0060 "`" */
    0x6, 0x99, 0x99, 0x10, 0x0, 0x1c, 0xff, 0xfa,
    0x0, 0x0, 0x1c, 0xff, 0xf5, 0x0, 0x0, 0xc,
    0xff, 0xe0, 0x0, 0x0, 0xc, 0xff, 0x90,

    /* U+0061 "a" */
    0x0, 0x0, 0x4, 0xae, 0xff, 0xc7, 0xe, 0xff,
    0xff, 0x30, 0x0, 0xa, 0xff, 0xff, 0xff, 0xff,
    0xff, 0xff, 0xf3, 0x0, 0xc, 0xff, 0xff, 0xff,
    0xff, 0xff, 0xff, 0xff, 0x30, 0x8, 0xff, 0xff,
    0xff, 0xed, 0xff, 0xff, 0xff, 0xf3, 0x2, 0xff,
    0xff, 0xfd, 0x30, 0x0, 0x8f, 0xff, 0xff, 0x30,
    0x7f, 0xff, 0xfe, 0x10, 0x0, 0x0, 0xaf, 0xff,
    0xf3, 0xc, 0xff, 0xff, 0x60, 0x0, 0x0, 0x8,
    0xff, 0xff, 0x30, 0xef, 0xff, 0xf1, 0x0, 0x0,
    0x0, 0x8f, 0xff, 0xf3, 0xf, 0xff, 0xfe, 0x0,
    0x0, 0x0, 0x8, 0xff, 0xff, 0x30, 0xff, 0xff,
    0xe0, 0x0, 0x0, 0x0, 0x8f, 0xff, 0xf3, 0xe,
    0xff, 0xff, 0x10, 0x0, 0x0, 0x8, 0xff, 0xff,
    0x30, 0xcf, 0xff, 0xf6, 0x0, 0x0, 0x0, 0x8f,
    0xff, 0xf3, 0x7, 0xff, 0xff, 0xe1, 0x0, 0x0,
    0xa, 0xff, 0xff, 0x30, 0x2f, 0xff, 0xff, 0xd3,
    0x0, 0x7, 0xff, 0xff, 0xf3, 0x0, 0x8f, 0xff,
    0xff, 0xfd, 0xcf, 0xff, 0xff, 0xff, 0x30, 0x0,
    0xcf, 0xff, 0xff, 0xff, 0xff, 0xff, 0xff, 0xf4,
    0x0, 0x0, 0xaf, 0xff, 0xff, 0xff, 0xfe, 0xff,
    0xff, 0x60, 0x0, 0x0, 0x4a, 0xdf, 0xfd, 0xa4,
    0x2f, 0xff, 0xfa,

    /* U+0062 "b" */
    0x6, 0xff, 0xff, 0xb0, 0x0, 0x0, 0x0, 0x0,
    0x0, 0x0, 0x6f, 0xff, 0xfb, 0x0, 0x0, 0x0,
    0x0, 0x0, 0x0, 0x6, 0xff, 0xff, 0xb0, 0x0,
    0x0, 0x0, 0x0, 0x0, 0x0, 0x6f, 0xff, 0xfb,
    0x0, 0x0, 0x0, 0x0, 0x0, 0x0, 0x6, 0xff,
    0xff, 0xb0, 0x0, 0x0, 0x0, 0x0, 0x0, 0x0,
    0x6f, 0xff, 0xfb, 0x0, 0x0, 0x0, 0x0, 0x0,
    0x0, 0x6, 0xff, 0xff, 0xb0, 0x0, 0x0, 0x0,
    0x0, 0x0, 0x0, 0x6f, 0xff, 0xfb, 0x7, 0xcf,
    0xfd, 0x93, 0x0, 0x0, 0x6, 0xff, 0xff, 0xee,
    0xff, 0xff, 0xff, 0xf8, 0x0, 0x0, 0x6f, 0xff,
    0xff, 0xff, 0xff, 0xff, 0xff, 0xf9, 0x0, 0x6,
    0xff, 0xff, 0xff, 0xec, 0xdf, 0xff, 0xff, 0xf5,
    0x0, 0x6f, 0xff, 0xff, 0x50, 0x0, 0x4e, 0xff,
    0xff, 0xe0, 0x6, 0xff, 0xff, 0x60, 0x0, 0x0,
    0x3f, 0xff, 0xff, 0x30, 0x6f, 0xff, 0xf2, 0x0,
    0x0, 0x0, 0x9f, 0xff, 0xf8, 0x6, 0xff, 0xff,
    0x20, 0x0, 0x0, 0x4, 0xff, 0xff, 0xb0, 0x6f,
    0xff, 0xf2, 0x0, 0x0, 0x0, 0x1f, 0xff, 0xfc,
    0x6, 0xff, 0xff, 0x20, 0x0, 0x0, 0x1, 0xff,
    0xff, 0xc0, 0x6f, 0xff, 0xf2, 0x0, 0x0, 0x0,
    0x3f, 0xff, 0xfb, 0x6, 0xff, 0xff, 0x20, 0x0,
    0x0, 0x9, 0xff, 0xff, 0x90, 0x6f, 0xff, 0xf5,
    0x0, 0x0, 0x3, 0xff, 0xff, 0xf4, 0x6, 0xff,
    0xff, 0xe4, 0x0, 0x4, 0xef, 0xff, 0xfe, 0x0,
    0x6f, 0xff, 0xff, 0xfe, 0xbd, 0xff, 0xff, 0xff,
    0x50, 0x7, 0xff, 0xff, 0xff, 0xff, 0xff, 0xff,
    0xff, 0xa0, 0x0, 0xaf, 0xff, 0xfe, 0xff, 0xff,
    0xff, 0xff, 0x80, 0x0, 0xd, 0xff, 0xfe, 0x5,
    0xbe, 0xff, 0xd9, 0x30, 0x0, 0x0,

    /* U+0063 "c" */
    0x0, 0x0, 0x0, 0x38, 0xce, 0xfe, 0xdb, 0x62,
    0x0, 0x0, 0x1b, 0xff, 0xff, 0xff, 0xff, 0xfc,
    0x0, 0x4, 0xff, 0xff, 0xff, 0xff, 0xff, 0xfc,
    0x0, 0x2f, 0xff, 0xff, 0xff, 0xff, 0xff, 0xfc,
    0x0, 0xdf, 0xff, 0xff, 0xb5, 0x21, 0x23, 0x79,
    0x5, 0xff, 0xff, 0xf5, 0x0, 0x0, 0x0, 0x0,
    0xb, 0xff, 0xff, 0x80, 0x0, 0x0, 0x0, 0x0,
    0xe, 0xff, 0xff, 0x20, 0x0, 0x0, 0x0, 0x0,
    0xf, 0xff, 0xff, 0x0, 0x0, 0x0, 0x0, 0x0,
    0xf, 0xff, 0xff, 0x0, 0x0, 0x0, 0x0, 0x0,
    0xe, 0xff, 0xff, 0x20, 0x0, 0x0, 0x0, 0x0,
    0xb, 0xff, 0xff, 0xa0, 0x0, 0x0, 0x0, 0x0,
    0x5, 0xff, 0xff, 0xf9, 0x0, 0x0, 0x0, 0x1,
    0x0, 0xdf, 0xff, 0xff, 0xe8, 0x42, 0x24, 0x9f,
    0x0, 0x2e, 0xff, 0xff, 0xff, 0xff, 0xff, 0xff,
    0x0, 0x3, 0xef, 0xff, 0xff, 0xff, 0xff, 0xff,
    0x0, 0x0, 0x1a, 0xff, 0xff, 0xff, 0xff, 0xff,
    0x0, 0x0, 0x0, 0x28, 0xce, 0xff, 0xdb, 0x72,

    /* U+0064 "d" */
    0x0, 0x0, 0x0, 0x0, 0x0, 0x0, 0xe, 0xff,
    0xff, 0x30, 0x0, 0x0, 0x0, 0x0, 0x0, 0x0,
    0xef, 0xff, 0xf3, 0x0, 0x0, 0x0, 0x0, 0x0,
    0x0, 0xe, 0xff, 0xff, 0x30, 0x0, 0x0, 0x0,
    0x0, 0x0, 0x0, 0xef, 0xff, 0xf3, 0x0, 0x0,
    0x0, 0x0, 0x0, 0x0, 0xe, 0xff, 0xff, 0x30,
    0x0, 0x0, 0x0, 0x0, 0x0, 0x0, 0xef, 0xff,
    0xf3, 0x0, 0x0, 0x0, 0x0, 0x0, 0x0, 0xe,
    0xff, 0xff, 0x30, 0x0, 0x0, 0x4a, 0xef, 0xeb,
    0x60, 0xef, 0xff, 0xf3, 0x0, 0x0, 0xaf, 0xff,
    0xff, 0xff, 0xdf, 0xff, 0xff, 0x30, 0x0, 0xcf,
    0xff, 0xff, 0xff, 0xff, 0xff, 0xff, 0xf3, 0x0,
    0x8f, 0xff, 0xff, 0xfd, 0xcf, 0xff, 0xff, 0xff,
    0x30, 0x2f, 0xff, 0xff, 0xd3, 0x0, 0x7, 0xff,
    0xff, 0xf3, 0x7, 0xff, 0xff, 0xe1, 0x0, 0x0,
    0x9, 0xff, 0xff, 0x30, 0xcf, 0xff, 0xf6, 0x0,
    0x0, 0x0, 0x4f, 0xff, 0xf3, 0xe, 0xff, 0xff,
    0x10, 0x0, 0x0, 0x4, 0xff, 0xff, 0x30, 0xff,
    0xff, 0xe0, 0x0, 0x0, 0x0, 0x4f, 0xff, 0xf3,
    0xf, 0xff, 0xfe, 0x0, 0x0, 0x0, 0x4, 0xff,
    0xff, 0x30, 0xef, 0xff, 0xf0, 0x0, 0x0, 0x0,
    0x4f, 0xff, 0xf3, 0xc, 0xff, 0xff, 0x60, 0x0,
    0x0, 0x4, 0xff, 0xff, 0x30, 0x7f, 0xff, 0xfe,
    0x10, 0x0, 0x0, 0x8f, 0xff, 0xf3, 0x2, 0xff,
    0xff, 0xfd, 0x20, 0x0, 0x7f, 0xff, 0xff, 0x30,
    0x9, 0xff, 0xff, 0xff, 0xcc, 0xff, 0xff, 0xff,
    0xf3, 0x0, 0xd, 0xff, 0xff, 0xff, 0xff, 0xff,
    0xff, 0xff, 0x40, 0x0, 0xb, 0xff, 0xff, 0xff,
    0xff, 0xef, 0xff, 0xf6, 0x0, 0x0, 0x4, 0xae,
    0xff, 0xda, 0x42, 0xff, 0xff, 0xa0,

    /* U+0065 "e" */
    0x0, 0x0, 0x2, 0x8c, 0xef, 0xfd, 0xa5, 0x0,
    0x0, 0x0, 0x0, 0x9, 0xff, 0xff, 0xff, 0xff,
    0xfd, 0x30, 0x0, 0x0, 0xc, 0xff, 0xff, 0xff,
    0xff, 0xff, 0xff, 0x50, 0x0, 0xa, 0xff, 0xff,
    0xfe, 0xcd, 0xff, 0xff, 0xff, 0x20, 0x2, 0xff,
    0xff, 0xf6, 0x0, 0x1, 0xaf, 0xff, 0xfa, 0x0,
    0x9f, 0xff, 0xf8, 0x0, 0x0, 0x0, 0xcf, 0xff,
    0xf0, 0xc, 0xff, 0xff, 0xba, 0xaa, 0xaa, 0xac,
    0xff, 0xff, 0x40, 0xff, 0xff, 0xff, 0xff, 0xff,
    0xff, 0xff, 0xff, 0xf6, 0xf, 0xff, 0xff, 0xff,
    0xff, 0xff, 0xff, 0xff, 0xff, 0x70, 0xff, 0xff,
    0xff, 0xff, 0xff, 0xff, 0xff, 0xff, 0xf6, 0xe,
    0xff, 0xff, 0x10, 0x0, 0x0, 0x0, 0x0, 0x0,
    0x0, 0xbf, 0xff, 0xf6, 0x0, 0x0, 0x0, 0x0,
    0x0, 0x0, 0x7, 0xff, 0xff, 0xe1, 0x0, 0x0,
    0x0, 0x0, 0x43, 0x0, 0xe, 0xff, 0xff, 0xe5,
    0x0, 0x0, 0x5, 0xbf, 0x50, 0x0, 0x5f, 0xff,
    0xff, 0xff, 0xdd, 0xef, 0xff, 0xf5, 0x0, 0x0,
    0x7f, 0xff, 0xff, 0xff, 0xff, 0xff, 0xff, 0x50,
    0x0, 0x0, 0x4d, 0xff, 0xff, 0xff, 0xff, 0xff,
    0xe3, 0x0, 0x0, 0x0, 0x4, 0x8c, 0xef, 0xfe,
    0xda, 0x50, 0x0,

    /* U+0066 "f" */
    0x0, 0x0, 0x6, 0xbe, 0xff, 0xff, 0x10, 0x0,
    0xc, 0xff, 0xff, 0xff, 0xf2, 0x0, 0x6, 0xff,
    0xff, 0xff, 0xff, 0x20, 0x0, 0x9f, 0xff, 0xff,
    0xff, 0xf1, 0x0, 0xb, 0xff, 0xff, 0xa0, 0x0,
    0x0, 0x0, 0xbf, 0xff, 0xf6, 0x0, 0x0, 0x0,
    0xb, 0xff, 0xff, 0x60, 0x0, 0xc, 0xff, 0xff,
    0xff, 0xff, 0xff, 0xf9, 0xcf, 0xff, 0xff, 0xff,
    0xff, 0xff, 0x9c, 0xff, 0xff, 0xff, 0xff, 0xff,
    0xf9, 0xcf, 0xff, 0xff, 0xff, 0xff, 0xff, 0x90,
    0x0, 0xbf, 0xff, 0xf6, 0x0, 0x0, 0x0, 0xb,
    0xff, 0xff, 0x60, 0x0, 0x0, 0x0, 0xbf, 0xff,
    0xf6, 0x0, 0x0, 0x0, 0xb, 0xff, 0xff, 0x60,
    0x0, 0x0, 0x0, 0xbf, 0xff, 0xf6, 0x0, 0x0,
    0x0, 0xb, 0xff, 0xff, 0x60, 0x0, 0x0, 0x0,
    0xbf, 0xff, 0xf6, 0x0, 0x0, 0x0, 0xb, 0xff,
    0xff, 0x60, 0x0, 0x0, 0x0, 0xbf, 0xff, 0xf6,
    0x0, 0x0, 0x0, 0xb, 0xff, 0xff, 0x60, 0x0,
    0x0, 0x0, 0xbf, 0xff, 0xf6, 0x0, 0x0, 0x0,
    0xb, 0xff, 0xff, 0x60, 0x0, 0x0, 0x0, 0xbf,
    0xff, 0xf6, 0x0, 0x0, 0x0, 0xb, 0xff, 0xff,
    0x60, 0x0, 0x0,

    /* U+0067 "g" */
    0x0, 0x0, 0x4, 0xae, 0xff, 0xc8, 0x1f, 0xff,
    0xff, 0x0, 0x0, 0xa, 0xff, 0xff, 0xff, 0xff,
    0xff, 0xff, 0xf0, 0x0, 0xc, 0xff, 0xff, 0xff,
    0xff, 0xff, 0xff, 0xff, 0x0, 0x8, 0xff, 0xff,
    0xff, 0xed, 0xff, 0xff, 0xff, 0xf0, 0x2, 0xff,
    0xff, 0xfd, 0x30, 0x1, 0x8f, 0xff, 0xff, 0x0,
    0x7f, 0xff, 0xfe, 0x10, 0x0, 0x0, 0x9f, 0xff,
    0xf0, 0xc, 0xff, 0xff, 0x60, 0x0, 0x0, 0x4,
    0xff, 0xff, 0x0, 0xef, 0xff, 0xf1, 0x0, 0x0,
    0x0, 0x4f, 0xff, 0xf0, 0xf, 0xff, 0xfe, 0x0,
    0x0, 0x0, 0x4, 0xff, 0xff, 0x0, 0xff, 0xff,
    0xe0, 0x0, 0x0, 0x0, 0x4f, 0xff, 0xf0, 0xe,
    0xff, 0xff, 0x10, 0x0, 0x0, 0x4, 0xff, 0xff,
    0x0, 0xcf, 0xff, 0xf6, 0x0, 0x0, 0x0, 0x4f,
    0xff, 0xf0, 0x7, 0xff, 0xff, 0xe1, 0x0, 0x0,
    0x9, 0xff, 0xff, 0x0, 0x2f, 0xff, 0xff, 0xd3,
    0x0, 0x7, 0xff, 0xff, 0xf0, 0x0, 0x9f, 0xff,
    0xff, 0xfd, 0xcf, 0xff, 0xff, 0xff, 0x0, 0x0,
    0xcf, 0xff, 0xff, 0xff, 0xff, 0xff, 0xff, 0xf0,
    0x0, 0x0, 0xbf, 0xff, 0xff, 0xff, 0xff, 0xff,
    0xff, 0x0, 0x0, 0x0, 0x4a, 0xef, 0xfd, 0x82,
    0xff, 0xff, 0xf0, 0x0, 0x0, 0x0, 0x0, 0x0,
    0x0, 0x5f, 0xff, 0xfe, 0x0, 0x2, 0x0, 0x0,
    0x0, 0x0, 0x3e, 0xff, 0xff, 0xc0, 0x3, 0xff,
    0xda, 0x98, 0x88, 0xcf, 0xff, 0xff, 0xf8, 0x0,
    0x3f, 0xff, 0xff, 0xff, 0xff, 0xff, 0xff, 0xff,
    0x10, 0x3, 0xff, 0xff, 0xff, 0xff, 0xff, 0xff,
    0xff, 0x60, 0x0, 0x3f, 0xff, 0xff, 0xff, 0xff,
    0xff, 0xfe, 0x50, 0x0, 0x0, 0x26, 0x9c, 0xdf,
    0xff, 0xed, 0xa5, 0x0, 0x0, 0x0,

    /* U+0068 "h" */
    0x6f, 0xff, 0xfb, 0x0, 0x0, 0x0, 0x0, 0x0,
    0x6, 0xff, 0xff, 0xb0, 0x0, 0x0, 0x0, 0x0,
    0x0, 0x6f, 0xff, 0xfb, 0x0, 0x0, 0x0, 0x0,
    0x0, 0x6, 0xff, 0xff, 0xb0, 0x0, 0x0, 0x0,
    0x0, 0x0, 0x6f, 0xff, 0xfb, 0x0, 0x0, 0x0,
    0x0, 0x0, 0x6, 0xff, 0xff, 0xb0, 0x0, 0x0,
    0x0, 0x0, 0x0, 0x6f, 0xff, 0xfb, 0x0, 0x0,
    0x0, 0x0, 0x0, 0x6, 0xff, 0xff, 0xb0, 0x18,
    0xcf, 0xfd, 0x81, 0x0, 0x6f, 0xff, 0xfb, 0x8f,
    0xff, 0xff, 0xff, 0xd1, 0x6, 0xff, 0xff, 0xff,
    0xff, 0xff, 0xff, 0xff, 0xc0, 0x6f, 0xff, 0xff,
    0xff, 0xff, 0xff, 0xff, 0xff, 0x36, 0xff, 0xff,
    0xfd, 0x50, 0x19, 0xff, 0xff, 0xf6, 0x6f, 0xff,
    0xfc, 0x0, 0x0, 0xc, 0xff, 0xff, 0x76, 0xff,
    0xff, 0xb0, 0x0, 0x0, 0x9f, 0xff, 0xf8, 0x6f,
    0xff, 0xfb, 0x0, 0x0, 0x9, 0xff, 0xff, 0x86,
    0xff, 0xff, 0xb0, 0x0, 0x0, 0x9f, 0xff, 0xf8,
    0x6f, 0xff, 0xfb, 0x0, 0x0, 0x9, 0xff, 0xff,
    0x86, 0xff, 0xff, 0xb0, 0x0, 0x0, 0x9f, 0xff,
    0xf8, 0x6f, 0xff, 0xfb, 0x0, 0x0, 0x9, 0xff,
    0xff, 0x86, 0xff, 0xff, 0xb0, 0x0, 0x0, 0x9f,
    0xff, 0xf8, 0x6f, 0xff, 0xfb, 0x0, 0x0, 0x9,
    0xff, 0xff, 0x86, 0xff, 0xff, 0xb0, 0x0, 0x0,
    0x9f, 0xff, 0xf8, 0x6f, 0xff, 0xfb, 0x0, 0x0,
    0x9, 0xff, 0xff, 0x86, 0xff, 0xff, 0xb0, 0x0,
    0x0, 0x9f, 0xff, 0xf8, 0x6f, 0xff, 0xfb, 0x0,
    0x0, 0x9, 0xff, 0xff, 0x80,

    /* U+0069 "i" */
    0xff, 0xff, 0xf2, 0xff, 0xff, 0xf2, 0xff, 0xff,
    0xf2, 0xff, 0xff, 0xf2, 0xff, 0xff, 0xf2, 0x33,
    0x33, 0x30, 0x0, 0x0, 0x0, 0xff, 0xff, 0xf2,
    0xff, 0xff, 0xf2, 0xff, 0xff, 0xf2, 0xff, 0xff,
    0xf2, 0xff, 0xff, 0xf2, 0xff, 0xff, 0xf2, 0xff,
    0xff, 0xf2, 0xff, 0xff, 0xf2, 0xff, 0xff, 0xf2,
    0xff, 0xff, 0xf2, 0xff, 0xff, 0xf2, 0xff, 0xff,
    0xf2, 0xff, 0xff, 0xf2, 0xff, 0xff, 0xf2, 0xff,
    0xff, 0xf2, 0xff, 0xff, 0xf2, 0xff, 0xff, 0xf2,
    0xff, 0xff, 0xf2,

    /* U+006A "j" */
    0x0, 0x0, 0x9f, 0xff, 0xf8, 0x0, 0x0, 0x9f,
    0xff, 0xf8, 0x0, 0x0, 0x9f, 0xff, 0xf8, 0x0,
    0x0, 0x9f, 0xff, 0xf8, 0x0, 0x0, 0x9f, 0xff,
    0xf8, 0x0, 0x0, 0x13, 0x33, 0x31, 0x0, 0x0,
    0x0, 0x0, 0x0, 0x0, 0x0, 0x9f, 0xff, 0xf8,
    0x0, 0x0, 0x9f, 0xff, 0xf8, 0x0, 0x0, 0x9f,
    0xff, 0xf8, 0x0, 0x0, 0x9f, 0xff, 0xf8, 0x0,
    0x0, 0x9f, 0xff, 0xf8, 0x0, 0x0, 0x9f, 0xff,
    0xf8, 0x0, 0x0, 0x9f, 0xff, 0xf8, 0x0, 0x0,
    0x9f, 0xff, 0xf8, 0x0, 0x0, 0x9f, 0xff, 0xf8,
    0x0, 0x0, 0x9f, 0xff, 0xf8, 0x0, 0x0, 0x9f,
    0xff, 0xf8, 0x0, 0x0, 0x9f, 0xff, 0xf8, 0x0,
    0x0, 0x9f, 0xff, 0xf8, 0x0, 0x0, 0x9f, 0xff,
    0xf8, 0x0, 0x0, 0x9f, 0xff, 0xf8, 0x0, 0x0,
    0x9f, 0xff, 0xf8, 0x0, 0x0, 0x9f, 0xff, 0xf8,
    0x0, 0x0, 0xaf, 0xff, 0xf7, 0x0, 0x0, 0xef,
    0xff, 0xf6, 0x0, 0x6, 0xff, 0xff, 0xf3, 0x36,
    0xaf, 0xff, 0xff, 0xe0, 0xaf, 0xff, 0xff, 0xff,
    0x70, 0xaf, 0xff, 0xff, 0xfb, 0x0, 0xaf, 0xff,
    0xff, 0x80, 0x0, 0xaf, 0xda, 0x71, 0x0, 0x0,

    /* U+006B "k" */
    0x6f, 0xff, 0xfb, 0x0, 0x0, 0x0, 0x0, 0x0,
    0x6, 0xff, 0xff, 0xb0, 0x0, 0x0, 0x0, 0x0,
    0x0, 0x6f, 0xff, 0xfb, 0x0, 0x0, 0x0, 0x0,
    0x0, 0x6, 0xff, 0xff, 0xb0, 0x0, 0x0, 0x0,
    0x0, 0x0, 0x6f, 0xff, 0xfb, 0x0, 0x0, 0x0,
    0x0, 0x0, 0x6, 0xff, 0xff, 0xb0, 0x0, 0x0,
    0x0, 0x0, 0x0, 0x6f, 0xff, 0xfb, 0x0, 0x0,
    0x0, 0x0, 0x0, 0x6, 0xff, 0xff, 0xb0, 0x0,
    0xd, 0xff, 0xff, 0x70, 0x6f, 0xff, 0xfb, 0x0,
    0x8, 0xff, 0xff, 0xb0, 0x6, 0xff, 0xff, 0xb0,
    0x3, 0xff, 0xff, 0xf1, 0x0, 0x6f, 0xff, 0xfb,
    0x0, 0xdf, 0xff, 0xf5, 0x0, 0x6, 0xff, 0xff,
    0xb0, 0x8f, 0xff, 0xfa, 0x0, 0x0, 0x6f, 0xff,
    0xfb, 0x3f, 0xff, 0xfe, 0x10, 0x0, 0x6, 0xff,
    0xff, 0xff, 0xff, 0xff, 0x40, 0x0, 0x0, 0x6f,
    0xff, 0xff, 0xff, 0xff, 0x90, 0x0, 0x0, 0x6,
    0xff, 0xff, 0xff, 0xff, 0xfb, 0x0, 0x0, 0x0,
    0x6f, 0xff, 0xff, 0xff, 0xff, 0xf9, 0x0, 0x0,
    0x6, 0xff, 0xff, 0xb2, 0xef, 0xff, 0xf5, 0x0,
    0x0, 0x6f, 0xff, 0xfb, 0x2, 0xef, 0xff, 0xe1,
    0x0, 0x6, 0xff, 0xff, 0xb0, 0x5, 0xff, 0xff,
    0xa0, 0x0, 0x6f, 0xff, 0xfb, 0x0, 0xb, 0xff,
    0xff, 0x20, 0x6, 0xff, 0xff, 0xb0, 0x0, 0x3f,
    0xff, 0xfa, 0x0, 0x6f, 0xff, 0xfb, 0x0, 0x0,
    0xbf, 0xff, 0xf2, 0x6, 0xff, 0xff, 0xb0, 0x0,
    0x4, 0xff, 0xff, 0x90, 0x6f, 0xff, 0xfb, 0x0,
    0x0, 0xc, 0xff, 0xff, 0x10,

    /* U+006C "l" */
    0x6f, 0xff, 0xfb, 0x0, 0x6, 0xff, 0xff, 0xb0,
    0x0, 0x6f, 0xff, 0xfb, 0x0, 0x6, 0xff, 0xff,
    0xb0, 0x0, 0x6f, 0xff, 0xfb, 0x0, 0x6, 0xff,
    0xff, 0xb0, 0x0, 0x6f, 0xff, 0xfb, 0x0, 0x6,
    0xff, 0xff, 0xb0, 0x0, 0x6f, 0xff, 0xfb, 0x0,
    0x6, 0xff, 0xff, 0xb0, 0x0, 0x6f, 0xff, 0xfb,
    0x0, 0x6, 0xff, 0xff, 0xb0, 0x0, 0x6f, 0xff,
    0xfb, 0x0, 0x6, 0xff, 0xff, 0xb0, 0x0, 0x6f,
    0xff, 0xfb, 0x0, 0x6, 0xff, 0xff, 0xb0, 0x0,
    0x6f, 0xff, 0xfb, 0x0, 0x6, 0xff, 0xff, 0xb0,
    0x0, 0x6f, 0xff, 0xfc, 0x0, 0x5, 0xff, 0xff,
    0xf1, 0x0, 0x3f, 0xff, 0xff, 0xc6, 0x40, 0xff,
    0xff, 0xff, 0xfd, 0x8, 0xff, 0xff, 0xff, 0xd0,
    0xb, 0xff, 0xff, 0xfd, 0x0, 0x6, 0xce, 0xff,
    0xd0,

    /* U+006D "m" */
    0x6f, 0xff, 0xfb, 0x1, 0x8c, 0xff, 0xd7, 0x0,
    0x4, 0xae, 0xfe, 0xb4, 0x0, 0x6f, 0xff, 0xfc,
    0x8f, 0xff, 0xff, 0xff, 0xc3, 0xcf, 0xff, 0xff,
    0xff, 0x60, 0x6f, 0xff, 0xff, 0xff, 0xff, 0xff,
    0xff, 0xff, 0xff, 0xff, 0xff, 0xff, 0xf2, 0x6f,
    0xff, 0xff, 0xff, 0xff, 0xff, 0xff, 0xff, 0xff,
    0xff, 0xff, 0xff, 0xf8, 0x6f, 0xff, 0xff, 0xd4,
    0x2, 0xbf, 0xff, 0xff, 0x92, 0x4, 0xef, 0xff,
    0xfb, 0x6f, 0xff, 0xfc, 0x0, 0x0, 0x1f, 0xff,
    0xff, 0x20, 0x0, 0x7f, 0xff, 0xfc, 0x6f, 0xff,
    0xfb, 0x0, 0x0, 0xf, 0xff, 0xff, 0x30, 0x0,
    0x5f, 0xff, 0xfc, 0x6f, 0xff, 0xfb, 0x0, 0x0,
    0xf, 0xff, 0xff, 0x30, 0x0, 0x5f, 0xff, 0xfc,
    0x6f, 0xff, 0xfb, 0x0, 0x0, 0xf, 0xff, 0xff,
    0x30, 0x0, 0x5f, 0xff, 0xfc, 0x6f, 0xff, 0xfb,
    0x0, 0x0, 0xf, 0xff, 0xff, 0x30, 0x0, 0x5f,
    0xff, 0xfc, 0x6f, 0xff, 0xfb, 0x0, 0x0, 0xf,
    0xff, 0xff, 0x30, 0x0, 0x5f, 0xff, 0xfc, 0x6f,
    0xff, 0xfb, 0x0, 0x0, 0xf, 0xff, 0xff, 0x30,
    0x0, 0x5f, 0xff, 0xfc, 0x6f, 0xff, 0xfb, 0x0,
    0x0, 0xf, 0xff, 0xff, 0x30, 0x0, 0x5f, 0xff,
    0xfc, 0x6f, 0xff, 0xfb, 0x0, 0x0, 0xf, 0xff,
    0xff, 0x30, 0x0, 0x5f, 0xff, 0xfc, 0x6f, 0xff,
    0xfb, 0x0, 0x0, 0xf, 0xff, 0xff, 0x30, 0x0,
    0x5f, 0xff, 0xfc, 0x6f, 0xff, 0xfb, 0x0, 0x0,
    0xf, 0xff, 0xff, 0x30, 0x0, 0x5f, 0xff, 0xfc,
    0x6f, 0xff, 0xfb, 0x0, 0x0, 0xf, 0xff, 0xff,
    0x30, 0x0, 0x5f, 0xff, 0xfc, 0x6f, 0xff, 0xfb,
    0x0, 0x0, 0xf, 0xff, 0xff, 0x30, 0x0, 0x5f,
    0xff, 0xfc,

    /* U+006E "n" */
    0x6f, 0xff, 0xfb, 0x0, 0x6b, 0xef, 0xea, 0x20,
    0x6, 0xff, 0xff, 0xb5, 0xef, 0xff, 0xff, 0xff,
    0x50, 0x6f, 0xff, 0xff, 0xff, 0xff, 0xff, 0xff,
    0xff, 0x16, 0xff, 0xff, 0xff, 0xff, 0xff, 0xff,
    0xff, 0xf8, 0x6f, 0xff, 0xff, 0xe7, 0x11, 0x6f,
    0xff, 0xff, 0xc6, 0xff, 0xff, 0xd1, 0x0, 0x0,
    0x7f, 0xff, 0xfd, 0x6f, 0xff, 0xfb, 0x0, 0x0,
    0x4, 0xff, 0xff, 0xd6, 0xff, 0xff, 0xb0, 0x0,
    0x0, 0x4f, 0xff, 0xfd, 0x6f, 0xff, 0xfb, 0x0,
    0x0, 0x4, 0xff, 0xff, 0xd6, 0xff, 0xff, 0xb0,
    0x0, 0x0, 0x4f, 0xff, 0xfd, 0x6f, 0xff, 0xfb,
    0x0, 0x0, 0x4, 0xff, 0xff, 0xd6, 0xff, 0xff,
    0xb0, 0x0, 0x0, 0x4f, 0xff, 0xfd, 0x6f, 0xff,
    0xfb, 0x0, 0x0, 0x4, 0xff, 0xff, 0xd6, 0xff,
    0xff, 0xb0, 0x0, 0x0, 0x4f, 0xff, 0xfd, 0x6f,
    0xff, 0xfb, 0x0, 0x0, 0x4, 0xff, 0xff, 0xd6,
    0xff, 0xff, 0xb0, 0x0, 0x0, 0x4f, 0xff, 0xfd,
    0x6f, 0xff, 0xfb, 0x0, 0x0, 0x4, 0xff, 0xff,
    0xd6, 0xff, 0xff, 0xb0, 0x0, 0x0, 0x4f, 0xff,
    0xfd,

    /* U+006F "o" */
    0x0, 0x0, 0x1, 0x7b, 0xef, 0xfe, 0xb7, 0x10,
    0x0, 0x0, 0x0, 0x0, 0x8f, 0xff, 0xff, 0xff,
    0xff, 0xf9, 0x0, 0x0, 0x0, 0xb, 0xff, 0xff,
    0xff, 0xff, 0xff, 0xff, 0xc0, 0x0, 0x0, 0x9f,
    0xff, 0xff, 0xfd, 0xdf, 0xff, 0xff, 0xfa, 0x0,
    0x2, 0xff, 0xff, 0xfb, 0x10, 0x1, 0xaf, 0xff,
    0xff, 0x30, 0x8, 0xff, 0xff, 0xc0, 0x0, 0x0,
    0xc, 0xff, 0xff, 0x90, 0xc, 0xff, 0xff, 0x50,
    0x0, 0x0, 0x4, 0xff, 0xff, 0xd0, 0xf, 0xff,
    0xff, 0x20, 0x0, 0x0, 0x1, 0xff, 0xff, 0xf0,
    0xf, 0xff, 0xff, 0x0, 0x0, 0x0, 0x0, 0xff,
    0xff, 0xf1, 0xf, 0xff, 0xff, 0x0, 0x0, 0x0,
    0x0, 0xff, 0xff, 0xf1, 0xe, 0xff, 0xff, 0x20,
    0x0, 0x0, 0x1, 0xff, 0xff, 0xf0, 0xb, 0xff,
    0xff, 0x70, 0x0, 0x0, 0x6, 0xff, 0xff, 0xc0,
    0x7, 0xff, 0xff, 0xe1, 0x0, 0x0, 0xd, 0xff,
    0xff, 0x80, 0x1, 0xff, 0xff, 0xfc, 0x20, 0x1,
    0xbf, 0xff, 0xff, 0x10, 0x0, 0x5f, 0xff, 0xff,
    0xfd, 0xdf, 0xff, 0xff, 0xf6, 0x0, 0x0, 0x8,
    0xff, 0xff, 0xff, 0xff, 0xff, 0xff, 0x90, 0x0,
    0x0, 0x0, 0x5e, 0xff, 0xff, 0xff, 0xff, 0xf6,
    0x0, 0x0, 0x0, 0x0, 0x0, 0x6b, 0xef, 0xfe,
    0xb7, 0x10, 0x0, 0x0,

    /* U+0070 "p" */
    0x6, 0xff, 0xff, 0xb0, 0x4a, 0xef, 0xec, 0x70,
    0x0, 0x0, 0x6, 0xff, 0xff, 0xcb, 0xff, 0xff,
    0xff, 0xfe, 0x30, 0x0, 0x6, 0xff, 0xff, 0xff,
    0xff, 0xff, 0xff, 0xff, 0xf4, 0x0, 0x6, 0xff,
    0xff, 0xff, 0xfe, 0xdf, 0xff, 0xff, 0xfe, 0x0,
    0x6, 0xff, 0xff, 0xfc, 0x30, 0x1, 0x9f, 0xff,
    0xff, 0x80, 0x6, 0xff, 0xff, 0xe1, 0x0, 0x0,
    0x9, 0xff, 0xff, 0xd0, 0x6, 0xff, 0xff, 0xb0,
    0x0, 0x0, 0x0, 0xff, 0xff, 0xf2, 0x6, 0xff,
    0xff, 0xb0, 0x0, 0x0, 0x0, 0xaf, 0xff, 0xf4,
    0x6, 0xff, 0xff, 0xb0, 0x0, 0x0, 0x0, 0x7f,
    0xff, 0xf6, 0x6, 0xff, 0xff, 0xb0, 0x0, 0x0,
    0x0, 0x7f, 0xff, 0xf6, 0x6, 0xff, 0xff, 0xb0,
    0x0, 0x0, 0x0, 0xaf, 0xff, 0xf4, 0x6, 0xff,
    0xff, 0xb0, 0x0, 0x0, 0x0, 0xff, 0xff, 0xf2,
    0x6, 0xff, 0xff, 0xe1, 0x0, 0x0, 0x9, 0xff,
    0xff, 0xe0, 0x6, 0xff, 0xff, 0xfc, 0x20, 0x0,
    0x9f, 0xff, 0xff, 0x80, 0x6, 0xff, 0xff, 0xff,
    0xfd, 0xcf, 0xff, 0xff, 0xfe, 0x0, 0x6, 0xff,
    0xff, 0xff, 0xff, 0xff, 0xff, 0xff, 0xf4, 0x0,
    0x6, 0xff, 0xff, 0xdd, 0xff, 0xff, 0xff, 0xfe,
    0x30, 0x0, 0x6, 0xff, 0xff, 0xb0, 0x6b, 0xef,
    0xfc, 0x70, 0x0, 0x0, 0x6, 0xff, 0xff, 0xb0,
    0x0, 0x0, 0x0, 0x0, 0x0, 0x0, 0x6, 0xff,
    0xff, 0xa0, 0x0, 0x0, 0x0, 0x0, 0x0, 0x0,
    0x7, 0xff, 0xff, 0x90, 0x0, 0x0, 0x0, 0x0,
    0x0, 0x0, 0x8, 0xff, 0xff, 0x90, 0x0, 0x0,
    0x0, 0x0, 0x0, 0x0, 0x9, 0xff, 0xff, 0x70,
    0x0, 0x0, 0x0, 0x0, 0x0, 0x0, 0xb, 0xff,
    0xff, 0x50, 0x0, 0x0, 0x0, 0x0, 0x0, 0x0,
    0xe, 0xff, 0xff, 0x20, 0x0, 0x0, 0x0, 0x0,
    0x0, 0x0,

    /* U+0071 "q" */
    0x0, 0x0, 0x4, 0xae, 0xfe, 0xc7, 0x4, 0xff,
    0xff, 0xd0, 0x0, 0x0, 0xaf, 0xff, 0xff, 0xff,
    0xe9, 0xff, 0xff, 0xd0, 0x0, 0xc, 0xff, 0xff,
    0xff, 0xff, 0xff, 0xff, 0xff, 0xd0, 0x0, 0x8f,
    0xff, 0xff, 0xfe, 0xdf, 0xff, 0xff, 0xff, 0xd0,
    0x2, 0xff, 0xff, 0xfd, 0x30, 0x0, 0x8f, 0xff,
    0xff, 0xd0, 0x7, 0xff, 0xff, 0xe1, 0x0, 0x0,
    0x9, 0xff, 0xff, 0xd0, 0xc, 0xff, 0xff, 0x60,
    0x0, 0x0, 0x4, 0xff, 0xff, 0xd0, 0xe, 0xff,
    0xff, 0x10, 0x0, 0x0, 0x4, 0xff, 0xff, 0xd0,
    0xf, 0xff, 0xfe, 0x0, 0x0, 0x0, 0x4, 0xff,
    0xff, 0xd0, 0xf, 0xff, 0xfe, 0x0, 0x0, 0x0,
    0x4, 0xff, 0xff, 0xd0, 0xe, 0xff, 0xff, 0x10,
    0x0, 0x0, 0x4, 0xff, 0xff, 0xd0, 0xc, 0xff,
    0xff, 0x60, 0x0, 0x0, 0x4, 0xff, 0xff, 0xd0,
    0x7, 0xff, 0xff, 0xe1, 0x0, 0x0, 0x8, 0xff,
    0xff, 0xd0, 0x2, 0xff, 0xff, 0xfd, 0x30, 0x0,
    0x7f, 0xff, 0xff, 0xd0, 0x0, 0x9f, 0xff, 0xff,
    0xfd, 0xcf, 0xff, 0xff, 0xff, 0xd0, 0x0, 0xc,
    0xff, 0xff, 0xff, 0xff, 0xff, 0xff, 0xff, 0xd0,
    0x0, 0x0, 0xbf, 0xff, 0xff, 0xff, 0xfb, 0xff,
    0xff, 0xd0, 0x0, 0x0, 0x4, 0xae, 0xff, 0xd8,
    0x24, 0xff, 0xff, 0xd0, 0x0, 0x0, 0x0, 0x0,
    0x0, 0x0, 0x4, 0xff, 0xff, 0xd0, 0x0, 0x0,
    0x0, 0x0, 0x0, 0x0, 0x3, 0xff, 0xff, 0xd0,
    0x0, 0x0, 0x0, 0x0, 0x0, 0x0, 0x3, 0xff,
    0xff, 0xd0, 0x0, 0x0, 0x0, 0x0, 0x0, 0x0,
    0x2, 0xff, 0xff, 0xe0, 0x0, 0x0, 0x0, 0x0,
    0x0, 0x0, 0x1, 0xff, 0xff, 0xf0, 0x0, 0x0,
    0x0, 0x0, 0x0, 0x0, 0x0, 0xff, 0xff, 0xf1,
    0x0, 0x0, 0x0, 0x0, 0x0, 0x0, 0x0, 0xcf,
    0xff, 0xf5,

    /* U+0072 "r" */
    0x6f, 0xff, 0xfb, 0x5, 0xbf, 0xe7, 0x6f, 0xff,
    0xfc, 0xbf, 0xff, 0xf8, 0x6f, 0xff, 0xff, 0xff,
    0xff, 0xf8, 0x6f, 0xff, 0xff, 0xff, 0xff, 0xf8,
    0x6f, 0xff, 0xff, 0xe7, 0x20, 0x11, 0x6f, 0xff,
    0xfe, 0x10, 0x0, 0x0, 0x6f, 0xff, 0xfb, 0x0,
    0x0, 0x0, 0x6f, 0xff, 0xfb, 0x0, 0x0, 0x0,
    0x6f, 0xff, 0xfb, 0x0, 0x0, 0x0, 0x6f, 0xff,
    0xfb, 0x0, 0x0, 0x0, 0x6f, 0xff, 0xfb, 0x0,
    0x0, 0x0, 0x6f, 0xff, 0xfb, 0x0, 0x0, 0x0,
    0x6f, 0xff, 0xfb, 0x0, 0x0, 0x0, 0x6f, 0xff,
    0xfb, 0x0, 0x0, 0x0, 0x6f, 0xff, 0xfb, 0x0,
    0x0, 0x0, 0x6f, 0xff, 0xfb, 0x0, 0x0, 0x0,
    0x6f, 0xff, 0xfb, 0x0, 0x0, 0x0, 0x6f, 0xff,
    0xfb, 0x0, 0x0, 0x0,

    /* U+0073 "s" */
    0x0, 0x5, 0xad, 0xff, 0xec, 0x84, 0x0, 0x2,
    0xdf, 0xff, 0xff, 0xff, 0xff, 0x40, 0x1e, 0xff,
    0xff, 0xff, 0xff, 0xff, 0x50, 0x8f, 0xff, 0xff,
    0xfe, 0xff, 0xff, 0x50, 0xcf, 0xff, 0xf7, 0x0,
    0x2, 0x7d, 0x50, 0xcf, 0xff, 0xf3, 0x0, 0x0,
    0x0, 0x0, 0xaf, 0xff, 0xfe, 0x50, 0x0, 0x0,
    0x0, 0x3f, 0xff, 0xff, 0xfe, 0x94, 0x0, 0x0,
    0x4, 0xff, 0xff, 0xff, 0xff, 0xd3, 0x0, 0x0,
    0x19, 0xff, 0xff, 0xff, 0xff, 0x60, 0x0, 0x0,
    0x4, 0x9f, 0xff, 0xff, 0xf1, 0x0, 0x0, 0x0,
    0x1, 0xdf, 0xff, 0xf7, 0xc5, 0x0, 0x0, 0x0,
    0x8f, 0xff, 0xf8, 0xef, 0xe9, 0x52, 0x13, 0xef,
    0xff, 0xf8, 0xef, 0xff, 0xff, 0xff, 0xff, 0xff,
    0xf4, 0xef, 0xff, 0xff, 0xff, 0xff, 0xff, 0xb0,
    0x8f, 0xff, 0xff, 0xff, 0xff, 0xfc, 0x10, 0x1,
    0x59, 0xce, 0xff, 0xeb, 0x60, 0x0,

    /* U+0074 "t" */
    0x0, 0x1f, 0xff, 0xfc, 0x0, 0x0, 0x0, 0x1f,
    0xff, 0xfc, 0x0, 0x0, 0x0, 0x1f, 0xff, 0xfc,
    0x0, 0x0, 0x0, 0x1f, 0xff, 0xfc, 0x0, 0x0,
    0x0, 0x1f, 0xff, 0xfc, 0x0, 0x0, 0x8f, 0xff,
    0xff, 0xff, 0xff, 0xf1, 0x8f, 0xff, 0xff, 0xff,
    0xff, 0xf1, 0x8f, 0xff, 0xff, 0xff, 0xff, 0xf1,
    0x8f, 0xff, 0xff, 0xff, 0xff, 0xf1, 0x0, 0x1f,
    0xff, 0xfc, 0x0, 0x0, 0x0, 0x1f, 0xff, 0xfc,
    0x0, 0x0, 0x0, 0x1f, 0xff, 0xfc, 0x0, 0x0,
    0x0, 0x1f, 0xff, 0xfc, 0x0, 0x0, 0x0, 0x1f,
    0xff, 0xfc, 0x0, 0x0, 0x0, 0x1f, 0xff, 0xfc,
    0x0, 0x0, 0x0, 0x1f, 0xff, 0xfc, 0x0, 0x0,
    0x0, 0x1f, 0xff, 0xfc, 0x0, 0x0, 0x0, 0xf,
    0xff, 0xfc, 0x0, 0x0, 0x0, 0xf, 0xff, 0xff,
    0x30, 0x10, 0x0, 0xe, 0xff, 0xff, 0xff, 0xf0,
    0x0, 0xa, 0xff, 0xff, 0xff, 0xf0, 0x0, 0x2,
    0xff, 0xff, 0xff, 0xf0, 0x0, 0x0, 0x2a, 0xdf,
    0xff, 0xd0,

    /* U+0075 "u" */
    0x7f, 0xff, 0xfb, 0x0, 0x0, 0x5, 0xff, 0xff,
    0xc0, 0x7f, 0xff, 0xfb, 0x0, 0x0, 0x5, 0xff,
    0xff, 0xc0, 0x7f, 0xff, 0xfb, 0x0, 0x0, 0x5,
    0xff, 0xff, 0xc0, 0x7f, 0xff, 0xfb, 0x0, 0x0,
    0x5, 0xff, 0xff, 0xc0, 0x7f, 0xff, 0xfb, 0x0,
    0x0, 0x5, 0xff, 0xff, 0xc0, 0x7f, 0xff, 0xfb,
    0x0, 0x0, 0x5, 0xff, 0xff, 0xc0, 0x7f, 0xff,
    0xfb, 0x0, 0x0, 0x5, 0xff, 0xff, 0xc0, 0x7f,
    0xff, 0xfb, 0x0, 0x0, 0x5, 0xff, 0xff, 0xc0,
    0x7f, 0xff, 0xfb, 0x0, 0x0, 0x5, 0xff, 0xff,
    0xc0, 0x7f, 0xff, 0xfb, 0x0, 0x0, 0x5, 0xff,
    0xff, 0xc0, 0x7f, 0xff, 0xfb, 0x0, 0x0, 0x5,
    0xff, 0xff, 0xc0, 0x7f, 0xff, 0xfb, 0x0, 0x0,
    0x5, 0xff, 0xff, 0xc0, 0x6f, 0xff, 0xfd, 0x0,
    0x0, 0x8, 0xff, 0xff, 0xc0, 0x6f, 0xff, 0xff,
    0x70, 0x5, 0xcf, 0xff, 0xff, 0xc0, 0x2f, 0xff,
    0xff, 0xff, 0xff, 0xff, 0xff, 0xff, 0xc0, 0xb,
    0xff, 0xff, 0xff, 0xff, 0xff, 0xff, 0xff, 0xd0,
    0x1, 0xdf, 0xff, 0xff, 0xff, 0xb1, 0xdf, 0xff,
    0xf0, 0x0, 0x18, 0xdf, 0xfd, 0x93, 0x0, 0x8f,
    0xff, 0xf3,

    /* U+0076 "v" */
    0xbf, 0xff, 0xf7, 0x0, 0x0, 0x0, 0x5, 0xff,
    0xff, 0xc6, 0xff, 0xff, 0xc0, 0x0, 0x0, 0x0,
    0xaf, 0xff, 0xf7, 0x1f, 0xff, 0xff, 0x0, 0x0,
    0x0, 0xe, 0xff, 0xff, 0x20, 0xcf, 0xff, 0xf5,
    0x0, 0x0, 0x3, 0xff, 0xff, 0xd0, 0x7, 0xff,
    0xff, 0x90, 0x0, 0x0, 0x7f, 0xff, 0xf9, 0x0,
    0x2f, 0xff, 0xfe, 0x0, 0x0, 0xc, 0xff, 0xff,
    0x40, 0x0, 0xdf, 0xff, 0xf2, 0x0, 0x0, 0xff,
    0xff, 0xf0, 0x0, 0x9, 0xff, 0xff, 0x70, 0x0,
    0x5f, 0xff, 0xfa, 0x0, 0x0, 0x4f, 0xff, 0xfb,
    0x0, 0x9, 0xff, 0xff, 0x50, 0x0, 0x0, 0xff,
    0xff, 0xf0, 0x0, 0xef, 0xff, 0xf1, 0x0, 0x0,
    0xa, 0xff, 0xff, 0x40, 0x2f, 0xff, 0xfb, 0x0,
    0x0, 0x0, 0x5f, 0xff, 0xf9, 0x7, 0xff, 0xff,
    0x70, 0x0, 0x0, 0x1, 0xff, 0xff, 0xd0, 0xbf,
    0xff, 0xf2, 0x0, 0x0, 0x0, 0xb, 0xff, 0xff,
    0x2f, 0xff, 0xfd, 0x0, 0x0, 0x0, 0x0, 0x7f,
    0xff, 0xfb, 0xff, 0xff, 0x80, 0x0, 0x0, 0x0,
    0x2, 0xff, 0xff, 0xff, 0xff, 0xf3, 0x0, 0x0,
    0x0, 0x0, 0xd, 0xff, 0xff, 0xff, 0xfe, 0x0,
    0x0, 0x0, 0x0, 0x0, 0x8f, 0xff, 0xff, 0xff,
    0x90, 0x0, 0x0,

    /* U+0077 "w" */
    0x6f, 0xff, 0xfa, 0x0, 0x0, 0x4, 0xff, 0xff,
    0x70, 0x0, 0x0, 0x7f, 0xff, 0xf8, 0x1f, 0xff,
    0xfe, 0x0, 0x0, 0x8, 0xff, 0xff, 0xb0, 0x0,
    0x0, 0xbf, 0xff, 0xf4, 0xc, 0xff, 0xff, 0x10,
    0x0, 0xb, 0xff, 0xff, 0xe0, 0x0, 0x0, 0xff,
    0xff, 0xf0, 0x8, 0xff, 0xff, 0x50, 0x0, 0xf,
    0xff, 0xff, 0xf2, 0x0, 0x3, 0xff, 0xff, 0xb0,
    0x3, 0xff, 0xff, 0x90, 0x0, 0x3f, 0xff, 0xff,
    0xf6, 0x0, 0x6, 0xff, 0xff, 0x60, 0x0, 0xff,
    0xff, 0xc0, 0x0, 0x6f, 0xff, 0xff, 0xf9, 0x0,
    0xa, 0xff, 0xff, 0x10, 0x0, 0xaf, 0xff, 0xf0,
    0x0, 0xaf, 0xff, 0xef, 0xfd, 0x0, 0xe, 0xff,
    0xfd, 0x0, 0x0, 0x6f, 0xff, 0xf4, 0x0, 0xdf,
    0xfc, 0xaf, 0xff, 0x0, 0x1f, 0xff, 0xf8, 0x0,
    0x0, 0x1f, 0xff, 0xf8, 0x1, 0xff, 0xf9, 0x7f,
    0xff, 0x40, 0x5f, 0xff, 0xf4, 0x0, 0x0, 0xd,
    0xff, 0xfb, 0x4, 0xff, 0xf5, 0x3f, 0xff, 0x70,
    0x9f, 0xff, 0xf0, 0x0, 0x0, 0x8, 0xff, 0xff,
    0x8, 0xff, 0xf2, 0xf, 0xff, 0xb0, 0xdf, 0xff,
    0xb0, 0x0, 0x0, 0x4, 0xff, 0xff, 0x3c, 0xff,
    0xf0, 0xd, 0xff, 0xe0, 0xff, 0xff, 0x60, 0x0,
    0x0, 0x0, 0xff, 0xff, 0x7f, 0xff, 0xc0, 0x9,
    0xff, 0xf6, 0xff, 0xff, 0x20, 0x0, 0x0, 0x0,
    0xaf, 0xff, 0xdf, 0xff, 0x80, 0x6, 0xff, 0xfd,
    0xff, 0xfd, 0x0, 0x0, 0x0, 0x0, 0x6f, 0xff,
    0xff, 0xff, 0x50, 0x3, 0xff, 0xff, 0xff, 0xf8,
    0x0, 0x0, 0x0, 0x0, 0x1f, 0xff, 0xff, 0xff,
    0x20, 0x0, 0xff, 0xff, 0xff, 0xf4, 0x0, 0x0,
    0x0, 0x0, 0xd, 0xff, 0xff, 0xff, 0x0, 0x0,
    0xcf, 0xff, 0xff, 0xf0, 0x0, 0x0, 0x0, 0x0,
    0x8, 0xff, 0xff, 0xfb, 0x0, 0x0, 0x9f, 0xff,
    0xff, 0xb0, 0x0, 0x0,

    /* U+0078 "x" */
    0x1e, 0xff, 0xff, 0x20, 0x0, 0x0, 0xc, 0xff,
    0xff, 0x60, 0x5f, 0xff, 0xfc, 0x0, 0x0, 0x6,
    0xff, 0xff, 0xb0, 0x0, 0xaf, 0xff, 0xf6, 0x0,
    0x1, 0xff, 0xff, 0xe1, 0x0, 0x1, 0xef, 0xff,
    0xf1, 0x0, 0xaf, 0xff, 0xf5, 0x0, 0x0, 0x4,
    0xff, 0xff, 0xb0, 0x5f, 0xff, 0xfa, 0x0, 0x0,
    0x0, 0x9, 0xff, 0xff, 0x6e, 0xff, 0xfe, 0x10,
    0x0, 0x0, 0x0, 0xe, 0xff, 0xff, 0xff, 0xff,
    0x50, 0x0, 0x0, 0x0, 0x0, 0x4f, 0xff, 0xff,
    0xff, 0xa0, 0x0, 0x0, 0x0, 0x0, 0x0, 0x9f,
    0xff, 0xff, 0xe1, 0x0, 0x0, 0x0, 0x0, 0x0,
    0x7, 0xff, 0xff, 0xfd, 0x0, 0x0, 0x0, 0x0,
    0x0, 0x2, 0xff, 0xff, 0xff, 0xf8, 0x0, 0x0,
    0x0, 0x0, 0x0, 0xdf, 0xff, 0xff, 0xff, 0xf3,
    0x0, 0x0, 0x0, 0x0, 0x8f, 0xff, 0xfb, 0xff,
    0xff, 0xd0, 0x0, 0x0, 0x0, 0x3f, 0xff, 0xfd,
    0x8, 0xff, 0xff, 0x90, 0x0, 0x0, 0xd, 0xff,
    0xff, 0x40, 0xd, 0xff, 0xff, 0x40, 0x0, 0x8,
    0xff, 0xff, 0xa0, 0x0, 0x3f, 0xff, 0xfe, 0x0,
    0x3, 0xff, 0xff, 0xe1, 0x0, 0x0, 0x9f, 0xff,
    0xf9, 0x0, 0xdf, 0xff, 0xf5, 0x0, 0x0, 0x0,
    0xef, 0xff, 0xf4,

    /* U+0079 "y" */
    0xcf, 0xff, 0xf6, 0x0, 0x0, 0x0, 0xd, 0xff,
    0xff, 0x76, 0xff, 0xff, 0xc0, 0x0, 0x0, 0x2,
    0xff, 0xff, 0xf2, 0xf, 0xff, 0xff, 0x20, 0x0,
    0x0, 0x6f, 0xff, 0xfd, 0x0, 0x9f, 0xff, 0xf8,
    0x0, 0x0, 0xa, 0xff, 0xff, 0x80, 0x2, 0xff,
    0xff, 0xe0, 0x0, 0x0, 0xff, 0xff, 0xf3, 0x0,
    0xc, 0xff, 0xff, 0x40, 0x0, 0x3f, 0xff, 0xfe,
    0x0, 0x0, 0x6f, 0xff, 0xfa, 0x0, 0x8, 0xff,
    0xff, 0xa0, 0x0, 0x0, 0xef, 0xff, 0xf1, 0x0,
    0xcf, 0xff, 0xf5, 0x0, 0x0, 0x9, 0xff, 0xff,
    0x60, 0x1f, 0xff, 0xff, 0x0, 0x0, 0x0, 0x2f,
    0xff, 0xfc, 0x5, 0xff, 0xff, 0xb0, 0x0, 0x0,
    0x0, 0xcf, 0xff, 0xf2, 0x9f, 0xff, 0xf6, 0x0,
    0x0, 0x0, 0x5, 0xff, 0xff, 0x8d, 0xff, 0xff,
    0x10, 0x0, 0x0, 0x0, 0xe, 0xff, 0xff, 0xff,
    0xff, 0xd0, 0x0, 0x0, 0x0, 0x0, 0x8f, 0xff,
    0xff, 0xff, 0xf8, 0x0, 0x0, 0x0, 0x0, 0x2,
    0xff, 0xff, 0xff, 0xff, 0x30, 0x0, 0x0, 0x0,
    0x0, 0x5, 0x77, 0xff, 0xff, 0xe0, 0x0, 0x0,
    0x0, 0x0, 0x0, 0x0, 0x3f, 0xff, 0xf9, 0x0,
    0x0, 0x0, 0x0, 0x0, 0x0, 0x9, 0xff, 0xff,
    0x40, 0x0, 0x0, 0x0, 0x0, 0x0, 0x1, 0xff,
    0xff, 0xe0, 0x0, 0x0, 0x0, 0x0, 0x0, 0x2,
    0xcf, 0xff, 0xf9, 0x0, 0x0, 0x0, 0x0, 0x34,
    0x6a, 0xff, 0xff, 0xff, 0x10, 0x0, 0x0, 0x0,
    0x5f, 0xff, 0xff, 0xff, 0xff, 0x50, 0x0, 0x0,
    0x0, 0x5, 0xff, 0xff, 0xff, 0xff, 0x60, 0x0,
    0x0, 0x0, 0x0, 0x5f, 0xff, 0xff, 0xfb, 0x30,
    0x0, 0x0, 0x0, 0x0, 0x5, 0xfe, 0xda, 0x72,
    0x0, 0x0, 0x0, 0x0, 0x0, 0x0,

    /* U+007A "z" */
    0x6, 0xff, 0xff, 0xff, 0xff, 0xff, 0xff, 0xf7,
    0x6, 0xff, 0xff, 0xff, 0xff, 0xff, 0xff, 0xf7,
    0x6, 0xff, 0xff, 0xff, 0xff, 0xff, 0xff, 0xf7,
    0x5, 0xff, 0xff, 0xff, 0xff, 0xff, 0xff, 0xf7,
    0x0, 0x0, 0x0, 0x0, 0x8, 0xff, 0xff, 0xe1,
    0x0, 0x0, 0x0, 0x0, 0x6f, 0xff, 0xff, 0x20,
    0x0, 0x0, 0x0, 0x5, 0xff, 0xff, 0xf4, 0x0,
    0x0, 0x0, 0x0, 0x3f, 0xff, 0xff, 0x50, 0x0,
    0x0, 0x0, 0x2, 0xef, 0xff, 0xf7, 0x0, 0x0,
    0x0, 0x0, 0x1e, 0xff, 0xff, 0x90, 0x0, 0x0,
    0x0, 0x0, 0xcf, 0xff, 0xfa, 0x0, 0x0, 0x0,
    0x0, 0xb, 0xff, 0xff, 0xc0, 0x0, 0x0, 0x0,
    0x0, 0xaf, 0xff, 0xfd, 0x10, 0x0, 0x0, 0x0,
    0x8, 0xff, 0xff, 0xe2, 0x0, 0x0, 0x0, 0x0,
    0xf, 0xff, 0xff, 0xff, 0xff, 0xff, 0xff, 0xfa,
    0xf, 0xff, 0xff, 0xff, 0xff, 0xff, 0xff, 0xfb,
    0xf, 0xff, 0xff, 0xff, 0xff, 0xff, 0xff, 0xfb,
    0xf, 0xff, 0xff, 0xff, 0xff, 0xff, 0xff, 0xfb,

    /* U+007B "{" */
    0x0, 0x0, 0x0, 0x0, 0x21, 0x0, 0x0, 0x18,
    0xdf, 0xf8, 0x0, 0x3, 0xef, 0xff, 0xf8, 0x0,
    0xd, 0xff, 0xff, 0xf8, 0x0, 0x5f, 0xff, 0xff,
    0xf8, 0x0, 0x8f, 0xff, 0xf8, 0x10, 0x0, 0xaf,
    0xff, 0xf0, 0x0, 0x0, 0xaf, 0xff, 0xf0, 0x0,
    0x0, 0xaf, 0xff, 0xf0, 0x0, 0x0, 0xaf, 0xff,
    0xf0, 0x0, 0x0, 0xaf, 0xff, 0xf0, 0x0, 0x0,
    0xaf, 0xff, 0xf0, 0x0, 0x0, 0xbf, 0xff, 0xf0,
    0x0, 0x0, 0xdf, 0xff, 0xd0, 0x0, 0x6b, 0xff,
    0xff, 0x80, 0x0, 0xff, 0xff, 0xfa, 0x0, 0x0,
    0xff, 0xff, 0x81, 0x0, 0x0, 0xff, 0xff, 0xfe,
    0x20, 0x0, 0x5, 0xff, 0xff, 0xb0, 0x0, 0x0,
    0xcf, 0xff, 0xe0, 0x0, 0x0, 0xaf, 0xff, 0xf0,
    0x0, 0x0, 0xaf, 0xff, 0xf0, 0x0, 0x0, 0xaf,
    0xff, 0xf0, 0x0, 0x0, 0xaf, 0xff, 0xf0, 0x0,
    0x0, 0xaf, 0xff, 0xf0, 0x0, 0x0, 0xaf, 0xff,
    0xf0, 0x0, 0x0, 0x9f, 0xff, 0xf1, 0x0, 0x0,
    0x8f, 0xff, 0xfb, 0x41, 0x0, 0x3f, 0xff, 0xff,
    0xf8, 0x0, 0xb, 0xff, 0xff, 0xf8, 0x0, 0x1,
    0xcf, 0xff, 0xf8, 0x0, 0x0, 0x5, 0xad, 0xf7,

    /* U+007C "|" */
    0x13, 0x33, 0x26, 0xff, 0xf9, 0x6f, 0xff, 0x96,
    0xff, 0xf9, 0x6f, 0xff, 0x96, 0xff, 0xf9, 0x6f,
    0xff, 0x96, 0xff, 0xf9, 0x6f, 0xff, 0x96, 0xff,
    0xf9, 0x6f, 0xff, 0x96, 0xff, 0xf9, 0x6f, 0xff,
    0x96, 0xff, 0xf9, 0x6f, 0xff, 0x96, 0xff, 0xf9,
    0x6f, 0xff, 0x96, 0xff, 0xf9, 0x6f, 0xff, 0x96,
    0xff, 0xf9, 0x6f, 0xff, 0x96, 0xff, 0xf9, 0x6f,
    0xff, 0x96, 0xff, 0xf9, 0x6f, 0xff, 0x96, 0xff,
    0xf9, 0x6f, 0xff, 0x96, 0xff, 0xf9, 0x6f, 0xff,
    0x96, 0xff, 0xf9, 0x6f, 0xff, 0x96, 0xff, 0xf9,

    /* U+007D "}" */
    0x2, 0x10, 0x0, 0x0, 0x0, 0x4, 0xff, 0xe9,
    0x20, 0x0, 0x0, 0x4f, 0xff, 0xff, 0x50, 0x0,
    0x4, 0xff, 0xff, 0xff, 0x10, 0x0, 0x4f, 0xff,
    0xff, 0xf8, 0x0, 0x0, 0x6, 0xff, 0xff, 0xb0,
    0x0, 0x0, 0xe, 0xff, 0xfd, 0x0, 0x0, 0x0,
    0xcf, 0xff, 0xe0, 0x0, 0x0, 0xc, 0xff, 0xfe,
    0x0, 0x0, 0x0, 0xcf, 0xff, 0xe0, 0x0, 0x0,
    0xc, 0xff, 0xfe, 0x0, 0x0, 0x0, 0xcf, 0xff,
    0xe0, 0x0, 0x0, 0xc, 0xff, 0xfe, 0x0, 0x0,
    0x0, 0xaf, 0xff, 0xf1, 0x0, 0x0, 0x5, 0xff,
    0xff, 0xc7, 0x0, 0x0, 0x7, 0xff, 0xff, 0xf2,
    0x0, 0x0, 0x7, 0xff, 0xff, 0x20, 0x0, 0x1d,
    0xff, 0xff, 0xf2, 0x0, 0x8, 0xff, 0xff, 0x71,
    0x0, 0x0, 0xbf, 0xff, 0xf0, 0x0, 0x0, 0xc,
    0xff, 0xfe, 0x0, 0x0, 0x0, 0xcf, 0xff, 0xe0,
    0x0, 0x0, 0xc, 0xff, 0xfe, 0x0, 0x0, 0x0,
    0xcf, 0xff, 0xe0, 0x0, 0x0, 0xc, 0xff, 0xfe,
    0x0, 0x0, 0x0, 0xdf, 0xff, 0xd0, 0x0, 0x0,
    0xe, 0xff, 0xfd, 0x0, 0x1, 0x49, 0xff, 0xff,
    0xb0, 0x0, 0x4f, 0xff, 0xff, 0xf6, 0x0, 0x4,
    0xff, 0xff, 0xfe, 0x0, 0x0, 0x4f, 0xff, 0xfe,
    0x30, 0x0, 0x4, 0xfe, 0xb6, 0x0, 0x0, 0x0,

    /* U+007E "~" */
    0x0, 0x5b, 0xef, 0xea, 0x40, 0x0, 0x0, 0x0,
    0x0, 0xa, 0xff, 0xff, 0xff, 0xfc, 0x20, 0x0,
    0x0, 0x48, 0x1f, 0xff, 0xff, 0xff, 0xff, 0xf9,
    0x44, 0x6b, 0xf9, 0x1f, 0xff, 0xff, 0xff, 0xff,
    0xff, 0xff, 0xff, 0xf9, 0x1f, 0xe8, 0x54, 0x6c,
    0xff, 0xff, 0xff, 0xff, 0xf9, 0x1a, 0x10, 0x0,
    0x0, 0x6f, 0xff, 0xff, 0xff, 0xf4, 0x0, 0x0,
    0x0, 0x0, 0x1, 0x8c, 0xff, 0xd9, 0x10,

    /* U+4E00 "一" */
    0x17, 0x77, 0x77, 0x77, 0x77, 0x77, 0x77, 0x77,
    0x77, 0x77, 0x77, 0x77, 0x77, 0x77, 0x74, 0x3f,
    0xff, 0xff, 0xff, 0xff, 0xff, 0xff, 0xff, 0xff,
    0xff, 0xff, 0xff, 0xff, 0xff, 0xfa, 0x3f, 0xff,
    0xff, 0xff, 0xff, 0xff, 0xff, 0xff, 0xff, 0xff,
    0xff, 0xff, 0xff, 0xff, 0xfa, 0x3f, 0xff, 0xff,
    0xff, 0xff, 0xff, 0xff, 0xff, 0xff, 0xff, 0xff,
    0xff, 0xff, 0xff, 0xfa, 0x2f, 0xff, 0xff, 0xff,
    0xff, 0xff, 0xff, 0xff, 0xff, 0xff, 0xff, 0xff,
    0xff, 0xff, 0xf9,

    /* U+4E09 "三" */
    0x1, 0x44, 0x44, 0x44, 0x44, 0x44, 0x44, 0x44,
    0x44, 0x44, 0x44, 0x44, 0x44, 0x43, 0x0, 0x4,
    0xff, 0xff, 0xff, 0xff, 0xff, 0xff, 0xff, 0xff,
    0xff, 0xff, 0xff, 0xff, 0xfd, 0x0, 0x4, 0xff,
    0xff, 0xff, 0xff, 0xff, 0xff, 0xff, 0xff, 0xff,
    0xff, 0xff, 0xff, 0xfd, 0x0, 0x4, 0xff, 0xff,
    0xff, 0xff, 0xff, 0xff, 0xff, 0xff, 0xff, 0xff,
    0xff, 0xff, 0xfd, 0x0, 0x4, 0xff, 0xff, 0xff,
    0xff, 0xff, 0xff, 0xff, 0xff, 0xff, 0xff, 0xff,
    0xff, 0xfd, 0x0, 0x0, 0x0, 0x0, 0x0, 0x0,
    0x0, 0x0, 0x0, 0x0, 0x0, 0x0, 0x0, 0x0,
    0x0, 0x0, 0x0, 0x0, 0x0, 0x0, 0x0, 0x0,
    0x0, 0x0, 0x0, 0x0, 0x0, 0x0, 0x0, 0x0,
    0x0, 0x0, 0x0, 0x0, 0x0, 0x0, 0x0, 0x0,
    0x0, 0x0, 0x0, 0x0, 0x0, 0x0, 0x0, 0x0,
    0x0, 0x0, 0x0, 0x0, 0x0, 0x0, 0x0, 0x0,
    0x0, 0x0, 0x0, 0x0, 0x0, 0x0, 0x0, 0x0,
    0x0, 0x0, 0x0, 0x0, 0x0, 0x0, 0x0, 0x0,
    0x0, 0x0, 0x0, 0x0, 0x0, 0x0, 0x0, 0x0,
    0x0, 0x0, 0x0, 0x0, 0x0, 0x0, 0x0, 0x0,
    0x0, 0x0, 0x0, 0x0, 0x0, 0x0, 0x1, 0xff,
    0xff, 0xff, 0xff, 0xff, 0xff, 0xff, 0xff, 0xff,
    0xff, 0xfa, 0x0, 0x0, 0x0, 0x1, 0xff, 0xff,
    0xff, 0xff, 0xff, 0xff, 0xff, 0xff, 0xff, 0xff,
    0xfb, 0x0, 0x0, 0x0, 0x1, 0xff, 0xff, 0xff,
    0xff, 0xff, 0xff, 0xff, 0xff, 0xff, 0xff, 0xfb,
    0x0, 0x0, 0x0, 0x1, 0xff, 0xff, 0xff, 0xff,
    0xff, 0xff, 0xff, 0xff, 0xff, 0xff, 0xfb, 0x0,
    0x0, 0x0, 0x0, 0x33, 0x33, 0x33, 0x33, 0x33,
    0x33, 0x33, 0x33, 0x33, 0x33, 0x32, 0x0, 0x0,
    0x0, 0x0, 0x0, 0x0, 0x0, 0x0, 0x0, 0x0,
    0x0, 0x0, 0x0, 0x0, 0x0, 0x0, 0x0, 0x0,
    0x0, 0x0, 0x0, 0x0, 0x0, 0x0, 0x0, 0x0,
    0x0, 0x0, 0x0, 0x0, 0x0, 0x0, 0x0, 0x0,
    0x0, 0x0, 0x0, 0x0, 0x0, 0x0, 0x0, 0x0,
    0x0, 0x0, 0x0, 0x0, 0x0, 0x0, 0x0, 0x0,
    0x0, 0x0, 0x0, 0x0, 0x0, 0x0, 0x0, 0x0,
    0x0, 0x0, 0x0, 0x0, 0x0, 0x0, 0x0, 0x0,
    0x0, 0x0, 0x0, 0x0, 0x0, 0x0, 0x0, 0x0,
    0x0, 0x0, 0x0, 0x0, 0x0, 0x0, 0x0, 0x0,
    0x0, 0x0, 0x0, 0x0, 0x0, 0x0, 0x0, 0x0,
    0x0, 0x0, 0x11, 0x11, 0x11, 0x11, 0x11, 0x11,
    0x11, 0x11, 0x11, 0x11, 0x11, 0x11, 0x11, 0x11,
    0x10, 0xef, 0xff, 0xff, 0xff, 0xff, 0xff, 0xff,
    0xff, 0xff, 0xff, 0xff, 0xff, 0xff, 0xff, 0xf8,
    0xef, 0xff, 0xff, 0xff, 0xff, 0xff, 0xff, 0xff,
    0xff, 0xff, 0xff, 0xff, 0xff, 0xff, 0xf8, 0xef,
    0xff, 0xff, 0xff, 0xff, 0xff, 0xff, 0xff, 0xff,
    0xff, 0xff, 0xff, 0xff, 0xff, 0xf8, 0xef, 0xff,
    0xff, 0xff, 0xff, 0xff, 0xff, 0xff, 0xff, 0xff,
    0xff, 0xff, 0xff, 0xff, 0xf8, 0x11, 0x11, 0x11,
    0x11, 0x11, 0x11, 0x11, 0x11, 0x11, 0x11, 0x11,
    0x11, 0x11, 0x11, 0x10,

    /* U+4E8C "二" */
    0x0, 0x7f, 0xff, 0xff, 0xff, 0xff, 0xff, 0xff,
    0xff, 0xff, 0xff, 0xff, 0xff, 0xfe, 0x0, 0x0,
    0x7f, 0xff, 0xff, 0xff, 0xff, 0xff, 0xff, 0xff,
    0xff, 0xff, 0xff, 0xff, 0xfe, 0x0, 0x0, 0x7f,
    0xff, 0xff, 0xff, 0xff, 0xff, 0xff, 0xff, 0xff,
    0xff, 0xff, 0xff, 0xfe, 0x0, 0x0, 0x7f, 0xff,
    0xff, 0xff, 0xff, 0xff, 0xff, 0xff, 0xff, 0xff,
    0xff, 0xff, 0xfe, 0x0, 0x0, 0x26, 0x66, 0x66,
    0x66, 0x66, 0x66, 0x66, 0x66, 0x66, 0x66, 0x66,
    0x66, 0x65, 0x0, 0x0, 0x0, 0x0, 0x0, 0x0,
    0x0, 0x0, 0x0, 0x0, 0x0, 0x0, 0x0, 0x0,
    0x0, 0x0, 0x0, 0x0, 0x0, 0x0, 0x0, 0x0,
    0x0, 0x0, 0x0, 0x0, 0x0, 0x0, 0x0, 0x0,
    0x0, 0x0, 0x0, 0x0, 0x0, 0x0, 0x0, 0x0,
    0x0, 0x0, 0x0, 0x0, 0x0, 0x0, 0x0, 0x0,
    0x0, 0x0, 0x0, 0x0, 0x0, 0x0, 0x0, 0x0,
    0x0, 0x0, 0x0, 0x0, 0x0, 0x0, 0x0, 0x0,
    0x0, 0x0, 0x0, 0x0, 0x0, 0x0, 0x0, 0x0,
    0x0, 0x0, 0x0, 0x0, 0x0, 0x0, 0x0, 0x0,
    0x0, 0x0, 0x0, 0x0, 0x0, 0x0, 0x0, 0x0,
    0x0, 0x0, 0x0, 0x0, 0x0, 0x0, 0x0, 0x0,
    0x0, 0x0, 0x0, 0x0, 0x0, 0x0, 0x0, 0x0,
    0x0, 0x0, 0x0, 0x0, 0x0, 0x0, 0x0, 0x0,
    0x0, 0x0, 0x0, 0x0, 0x0, 0x0, 0x0, 0x0,
    0x0, 0x0, 0x0, 0x0, 0x0, 0x0, 0x0, 0x0,
    0x0, 0x0, 0x0, 0x0, 0x0, 0x0, 0x0, 0x0,
    0x0, 0x0, 0x0, 0x0, 0x0, 0x0, 0x0, 0x0,
    0x0, 0x0, 0x0, 0x0, 0x0, 0x0, 0x0, 0x0,
    0x0, 0x0, 0x0, 0x0, 0x0, 0x0, 0x0, 0x0,
    0x0, 0x0, 0x0, 0x0, 0x0, 0x0, 0x0, 0x0,
    0x0, 0x0, 0x0, 0x0, 0x0, 0x0, 0x0, 0x0,
    0x0, 0x0, 0x0, 0x0, 0x0, 0x0, 0x0, 0x0,
    0x0, 0x0, 0x0, 0x0, 0x0, 0x0, 0x0, 0x0,
    0x0, 0x0, 0x0, 0x0, 0x0, 0x0, 0x0, 0x0,
    0x0, 0x0, 0x0, 0x0, 0x0, 0x0, 0x0, 0x0,
    0x0, 0x0, 0x0, 0x0, 0x0, 0x0, 0x0, 0x0,
    0x0, 0x0, 0x0, 0x0, 0x0, 0x0, 0x0, 0x0,
    0x0, 0x0, 0x0, 0x0, 0x0, 0x0, 0x0, 0x0,
    0x0, 0x0, 0x0, 0x0, 0x0, 0x0, 0x0, 0x0,
    0x0, 0x0, 0x0, 0x17, 0x77, 0x77, 0x77, 0x77,
    0x77, 0x77, 0x77, 0x77, 0x77, 0x77, 0x77, 0x77,
    0x77, 0x74, 0x3f, 0xff, 0xff, 0xff, 0xff, 0xff,
    0xff, 0xff, 0xff, 0xff, 0xff, 0xff, 0xff, 0xff,
    0xfa, 0x3f, 0xff, 0xff, 0xff, 0xff, 0xff, 0xff,
    0xff, 0xff, 0xff, 0xff, 0xff, 0xff, 0xff, 0xfa,
    0x3f, 0xff, 0xff, 0xff, 0xff, 0xff, 0xff, 0xff,
    0xff, 0xff, 0xff, 0xff, 0xff, 0xff, 0xfa, 0x2e,
    0xee, 0xee, 0xee, 0xee, 0xee, 0xee, 0xee, 0xee,
    0xee, 0xee, 0xee, 0xee, 0xee, 0xe8,

    /* U+4E94 "五" */
    0x0, 0x3f, 0xff, 0xff, 0xff, 0xff, 0xff, 0xff,
    0xff, 0xff, 0xff, 0xff, 0xff, 0xff, 0xf3, 0x0,
    0x0, 0x3f, 0xff, 0xff, 0xff, 0xff, 0xff, 0xff,
    0xff, 0xff, 0xff, 0xff, 0xff, 0xff, 0xf3, 0x0,
    0x0, 0x3f, 0xff, 0xff, 0xff, 0xff, 0xff, 0xff,
    0xff, 0xff, 0xff, 0xff, 0xff, 0xff, 0xf3, 0x0,
    0x0, 0x3f, 0xff, 0xff, 0xff, 0xff, 0xff, 0xff,
    0xff, 0xff, 0xff, 0xff, 0xff, 0xff, 0xf3, 0x0,
    0x0, 0x1, 0x11, 0x11, 0x11, 0x11, 0xef, 0xff,
    0x61, 0x11, 0x11, 0x11, 0x11, 0x11, 0x10, 0x0,
    0x0, 0x0, 0x0, 0x0, 0x0, 0x0, 0xff, 0xff,
    0x20, 0x0, 0x0, 0x0, 0x0, 0x0, 0x0, 0x0,
    0x0, 0x0, 0x0, 0x0, 0x0, 0x3, 0xff, 0xff,
    0x0, 0x0, 0x0, 0x0, 0x0, 0x0, 0x0, 0x0,
    0x0, 0x0, 0x0, 0x0, 0x0, 0x6, 0xff, 0xfd,
    0x0, 0x0, 0x0, 0x0, 0x0, 0x0, 0x0, 0x0,
    0x0, 0x0, 0x0, 0x0, 0x0, 0x9, 0xff, 0xfa,
    0x0, 0x0, 0x0, 0x0, 0x0, 0x0, 0x0, 0x0,
    0x0, 0x0, 0x0, 0x0, 0x0, 0xb, 0xff, 0xf7,
    0x0, 0x0, 0x0, 0x0, 0x0, 0x0, 0x0, 0x0,
    0x0, 0x0, 0xe, 0xff, 0xff, 0xff, 0xff, 0xff,
    0xff, 0xff, 0xff, 0xff, 0xff, 0xf1, 0x0, 0x0,
    0x0, 0x0, 0xf, 0xff, 0xff, 0xff, 0xff, 0xff,
    0xff, 0xff, 0xff, 0xff, 0xff, 0xf1, 0x0, 0x0,
    0x0, 0x0, 0xf, 0xff, 0xff, 0xff, 0xff, 0xff,
    0xff, 0xff, 0xff, 0xff, 0xff, 0xf1, 0x0, 0x0,
    0x0, 0x0, 0xf, 0xff, 0xff, 0xff, 0xff, 0xff,
    0xff, 0xff, 0xff, 0xff, 0xff, 0xf1, 0x0, 0x0,
    0x0, 0x0, 0x2, 0x22, 0x22, 0xbf, 0xff, 0xa2,
    0x22, 0x22, 0x22, 0x2f, 0xff, 0xf1, 0x0, 0x0,
    0x0, 0x0, 0x0, 0x0, 0x0, 0xcf, 0xff, 0x60,
    0x0, 0x0, 0x0, 0xf, 0xff, 0xf1, 0x0, 0x0,
    0x0, 0x0, 0x0, 0x0, 0x0, 0xff, 0xff, 0x40,
    0x0, 0x0, 0x0, 0xf, 0xff, 0xf1, 0x0, 0x0,
    0x0, 0x0, 0x0, 0x0, 0x2, 0xff, 0xff, 0x10,
    0x0, 0x0, 0x0, 0xf, 0xff, 0xf1, 0x0, 0x0,
    0x0, 0x0, 0x0, 0x0, 0x4, 0xff, 0xff, 0x0,
    0x0, 0x0, 0x0, 0xf, 0xff, 0xf1, 0x0, 0x0,
    0x0, 0x0, 0x0, 0x0, 0x7, 0xff, 0xfc, 0x0,
    0x0, 0x0, 0x0, 0xf, 0xff, 0xf1, 0x0, 0x0,
    0x0, 0x0, 0x0, 0x0, 0x9, 0xff, 0xf9, 0x0,
    0x0, 0x0, 0x0, 0xf, 0xff, 0xf1, 0x0, 0x0,
    0x0, 0x0, 0x0, 0x0, 0xc, 0xff, 0xf7, 0x0,
    0x0, 0x0, 0x0, 0xf, 0xff, 0xf1, 0x0, 0x0,
    0x0, 0x0, 0x0, 0x0, 0xf, 0xff, 0xf4, 0x0,
    0x0, 0x0, 0x0, 0xf, 0xff, 0xf1, 0x0, 0x0,
    0x2, 0x22, 0x22, 0x22, 0x3f, 0xff, 0xf3, 0x22,
    0x22, 0x22, 0x22, 0x2f, 0xff, 0xf3, 0x22, 0x20,
    0xf, 0xff, 0xff, 0xff, 0xff, 0xff, 0xff, 0xff,
    0xff, 0xff, 0xff, 0xff, 0xff, 0xff, 0xff, 0xf0,
    0xf, 0xff, 0xff, 0xff, 0xff, 0xff, 0xff, 0xff,
    0xff, 0xff, 0xff, 0xff, 0xff, 0xff, 0xff, 0xf0,
    0xf, 0xff, 0xff, 0xff, 0xff, 0xff, 0xff, 0xff,
    0xff, 0xff, 0xff, 0xff, 0xff, 0xff, 0xff, 0xf0,
    0xf, 0xff, 0xff, 0xff, 0xff, 0xff, 0xff, 0xff,
    0xff, 0xff, 0xff, 0xff, 0xff, 0xff, 0xff, 0xf0,

    /* U+516D "六" */
    0x0, 0x0, 0x0, 0x0, 0x0, 0x0, 0x2f, 0xff,
    0xf2, 0x0, 0x0, 0x0, 0x0, 0x0, 0x0, 0x0,
    0x0, 0x0, 0x0, 0x0, 0x0, 0x2f, 0xff, 0xf2,
    0x0, 0x0, 0x0, 0x0, 0x0, 0x0, 0x0, 0x0,
    0x0, 0x0, 0x0, 0x0, 0x2f, 0xff, 0xf2, 0x0,
    0x0, 0x0, 0x0, 0x0, 0x0, 0x0, 0x0, 0x0,
    0x0, 0x0, 0x0, 0x2f, 0xff, 0xf2, 0x0, 0x0,
    0x0, 0x0, 0x0, 0x0, 0x0, 0x0, 0x0, 0x0,
    0x0, 0x0, 0x2f, 0xff, 0xf2, 0x0, 0x0, 0x0,
    0x0, 0x0, 0x0, 0x2e, 0xee, 0xee, 0xee, 0xee,
    0xee, 0xef, 0xff, 0xfe, 0xee, 0xee, 0xee, 0xee,
    0xee, 0xe2, 0x2f, 0xff, 0xff, 0xff, 0xff, 0xff,
    0xff, 0xff, 0xff, 0xff, 0xff, 0xff, 0xff, 0xff,
    0xf2, 0x2f, 0xff, 0xff, 0xff, 0xff, 0xff, 0xff,
    0xff, 0xff, 0xff, 0xff, 0xff, 0xff, 0xff, 0xf2,
    0x2f, 0xff, 0xff, 0xff, 0xff, 0xff, 0xff, 0xff,
    0xff, 0xff, 0xff, 0xff, 0xff, 0xff, 0xf2, 0x5,
    0x55, 0x55, 0x55, 0x55, 0x55, 0x55, 0x55, 0x55,
    0x55, 0x55, 0x55, 0x55, 0x55, 0x50, 0x0, 0x0,
    0x0, 0x0, 0x0, 0x0, 0x0, 0x0, 0x0, 0x0,
    0x0, 0x0, 0x0, 0x0, 0x0, 0x0, 0x0, 0x0,
    0x0, 0x0, 0x0, 0x0, 0x0, 0x0, 0x0, 0x0,
    0x0, 0x0, 0x0, 0x0, 0x0, 0x0, 0x0, 0x0,
    0x0, 0x0, 0x0, 0x0, 0x0, 0x0, 0x0, 0x0,
    0x0, 0x0, 0x0, 0x0, 0x0, 0x0, 0x2c, 0xcc,
    0xc1, 0x0, 0x0, 0x0, 0x1c, 0xcc, 0xc2, 0x0,
    0x0, 0x0, 0x0, 0x0, 0x0, 0x7f, 0xff, 0xe0,
    0x0, 0x0, 0x0, 0xe, 0xff, 0xf7, 0x0, 0x0,
    0x0, 0x0, 0x0, 0x0, 0xcf, 0xff, 0x90, 0x0,
    0x0, 0x0, 0xa, 0xff, 0xfc, 0x0, 0x0, 0x0,
    0x0, 0x0, 0x1, 0xff, 0xff, 0x50, 0x0, 0x0,
    0x0, 0x5, 0xff, 0xff, 0x10, 0x0, 0x0, 0x0,
    0x0, 0x6, 0xff, 0xff, 0x10, 0x0, 0x0, 0x0,
    0x1, 0xff, 0xff, 0x60, 0x0, 0x0, 0x0, 0x0,
    0xb, 0xff, 0xfc, 0x0, 0x0, 0x0, 0x0, 0x0,
    0xcf, 0xff, 0xb0, 0x0, 0x0, 0x0, 0x0, 0x1f,
    0xff, 0xf6, 0x0, 0x0, 0x0, 0x0, 0x0, 0x6f,
    0xff, 0xf1, 0x0, 0x0, 0x0, 0x0, 0x7f, 0xff,
    0xf1, 0x0, 0x0, 0x0, 0x0, 0x0, 0x1f, 0xff,
    0xf7, 0x0, 0x0, 0x0, 0x0, 0xdf, 0xff, 0xc0,
    0x0, 0x0, 0x0, 0x0, 0x0, 0xc, 0xff, 0xfd,
    0x0, 0x0, 0x0, 0x4, 0xff, 0xff, 0x50, 0x0,
    0x0, 0x0, 0x0, 0x0, 0x5, 0xff, 0xff, 0x40,
    0x0, 0x0, 0xb, 0xff, 0xff, 0x0, 0x0, 0x0,
    0x0, 0x0, 0x0, 0x0, 0xff, 0xff, 0xb0, 0x0,
    0x0, 0x2f, 0xff, 0xf9, 0x0, 0x0, 0x0, 0x0,
    0x0, 0x0, 0x0, 0x9f, 0xff, 0xf2, 0x0, 0x0,
    0xaf, 0xff, 0xf2, 0x0, 0x0, 0x0, 0x0, 0x0,
    0x0, 0x0, 0x2f, 0xff, 0xfa, 0x0, 0x2, 0xff,
    0xff, 0xb0, 0x0, 0x0, 0x0, 0x0, 0x0, 0x0,
    0x0, 0xb, 0xff, 0xff, 0x20, 0xa, 0xff, 0xff,
    0x40, 0x0, 0x0, 0x0, 0x0, 0x0, 0x0, 0x0,
    0x4, 0xff, 0xff, 0xa0, 0x2f, 0xff, 0xfc, 0x0,
    0x0, 0x0, 0x0, 0x0, 0x0, 0x0, 0x0, 0x0,
    0xcf, 0xff, 0xf2,

    /* U+5468 "周" */
    0x0, 0xe, 0xff, 0xff, 0xff, 0xff, 0xff, 0xff,
    0xff, 0xff, 0xff, 0xff, 0xff, 0xff, 0xe0, 0x0,
    0xef, 0xff, 0xff, 0xff, 0xff, 0xff, 0xff, 0xff,
    0xff, 0xff, 0xff, 0xff, 0xfe, 0x0, 0xe, 0xff,
    0xff, 0xff, 0xff, 0xff, 0xff, 0xff, 0xff, 0xff,
    0xff, 0xff, 0xff, 0xe0, 0x0, 0xef, 0xff, 0xff,
    0xff, 0xff, 0xff, 0xff, 0xff, 0xff, 0xff, 0xff,
    0xff, 0xfe, 0x0, 0xe, 0xff, 0xf3, 0x0, 0x0,
    0x1, 0x99, 0x99, 0x0, 0x0, 0x0, 0x3f, 0xff,
    0xe0, 0x0, 0xef, 0xff, 0x30, 0x0, 0x0, 0x2f,
    0xff, 0xf0, 0x0, 0x0, 0x3, 0xff, 0xfe, 0x0,
    0xe, 0xff, 0xf3, 0x2f, 0xff, 0xff, 0xff, 0xff,
    0xff, 0xff, 0xf0, 0x3f, 0xff, 0xe0, 0x0, 0xef,
    0xff, 0x32, 0xff, 0xff, 0xff, 0xff, 0xff, 0xff,
    0xff, 0x3, 0xff, 0xfe, 0x0, 0xe, 0xff, 0xf3,
    0x2f, 0xff, 0xff, 0xff, 0xff, 0xff, 0xff, 0xf0,
    0x3f, 0xff, 0xe0, 0x0, 0xef, 0xff, 0x31, 0xaa,
    0xaa, 0xbf, 0xff, 0xfa, 0xaa, 0xaa, 0x3, 0xff,
    0xfe, 0x0, 0xe, 0xff, 0xf3, 0x0, 0x0, 0x2,
    0xff, 0xff, 0x0, 0x0, 0x0, 0x3f, 0xff, 0xe0,
    0x0, 0xef, 0xff, 0x3a, 0xcc, 0xcc, 0xcf, 0xff,
    0xfc, 0xcc, 0xcc, 0x23, 0xff, 0xfe, 0x0, 0xe,
    0xff, 0xf3, 0xdf, 0xff, 0xff, 0xff, 0xff, 0xff,
    0xff, 0xf3, 0x3f, 0xff, 0xe0, 0x0, 0xef, 0xff,
    0x3d, 0xff, 0xff, 0xff, 0xff, 0xff, 0xff, 0xff,
    0x33, 0xff, 0xfe, 0x0, 0xe, 0xff, 0xf3, 0xcf,
    0xff, 0xff, 0xff, 0xff, 0xff, 0xff, 0xf3, 0x3f,
    0xff, 0xe0, 0x0, 0xef, 0xff, 0x20, 0x0, 0x0,
    0x0, 0x0, 0x0, 0x0, 0x0, 0x3, 0xff, 0xfe,
    0x0, 0xf, 0xff, 0xf2, 0xa, 0xaa, 0xaa, 0xaa,
    0xaa, 0xaa, 0xaa, 0x60, 0x2f, 0xff, 0xe0, 0x0,
    0xff, 0xff, 0x10, 0xff, 0xff, 0xff, 0xff, 0xff,
    0xff, 0xf9, 0x2, 0xff, 0xfe, 0x0, 0x1f, 0xff,
    0xf0, 0xf, 0xff, 0xff, 0xff, 0xff, 0xff, 0xff,
    0x90, 0x2f, 0xff, 0xe0, 0x3, 0xff, 0xff, 0x0,
    0xff, 0xff, 0xff, 0xff, 0xff, 0xff, 0xf9, 0x2,
    0xff, 0xfe, 0x0, 0x5f, 0xff, 0xd0, 0xf, 0xff,
    0xf4, 0x0, 0x0, 0xaf, 0xff, 0x90, 0x2f, 0xff,
    0xe0, 0x7, 0xff, 0xfb, 0x0, 0xff, 0xff, 0x40,
    0x0, 0xa, 0xff, 0xf9, 0x2, 0xff, 0xfe, 0x0,
    0xaf, 0xff, 0x80, 0xf, 0xff, 0xf4, 0x0, 0x0,
    0xaf, 0xff, 0x90, 0x2f, 0xff, 0xe0, 0xe, 0xff,
    0xf5, 0x0, 0xff, 0xff, 0xff, 0xff, 0xff, 0xff,
    0xf9, 0x15, 0xff, 0xfe, 0x1, 0xff, 0xff, 0x20,
    0xf, 0xff, 0xff, 0xff, 0xff, 0xff, 0xff, 0x98,
    0xff, 0xff, 0xe0, 0x6f, 0xff, 0xe0, 0x0, 0xff,
    0xff, 0xff, 0xff, 0xff, 0xff, 0xf9, 0x8f, 0xff,
    0xfe, 0xb, 0xff, 0xfa, 0x0, 0xa, 0xbb, 0xbb,
    0xbb, 0xbb, 0xbb, 0xbb, 0x68, 0xff, 0xff, 0xe1,
    0xff, 0xff, 0x60, 0x0, 0x0, 0x0, 0x0, 0x0,
    0x0, 0x0, 0x0, 0x8f, 0xff, 0xfe,

    /* U+56DB "四" */
    0x23, 0x33, 0x33, 0x33, 0x33, 0x33, 0x33, 0x33,
    0x33, 0x33, 0x33, 0x33, 0x33, 0x30, 0xef, 0xff,
    0xff, 0xff, 0xff, 0xff, 0xff, 0xff, 0xff, 0xff,
    0xff, 0xff, 0xff, 0xf4, 0xef, 0xff, 0xff, 0xff,
    0xff, 0xff, 0xff, 0xff, 0xff, 0xff, 0xff, 0xff,
    0xff, 0xf4, 0xef, 0xff, 0xff, 0xff, 0xff, 0xff,
    0xff, 0xff, 0xff, 0xff, 0xff, 0xff, 0xff, 0xf4,
    0xef, 0xff, 0xff, 0xff, 0xff, 0xff, 0xff, 0xff,
    0xff, 0xff, 0xff, 0xff, 0xff, 0xf4, 0xef, 0xff,
    0x30, 0x0, 0xef, 0xff, 0x20, 0xe, 0xff, 0xf1,
    0x0, 0xe, 0xff, 0xf4, 0xef, 0xff, 0x30, 0x0,
    0xff, 0xff, 0x20, 0xe, 0xff, 0xf1, 0x0, 0xe,
    0xff, 0xf3, 0xef, 0xff, 0x30, 0x0, 0xff, 0xff,
    0x10, 0xe, 0xff, 0xf1, 0x0, 0xe, 0xff, 0xf3,
    0xef, 0xff, 0x30, 0x1, 0xff, 0xff, 0x0, 0xe,
    0xff, 0xf1, 0x0, 0xe, 0xff, 0xf3, 0xef, 0xff,
    0x30, 0x4, 0xff, 0xfe, 0x0, 0xe, 0xff, 0xf1,
    0x0, 0xe, 0xff, 0xf3, 0xef, 0xff, 0x30, 0x7,
    0xff, 0xfc, 0x0, 0xe, 0xff, 0xf1, 0x0, 0xe,
    0xff, 0xf3, 0xef, 0xff, 0x30, 0xa, 0xff, 0xf9,
    0x0, 0xe, 0xff, 0xf1, 0x0, 0xe, 0xff, 0xf3,
    0xef, 0xff, 0x30, 0xe, 0xff, 0xf5, 0x0, 0xe,
    0xff, 0xf1, 0x0, 0xe, 0xff, 0xf3, 0xef, 0xff,
    0x30, 0x4f, 0xff, 0xf1, 0x0, 0xe, 0xff, 0xf1,
    0x0, 0xe, 0xff, 0xf3, 0xef, 0xff, 0x30, 0xbf,
    0xff, 0xc0, 0x0, 0xe, 0xff, 0xf1, 0x0, 0xe,
    0xff, 0xf3, 0xef, 0xff, 0x33, 0xff, 0xff, 0x70,
    0x0, 0xe, 0xff, 0xfe, 0xee, 0xef, 0xff, 0xf3,
    0xef, 0xff, 0x3b, 0xff, 0xff, 0x10, 0x0, 0xe,
    0xff, 0xff, 0xff, 0xff, 0xff, 0xf3, 0xef, 0xff,
    0x9f, 0xff, 0xf9, 0x0, 0x0, 0xe, 0xff, 0xff,
    0xff, 0xff, 0xff, 0xf3, 0xef, 0xff, 0xff, 0xff,
    0xf1, 0x0, 0x0, 0xe, 0xff, 0xff, 0xff, 0xff,
    0xff, 0xf3, 0xef, 0xff, 0xba, 0xaa, 0x60, 0x0,
    0x0, 0x1, 0x22, 0x22, 0x22, 0x2e, 0xff, 0xf3,
    0xef, 0xff, 0x30, 0x0, 0x0, 0x0, 0x0, 0x0,
    0x0, 0x0, 0x0, 0xe, 0xff, 0xf3, 0xef, 0xff,
    0x30, 0x0, 0x0, 0x0, 0x0, 0x0, 0x0, 0x0,
    0x0, 0xe, 0xff, 0xf3, 0xef, 0xff, 0x30, 0x0,
    0x0, 0x0, 0x0, 0x0, 0x0, 0x0, 0x0, 0xe,
    0xff, 0xf3, 0xef, 0xff, 0xff, 0xff, 0xff, 0xff,
    0xff, 0xff, 0xff, 0xff, 0xff, 0xff, 0xff, 0xf3,
    0xef, 0xff, 0xff, 0xff, 0xff, 0xff, 0xff, 0xff,
    0xff, 0xff, 0xff, 0xff, 0xff, 0xf3, 0xef, 0xff,
    0xff, 0xff, 0xff, 0xff, 0xff, 0xff, 0xff, 0xff,
    0xff, 0xff, 0xff, 0xf3, 0xef, 0xff, 0xff, 0xff,
    0xff, 0xff, 0xff, 0xff, 0xff, 0xff, 0xff, 0xff,
    0xff, 0xf3, 0x11, 0x11, 0x11, 0x11, 0x11, 0x11,
    0x11, 0x11, 0x11, 0x11, 0x11, 0x11, 0x11, 0x10,

    /* U+65E5 "日" */
    0xef, 0xff, 0xff, 0xff, 0xff, 0xff, 0xff, 0xff,
    0xff, 0xff, 0xff, 0xfe, 0xef, 0xff, 0xff, 0xff,
    0xff, 0xff, 0xff, 0xff, 0xff, 0xff, 0xff, 0xfe,
    0xef, 0xff, 0xff, 0xff, 0xff, 0xff, 0xff, 0xff,
    0xff, 0xff, 0xff, 0xfe, 0xef, 0xff, 0xff, 0xff,
    0xff, 0xff, 0xff, 0xff, 0xff, 0xff, 0xff, 0xfe,
    0xef, 0xff, 0x73, 0x33, 0x33, 0x33, 0x33, 0x33,
    0x33, 0x37, 0xff, 0xfe, 0xef, 0xff, 0x50, 0x0,
    0x0, 0x0, 0x0, 0x0, 0x0, 0x5, 0xff, 0xfe,
    0xef, 0xff, 0x50, 0x0, 0x0, 0x0, 0x0, 0x0,
    0x0, 0x5, 0xff, 0xfe, 0xef, 0xff, 0x50, 0x0,
    0x0, 0x0, 0x0, 0x0, 0x0, 0x5, 0xff, 0xfe,
    0xef, 0xff, 0x50, 0x0, 0x0, 0x0, 0x0, 0x0,
    0x0, 0x5, 0xff, 0xfe, 0xef, 0xff, 0x50, 0x0,
    0x0, 0x0, 0x0, 0x0, 0x0, 0x5, 0xff, 0xfe,
    0xef, 0xff, 0x50, 0x0, 0x0, 0x0, 0x0, 0x0,
    0x0, 0x5, 0xff, 0xfe, 0xef, 0xff, 0x73, 0x33,
    0x33, 0x33, 0x33, 0x33, 0x33, 0x37, 0xff, 0xfe,
    0xef, 0xff, 0xff, 0xff, 0xff, 0xff, 0xff, 0xff,
    0xff, 0xff, 0xff, 0xfe, 0xef, 0xff, 0xff, 0xff,
    0xff, 0xff, 0xff, 0xff, 0xff, 0xff, 0xff, 0xfe,
    0xef, 0xff, 0xff, 0xff, 0xff, 0xff, 0xff, 0xff,
    0xff, 0xff, 0xff, 0xfe, 0xef, 0xff, 0xff, 0xff,
    0xff, 0xff, 0xff, 0xff, 0xff, 0xff, 0xff, 0xfe,
    0xef, 0xff, 0x50, 0x0, 0x0, 0x0, 0x0, 0x0,
    0x0, 0x5, 0xff, 0xfe, 0xef, 0xff, 0x50, 0x0,
    0x0, 0x0, 0x0, 0x0, 0x0, 0x5, 0xff, 0xfe,
    0xef, 0xff, 0x50, 0x0, 0x0, 0x0, 0x0, 0x0,
    0x0, 0x5, 0xff, 0xfe, 0xef, 0xff, 0x50, 0x0,
    0x0, 0x0, 0x0, 0x0, 0x0, 0x5, 0xff, 0xfe,
    0xef, 0xff, 0x50, 0x0, 0x0, 0x0, 0x0, 0x0,
    0x0, 0x5, 0xff, 0xfe, 0xef, 0xff, 0x50, 0x0,
    0x0, 0x0, 0x0, 0x0, 0x0, 0x5, 0xff, 0xfe,
    0xef, 0xff, 0x50, 0x0, 0x0, 0x0, 0x0, 0x0,
    0x0, 0x5, 0xff, 0xfe, 0xef, 0xff, 0x73, 0x33,
    0x33, 0x33, 0x33, 0x33, 0x33, 0x37, 0xff, 0xfe,
    0xef, 0xff, 0xff, 0xff, 0xff, 0xff, 0xff, 0xff,
    0xff, 0xff, 0xff, 0xfe, 0xef, 0xff, 0xff, 0xff,
    0xff, 0xff, 0xff, 0xff, 0xff, 0xff, 0xff, 0xfe,
    0xef, 0xff, 0xff, 0xff, 0xff, 0xff, 0xff, 0xff,
    0xff, 0xff, 0xff, 0xfe, 0xef, 0xff, 0xff, 0xff,
    0xff, 0xff, 0xff, 0xff, 0xff, 0xff, 0xff, 0xfe,

    /* U+661F "星" */
    0x0, 0x5, 0xff, 0xff, 0xff, 0xff, 0xff, 0xff,
    0xff, 0xff, 0xff, 0xff, 0xff, 0xc0, 0x0, 0x0,
    0x5, 0xff, 0xff, 0xff, 0xff, 0xff, 0xff, 0xff,
    0xff, 0xff, 0xff, 0xff, 0xc0, 0x0, 0x0, 0x5,
    0xff, 0xff, 0xff, 0xff, 0xff, 0xff, 0xff, 0xff,
    0xff, 0xff, 0xff, 0xc0, 0x0, 0x0, 0x5, 0xff,
    0xfd, 0x55, 0x55, 0x55, 0x55, 0x55, 0x55, 0x55,
    0x9f, 0xff, 0xc0, 0x0, 0x0, 0x5, 0xff, 0xff,
    0xcc, 0xcc, 0xcc, 0xcc, 0xcc, 0xcc, 0xcc, 0xdf,
    0xff, 0xc0, 0x0, 0x0, 0x5, 0xff, 0xff, 0xff,
    0xff, 0xff, 0xff, 0xff, 0xff, 0xff, 0xff, 0xff,
    0xc0, 0x0, 0x0, 0x5, 0xff, 0xff, 0xff, 0xff,
    0xff, 0xff, 0xff, 0xff, 0xff, 0xff, 0xff, 0xc0,
    0x0, 0x0, 0x5, 0xff, 0xfd, 0x11, 0x11, 0x11,
    0x11, 0x11, 0x11, 0x11, 0x6f, 0xff, 0xc0, 0x0,
    0x0, 0x5, 0xff, 0xfd, 0x33, 0x33, 0x33, 0x33,
    0x33, 0x33, 0x33, 0x7f, 0xff, 0xc0, 0x0, 0x0,
    0x5, 0xff, 0xff, 0xff, 0xff, 0xff, 0xff, 0xff,
    0xff, 0xff, 0xff, 0xff, 0xc0, 0x0, 0x0, 0x5,
    0xff, 0xff, 0xff, 0xff, 0xff, 0xff, 0xff, 0xff,
    0xff, 0xff, 0xff, 0xc0, 0x0, 0x0, 0x5, 0xff,
    0xff, 0xff, 0xff, 0xff, 0xff, 0xff, 0xff, 0xff,
    0xff, 0xff, 0xc0, 0x0, 0x0, 0x2, 0x66, 0x66,
    0x22, 0x22, 0x23, 0x66, 0x66, 0x22, 0x22, 0x22,
    0x22, 0x20, 0x0, 0x0, 0xa, 0xff, 0xfb, 0x0,
    0x0, 0x4, 0xff, 0xff, 0x0, 0x0, 0x0, 0x0,
    0x0, 0x0, 0x0, 0xf, 0xff, 0xff, 0xff, 0xff,
    0xff, 0xff, 0xff, 0xff, 0xff, 0xff, 0xff, 0xff,
    0xe0, 0x0, 0x7f, 0xff, 0xff, 0xff, 0xff, 0xff,
    0xff, 0xff, 0xff, 0xff, 0xff, 0xff, 0xff, 0xe0,
    0x1, 0xef, 0xff, 0xff, 0xff, 0xff, 0xff, 0xff,
    0xff, 0xff, 0xff, 0xff, 0xff, 0xff, 0xe0, 0xa,
    0xff, 0xff, 0x99, 0x99, 0x99, 0x9b, 0xff, 0xff,
    0x99, 0x99, 0x99, 0x99, 0x99, 0x80, 0x3c, 0xcc,
    0xc5, 0x0, 0x0, 0x0, 0x4, 0xff, 0xff, 0x0,
    0x0, 0x0, 0x0, 0x0, 0x0, 0x0, 0xf, 0xff,
    0xff, 0xff, 0xff, 0xff, 0xff, 0xff, 0xff, 0xff,
    0xff, 0xff, 0xf7, 0x0, 0x0, 0xf, 0xff, 0xff,
    0xff, 0xff, 0xff, 0xff, 0xff, 0xff, 0xff, 0xff,
    0xff, 0xf7, 0x0, 0x0, 0xf, 0xff, 0xff, 0xff,
    0xff, 0xff, 0xff, 0xff, 0xff, 0xff, 0xff, 0xff,
    0xf7, 0x0, 0x0, 0x6, 0x66, 0x66, 0x66, 0x66,
    0x68, 0xff, 0xff, 0x66, 0x66, 0x66, 0x66, 0x62,
    0x0, 0x0, 0x0, 0x0, 0x0, 0x0, 0x0, 0x4,
    0xff, 0xff, 0x0, 0x0, 0x0, 0x0, 0x0, 0x0,
    0x19, 0x99, 0x99, 0x99, 0x99, 0x99, 0x9b, 0xff,
    0xff, 0x99, 0x99, 0x99, 0x99, 0x99, 0x95, 0x3f,
    0xff, 0xff, 0xff, 0xff, 0xff, 0xff, 0xff, 0xff,
    0xff, 0xff, 0xff, 0xff, 0xff, 0xfa, 0x3f, 0xff,
    0xff, 0xff, 0xff, 0xff, 0xff, 0xff, 0xff, 0xff,
    0xff, 0xff, 0xff, 0xff, 0xfa, 0x3f, 0xff, 0xff,
    0xff, 0xff, 0xff, 0xff, 0xff, 0xff, 0xff, 0xff,
    0xff, 0xff, 0xff, 0xfa,

    /* U+671F "期" */
    0x0, 0xff, 0xff, 0x0, 0x0, 0xbf, 0xff, 0x40,
    0x0, 0x0, 0x0, 0x0, 0x0, 0x0, 0x0, 0xf,
    0xff, 0xf1, 0x0, 0xb, 0xff, 0xf4, 0x6, 0xff,
    0xff, 0xff, 0xff, 0xff, 0xff, 0x9f, 0xff, 0xff,
    0xff, 0xff, 0xff, 0xff, 0xfe, 0x6f, 0xff, 0xff,
    0xff, 0xff, 0xff, 0xf9, 0xff, 0xff, 0xff, 0xff,
    0xff, 0xff, 0xff, 0xe6, 0xff, 0xff, 0xff, 0xff,
    0xff, 0xff, 0x9f, 0xff, 0xff, 0xff, 0xff, 0xff,
    0xff, 0xfe, 0x6f, 0xff, 0xff, 0xff, 0xff, 0xff,
    0xf5, 0x9f, 0xff, 0xf9, 0x99, 0x9e, 0xff, 0xfb,
    0x86, 0xff, 0xfa, 0x11, 0x11, 0xff, 0xff, 0x0,
    0xff, 0xff, 0x0, 0x0, 0xbf, 0xff, 0x40, 0x6f,
    0xff, 0x90, 0x0, 0xf, 0xff, 0xf0, 0xf, 0xff,
    0xf3, 0x33, 0x3c, 0xff, 0xf4, 0x6, 0xff, 0xf9,
    0x0, 0x0, 0xff, 0xff, 0x0, 0xff, 0xff, 0xff,
    0xff, 0xff, 0xff, 0x40, 0x6f, 0xff, 0x90, 0x0,
    0xf, 0xff, 0xf0, 0xf, 0xff, 0xff, 0xff, 0xff,
    0xff, 0xf4, 0x6, 0xff, 0xff, 0xee, 0xee, 0xff,
    0xff, 0x0, 0xff, 0xff, 0xff, 0xff, 0xff, 0xff,
    0x40, 0x6f, 0xff, 0xff, 0xff, 0xff, 0xff, 0xf0,
    0xf, 0xff, 0xf1, 0x11, 0x1b, 0xff, 0xf4, 0x6,
    0xff, 0xff, 0xff, 0xff, 0xff, 0xff, 0x0, 0xff,
    0xff, 0x0, 0x0, 0xbf, 0xff, 0x40, 0x6f, 0xff,
    0xff, 0xff, 0xff, 0xff, 0xf0, 0xf, 0xff, 0xf5,
    0x55, 0x5c, 0xff, 0xf4, 0x6, 0xff, 0xfa, 0x33,
    0x33, 0xff, 0xff, 0x0, 0xff, 0xff, 0xff, 0xff,
    0xff, 0xff, 0x40, 0x6f, 0xff, 0x90, 0x0, 0xf,
    0xff, 0xf0, 0xf, 0xff, 0xff, 0xff, 0xff, 0xff,
    0xf4, 0x6, 0xff, 0xf9, 0x0, 0x0, 0xff, 0xff,
    0x0, 0xff, 0xff, 0xff, 0xff, 0xff, 0xff, 0x40,
    0x6f, 0xff, 0x90, 0x0, 0xf, 0xff, 0xf0, 0xf,
    0xff, 0xf0, 0x0, 0xb, 0xff, 0xf4, 0x6, 0xff,
    0xfd, 0xaa, 0xaa, 0xff, 0xff, 0x0, 0xff, 0xff,
    0x0, 0x0, 0xbf, 0xff, 0x40, 0x7f, 0xff, 0xff,
    0xff, 0xff, 0xff, 0xfd, 0xff, 0xff, 0xff, 0xff,
    0xff, 0xff, 0xff, 0xf8, 0xff, 0xff, 0xff, 0xff,
    0xff, 0xff, 0xef, 0xff, 0xff, 0xff, 0xff, 0xff,
    0xff, 0xff, 0xaf, 0xff, 0xff, 0xff, 0xff, 0xff,
    0xfe, 0xff, 0xff, 0xff, 0xff, 0xff, 0xff, 0xff,
    0xfb, 0xff, 0xf7, 0x11, 0x11, 0xff, 0xff, 0xac,
    0xcc, 0xcc, 0xcc, 0xcc, 0xcc, 0xcc, 0xcc, 0xcf,
    0xff, 0x50, 0x0, 0xf, 0xff, 0xf0, 0x6, 0x77,
    0x72, 0x0, 0x17, 0x77, 0x70, 0xd, 0xff, 0xf3,
    0x0, 0x0, 0xff, 0xff, 0x2, 0xff, 0xff, 0x20,
    0x1, 0xff, 0xff, 0x40, 0xff, 0xff, 0x10, 0x0,
    0xf, 0xff, 0xf0, 0x7f, 0xff, 0xe0, 0x0, 0xc,
    0xff, 0xf9, 0x1f, 0xff, 0xf0, 0x0, 0x0, 0xff,
    0xff, 0xb, 0xff, 0xf9, 0x0, 0x0, 0x8f, 0xff,
    0xd4, 0xff, 0xfd, 0x0, 0x0, 0xf, 0xff, 0xf0,
    0xff, 0xff, 0x50, 0x0, 0x3, 0xff, 0xff, 0xaf,
    0xff, 0xa0, 0x0, 0x0, 0xff, 0xff, 0x5f, 0xff,
    0xf1, 0x0, 0x0, 0xe, 0xff, 0xff, 0xff, 0xf7,
    0x0, 0x0, 0xf, 0xff, 0xf0
};


/*---------------------
 *  GLYPH DESCRIPTION
 *--------------------*/

static const lv_font_fmt_txt_glyph_dsc_t glyph_dsc[] = {
    {.bitmap_index = 0, .adv_w = 0, .box_w = 0, .box_h = 0, .ofs_x = 0, .ofs_y = 0} /* id = 0 reserved */,
    {.bitmap_index = 0, .adv_w = 133, .box_w = 0, .box_h = 0, .ofs_x = 0, .ofs_y = 0},
    {.bitmap_index = 0, .adv_w = 190, .box_w = 6, .box_h = 23, .ofs_x = 3, .ofs_y = 0},
    {.bitmap_index = 69, .adv_w = 213, .box_w = 11, .box_h = 10, .ofs_x = 1, .ofs_y = 16},
    {.bitmap_index = 124, .adv_w = 307, .box_w = 19, .box_h = 23, .ofs_x = 0, .ofs_y = 0},
    {.bitmap_index = 343, .adv_w = 302, .box_w = 17, .box_h = 31, .ofs_x = 1, .ofs_y = -5},
    {.bitmap_index = 607, .adv_w = 426, .box_w = 24, .box_h = 23, .ofs_x = 1, .ofs_y = 0},
    {.bitmap_index = 883, .adv_w = 337, .box_w = 21, .box_h = 23, .ofs_x = 0, .ofs_y = 0},
    {.bitmap_index = 1125, .adv_w = 117, .box_w = 5, .box_h = 10, .ofs_x = 1, .ofs_y = 16},
    {.bitmap_index = 1150, .adv_w = 203, .box_w = 10, .box_h = 32, .ofs_x = 2, .ofs_y = -5},
    {.bitmap_index = 1310, .adv_w = 203, .box_w = 10, .box_h = 32, .ofs_x = 1, .ofs_y = -5},
    {.bitmap_index = 1470, .adv_w = 237, .box_w = 14, .box_h = 13, .ofs_x = 0, .ofs_y = 12},
    {.bitmap_index = 1561, .adv_w = 296, .box_w = 18, .box_h = 17, .ofs_x = 0, .ofs_y = 2},
    {.bitmap_index = 1714, .adv_w = 168, .box_w = 9, .box_h = 10, .ofs_x = 0, .ofs_y = -4},
    {.bitmap_index = 1759, .adv_w = 225, .box_w = 10, .box_h = 4, .ofs_x = 2, .ofs_y = 8},
    {.bitmap_index = 1779, .adv_w = 168, .box_w = 6, .box_h = 6, .ofs_x = 2, .ofs_y = 0},
    {.bitmap_index = 1797, .adv_w = 257, .box_w = 14, .box_h = 25, .ofs_x = 1, .ofs_y = -1},
    {.bitmap_index = 1972, .adv_w = 302, .box_w = 17, .box_h = 23, .ofs_x = 1, .ofs_y = 0},
    {.bitmap_index = 2168, .adv_w = 215, .box_w = 10, .box_h = 23, .ofs_x = 1, .ofs_y = 0},
    {.bitmap_index = 2283, .adv_w = 302, .box_w = 16, .box_h = 23, .ofs_x = 1, .ofs_y = 0},
    {.bitmap_index = 2467, .adv_w = 302, .box_w = 15, .box_h = 23, .ofs_x = 2, .ofs_y = 0},
    {.bitmap_index = 2640, .adv_w = 302, .box_w = 17, .box_h = 23, .ofs_x = 1, .ofs_y = 0},
    {.bitmap_index = 2836, .adv_w = 302, .box_w = 16, .box_h = 23, .ofs_x = 2, .ofs_y = 0},
    {.bitmap_index = 3020, .adv_w = 302, .box_w = 17, .box_h = 23, .ofs_x = 1, .ofs_y = 0},
    {.bitmap_index = 3216, .adv_w = 282, .box_w = 17, .box_h = 23, .ofs_x = 1, .ofs_y = 0},
    {.bitmap_index = 3412, .adv_w = 302, .box_w = 17, .box_h = 23, .ofs_x = 1, .ofs_y = 0},
    {.bitmap_index = 3608, .adv_w = 302, .box_w = 17, .box_h = 23, .ofs_x = 1, .ofs_y = 0},
    {.bitmap_index = 3804, .adv_w = 207, .box_w = 7, .box_h = 18, .ofs_x = 3, .ofs_y = 0},
    {.bitmap_index = 3867, .adv_w = 207, .box_w = 9, .box_h = 22, .ofs_x = 1, .ofs_y = -4},
    {.bitmap_index = 3966, .adv_w = 296, .box_w = 18, .box_h = 20, .ofs_x = 0, .ofs_y = 1},
    {.bitmap_index = 4146, .adv_w = 296, .box_w = 18, .box_h = 13, .ofs_x = 0, .ofs_y = 4},
    {.bitmap_index = 4263, .adv_w = 296, .box_w = 18, .box_h = 20, .ofs_x = 0, .ofs_y = 1},
    {.bitmap_index = 4443, .adv_w = 230, .box_w = 13, .box_h = 23, .ofs_x = 1, .ofs_y = 0},
    {.bitmap_index = 4593, .adv_w = 437, .box_w = 26, .box_h = 27, .ofs_x = 1, .ofs_y = -4},
    {.bitmap_index = 4944, .adv_w = 371, .box_w = 23, .box_h = 23, .ofs_x = 0, .ofs_y = 0},
    {.bitmap_index = 5209, .adv_w = 345, .box_w = 20, .box_h = 23, .ofs_x = 1, .ofs_y = 0},
    {.bitmap_index = 5439, .adv_w = 350, .box_w = 20, .box_h = 23, .ofs_x = 1, .ofs_y = 0},
    {.bitmap_index = 5669, .adv_w = 360, .box_w = 21, .box_h = 23, .ofs_x = 1, .ofs_y = 0},
    {.bitmap_index = 5911, .adv_w = 298, .box_w = 17, .box_h = 23, .ofs_x = 1, .ofs_y = 0},
    {.bitmap_index = 6107, .adv_w = 284, .box_w = 16, .box_h = 23, .ofs_x = 1, .ofs_y = 0},
    {.bitmap_index = 6291, .adv_w = 360, .box_w = 20, .box_h = 23, .ofs_x = 1, .ofs_y = 0},
    {.bitmap_index = 6521, .adv_w = 368, .box_w = 21, .box_h = 23, .ofs_x = 1, .ofs_y = 0},
    {.bitmap_index = 6763, .adv_w = 149, .box_w = 6, .box_h = 23, .ofs_x = 2, .ofs_y = 0},
    {.bitmap_index = 6832, .adv_w = 169, .box_w = 10, .box_h = 28, .ofs_x = -1, .ofs_y = -5},
    {.bitmap_index = 6972, .adv_w = 345, .box_w = 21, .box_h = 23, .ofs_x = 1, .ofs_y = 0},
    {.bitmap_index = 7214, .adv_w = 267, .box_w = 16, .box_h = 23, .ofs_x = 1, .ofs_y = 0},
    {.bitmap_index = 7398, .adv_w = 455, .box_w = 26, .box_h = 23, .ofs_x = 1, .ofs_y = 0},
    {.bitmap_index = 7697, .adv_w = 371, .box_w = 21, .box_h = 23, .ofs_x = 1, .ofs_y = 0},
    {.bitmap_index = 7939, .adv_w = 406, .box_w = 24, .box_h = 23, .ofs_x = 1, .ofs_y = 0},
    {.bitmap_index = 8215, .adv_w = 339, .box_w = 20, .box_h = 23, .ofs_x = 1, .ofs_y = 0},
    {.bitmap_index = 8445, .adv_w = 410, .box_w = 24, .box_h = 26, .ofs_x = 1, .ofs_y = -3},
    {.bitmap_index = 8757, .adv_w = 338, .box_w = 20, .box_h = 23, .ofs_x = 1, .ofs_y = 0},
    {.bitmap_index = 8987, .adv_w = 291, .box_w = 17, .box_h = 23, .ofs_x = 1, .ofs_y = 0},
    {.bitmap_index = 9183, .adv_w = 287, .box_w = 18, .box_h = 23, .ofs_x = 0, .ofs_y = 0},
    {.bitmap_index = 9390, .adv_w = 376, .box_w = 21, .box_h = 23, .ofs_x = 1, .ofs_y = 0},
    {.bitmap_index = 9632, .adv_w = 368, .box_w = 23, .box_h = 23, .ofs_x = 0, .ofs_y = 0},
    {.bitmap_index = 9897, .adv_w = 478, .box_w = 30, .box_h = 23, .ofs_x = 0, .ofs_y = 0},
    {.bitmap_index = 10242, .adv_w = 374, .box_w = 23, .box_h = 23, .ofs_x = 0, .ofs_y = 0},
    {.bitmap_index = 10507, .adv_w = 332, .box_w = 21, .box_h = 23, .ofs_x = 0, .ofs_y = 0},
    {.bitmap_index = 10749, .adv_w = 334, .box_w = 19, .box_h = 23, .ofs_x = 1, .ofs_y = 0},
    {.bitmap_index = 10968, .adv_w = 169, .box_w = 8, .box_h = 31, .ofs_x = 2, .ofs_y = -5},
    {.bitmap_index = 11092, .adv_w = 259, .box_w = 16, .box_h = 28, .ofs_x = 0, .ofs_y = -3},
    {.bitmap_index = 11316, .adv_w = 169, .box_w = 9, .box_h = 31, .ofs_x = 0, .ofs_y = -5},
    {.bitmap_index = 11456, .adv_w = 296, .box_w = 16, .box_h = 13, .ofs_x = 1, .ofs_y = 11},
    {.bitmap_index = 11560, .adv_w = 256, .box_w = 16, .box_h = 4, .ofs_x = 0, .ofs_y = -6},
    {.bitmap_index = 11592, .adv_w = 222, .box_w = 9, .box_h = 5, .ofs_x = 1, .ofs_y = 21},
    {.bitmap_index = 11615, .adv_w = 317, .box_w = 19, .box_h = 18, .ofs_x = 0, .ofs_y = 0},
    {.bitmap_index = 11786, .adv_w = 317, .box_w = 19, .box_h = 25, .ofs_x = 0, .ofs_y = 0},
    {.bitmap_index = 12024, .adv_w = 271, .box_w = 16, .box_h = 18, .ofs_x = 0, .ofs_y = 0},
    {.bitmap_index = 12168, .adv_w = 317, .box_w = 19, .box_h = 25, .ofs_x = 0, .ofs_y = 0},
    {.bitmap_index = 12406, .adv_w = 311, .box_w = 19, .box_h = 18, .ofs_x = 0, .ofs_y = 0},
    {.bitmap_index = 12577, .adv_w = 205, .box_w = 13, .box_h = 25, .ofs_x = 0, .ofs_y = 0},
    {.bitmap_index = 12740, .adv_w = 314, .box_w = 19, .box_h = 25, .ofs_x = 0, .ofs_y = -7},
    {.bitmap_index = 12978, .adv_w = 306, .box_w = 17, .box_h = 25, .ofs_x = 1, .ofs_y = 0},
    {.bitmap_index = 13191, .adv_w = 146, .box_w = 6, .box_h = 25, .ofs_x = 2, .ofs_y = 0},
    {.bitmap_index = 13266, .adv_w = 162, .box_w = 10, .box_h = 32, .ofs_x = -1, .ofs_y = -7},
    {.bitmap_index = 13426, .adv_w = 281, .box_w = 17, .box_h = 25, .ofs_x = 1, .ofs_y = 0},
    {.bitmap_index = 13639, .adv_w = 163, .box_w = 9, .box_h = 25, .ofs_x = 1, .ofs_y = 0},
    {.bitmap_index = 13752, .adv_w = 454, .box_w = 26, .box_h = 18, .ofs_x = 1, .ofs_y = 0},
    {.bitmap_index = 13986, .adv_w = 311, .box_w = 17, .box_h = 18, .ofs_x = 1, .ofs_y = 0},
    {.bitmap_index = 14139, .adv_w = 321, .box_w = 20, .box_h = 18, .ofs_x = 0, .ofs_y = 0},
    {.bitmap_index = 14319, .adv_w = 324, .box_w = 20, .box_h = 25, .ofs_x = 0, .ofs_y = -7},
    {.bitmap_index = 14569, .adv_w = 327, .box_w = 20, .box_h = 25, .ofs_x = 0, .ofs_y = -7},
    {.bitmap_index = 14819, .adv_w = 209, .box_w = 12, .box_h = 18, .ofs_x = 1, .ofs_y = 0},
    {.bitmap_index = 14927, .adv_w = 245, .box_w = 14, .box_h = 18, .ofs_x = 1, .ofs_y = 0},
    {.bitmap_index = 15053, .adv_w = 187, .box_w = 12, .box_h = 23, .ofs_x = 0, .ofs_y = 0},
    {.bitmap_index = 15191, .adv_w = 310, .box_w = 18, .box_h = 18, .ofs_x = 1, .ofs_y = 0},
    {.bitmap_index = 15353, .adv_w = 306, .box_w = 19, .box_h = 18, .ofs_x = 0, .ofs_y = 0},
    {.bitmap_index = 15524, .adv_w = 451, .box_w = 28, .box_h = 18, .ofs_x = 0, .ofs_y = 0},
    {.bitmap_index = 15776, .adv_w = 310, .box_w = 19, .box_h = 18, .ofs_x = 0, .ofs_y = 0},
    {.bitmap_index = 15947, .adv_w = 297, .box_w = 19, .box_h = 25, .ofs_x = 0, .ofs_y = -7},
    {.bitmap_index = 16185, .adv_w = 264, .box_w = 16, .box_h = 18, .ofs_x = 0, .ofs_y = 0},
    {.bitmap_index = 16329, .adv_w = 179, .box_w = 10, .box_h = 32, .ofs_x = 1, .ofs_y = -5},
    {.bitmap_index = 16489, .adv_w = 115, .box_w = 5, .box_h = 32, .ofs_x = 1, .ofs_y = -5},
    {.bitmap_index = 16569, .adv_w = 179, .box_w = 11, .box_h = 32, .ofs_x = 0, .ofs_y = -5},
    {.bitmap_index = 16745, .adv_w = 296, .box_w = 18, .box_h = 7, .ofs_x = 0, .ofs_y = 8},
    {.bitmap_index = 16808, .adv_w = 512, .box_w = 30, .box_h = 5, .ofs_x = 1, .ofs_y = 10},
    {.bitmap_index = 16883, .adv_w = 512, .box_w = 30, .box_h = 28, .ofs_x = 1, .ofs_y = -3},
    {.bitmap_index = 17303, .adv_w = 512, .box_w = 30, .box_h = 26, .ofs_x = 1, .ofs_y = -2},
    {.bitmap_index = 17693, .adv_w = 512, .box_w = 32, .box_h = 28, .ofs_x = 0, .ofs_y = -3},
    {.bitmap_index = 18141, .adv_w = 512, .box_w = 30, .box_h = 29, .ofs_x = 1, .ofs_y = -3},
    {.bitmap_index = 18576, .adv_w = 512, .box_w = 29, .box_h = 28, .ofs_x = 0, .ofs_y = -3},
    {.bitmap_index = 18982, .adv_w = 512, .box_w = 28, .box_h = 28, .ofs_x = 2, .ofs_y = -3},
    {.bitmap_index = 19374, .adv_w = 512, .box_w = 24, .box_h = 28, .ofs_x = 4, .ofs_y = -3},
    {.bitmap_index = 19710, .adv_w = 512, .box_w = 30, .box_h = 28, .ofs_x = 1, .ofs_y = -3},
    {.bitmap_index = 20130, .adv_w = 512, .box_w = 29, .box_h = 29, .ofs_x = 1, .ofs_y = -3}
};

/*---------------------
 *  CHARACTER MAPPING
 *--------------------*/

static const uint16_t unicode_list_1[] = {
    0x0, 0x9, 0x8c, 0x94, 0x36d, 0x668, 0x8db, 0x17e5,
    0x181f, 0x191f
};

/*Collect the unicode lists and glyph_id offsets*/
static const lv_font_fmt_txt_cmap_t cmaps[] =
{
    {
        .range_start = 32, .range_length = 95, .glyph_id_start = 1,
        .unicode_list = NULL, .glyph_id_ofs_list = NULL, .list_length = 0, .type = LV_FONT_FMT_TXT_CMAP_FORMAT0_TINY
    },
    {
        .range_start = 19968, .range_length = 6432, .glyph_id_start = 96,
        .unicode_list = unicode_list_1, .glyph_id_ofs_list = NULL, .list_length = 10, .type = LV_FONT_FMT_TXT_CMAP_SPARSE_TINY
    }
};

/*-----------------
 *    KERNING
 *----------------*/


/*Pair left and right glyphs for kerning*/
static const uint8_t kern_pair_glyph_ids[] =
{
    7, 43,
    9, 75,
    19, 21,
    19, 23,
    19, 26,
    21, 26,
    34, 43,
    34, 53,
    34, 55,
    34, 56,
    34, 58,
    34, 66,
    34, 68,
    34, 70,
    34, 72,
    34, 80,
    34, 82,
    36, 43,
    37, 43,
    37, 53,
    37, 55,
    37, 56,
    37, 57,
    37, 58,
    37, 59,
    38, 43,
    39, 15,
    39, 34,
    39, 66,
    39, 68,
    39, 70,
    39, 72,
    39, 80,
    39, 82,
    40, 43,
    41, 43,
    42, 43,
    44, 43,
    44, 48,
    44, 66,
    44, 68,
    44, 70,
    44, 72,
    44, 80,
    44, 82,
    45, 34,
    45, 43,
    45, 48,
    45, 53,
    45, 55,
    45, 56,
    45, 58,
    46, 43,
    47, 43,
    48, 43,
    48, 53,
    48, 55,
    48, 56,
    48, 57,
    48, 58,
    48, 59,
    49, 15,
    49, 34,
    49, 57,
    50, 43,
    50, 53,
    50, 55,
    50, 56,
    50, 57,
    50, 58,
    50, 59,
    51, 43,
    51, 58,
    51, 66,
    51, 68,
    51, 70,
    51, 72,
    51, 80,
    51, 82,
    53, 15,
    53, 34,
    53, 40,
    53, 48,
    53, 50,
    53, 66,
    53, 68,
    53, 70,
    53, 72,
    53, 75,
    53, 78,
    53, 79,
    53, 80,
    53, 81,
    53, 82,
    53, 83,
    53, 84,
    53, 86,
    55, 15,
    55, 34,
    55, 40,
    55, 48,
    55, 50,
    55, 66,
    55, 68,
    55, 70,
    55, 72,
    55, 75,
    55, 78,
    55, 79,
    55, 80,
    55, 81,
    55, 82,
    55, 83,
    55, 84,
    55, 86,
    56, 15,
    56, 34,
    56, 40,
    56, 48,
    56, 50,
    56, 66,
    56, 68,
    56, 70,
    56, 72,
    56, 75,
    56, 78,
    56, 79,
    56, 80,
    56, 81,
    56, 82,
    56, 83,
    56, 84,
    56, 86,
    57, 15,
    57, 40,
    57, 43,
    57, 48,
    57, 50,
    57, 66,
    57, 68,
    57, 70,
    57, 72,
    57, 80,
    57, 82,
    57, 84,
    58, 15,
    58, 34,
    58, 40,
    58, 48,
    58, 50,
    58, 66,
    58, 68,
    58, 69,
    58, 70,
    58, 72,
    58, 75,
    58, 78,
    58, 79,
    58, 80,
    58, 81,
    58, 82,
    58, 83,
    58, 84,
    58, 85,
    58, 86,
    59, 40,
    59, 43,
    59, 48,
    59, 50,
    60, 43,
    60, 75,
    61, 43,
    61, 75,
    66, 43,
    67, 53,
    67, 55,
    67, 56,
    67, 57,
    67, 58,
    67, 87,
    67, 88,
    67, 89,
    67, 90,
    68, 43,
    69, 43,
    70, 53,
    70, 55,
    70, 56,
    70, 57,
    70, 58,
    70, 87,
    70, 88,
    70, 89,
    70, 90,
    72, 43,
    76, 43,
    76, 66,
    76, 68,
    76, 70,
    76, 72,
    76, 80,
    76, 82,
    77, 43,
    79, 43,
    80, 43,
    80, 53,
    80, 55,
    80, 56,
    80, 57,
    80, 58,
    80, 87,
    80, 88,
    80, 89,
    80, 90,
    81, 53,
    81, 55,
    81, 56,
    81, 57,
    81, 58,
    81, 87,
    81, 88,
    81, 89,
    81, 90,
    82, 43,
    82, 75,
    83, 66,
    83, 68,
    83, 70,
    83, 72,
    83, 80,
    83, 82,
    84, 53,
    84, 55,
    84, 56,
    84, 57,
    84, 58,
    85, 43,
    86, 43,
    88, 66,
    88, 68,
    88, 70,
    88, 72,
    88, 80,
    88, 82,
    89, 43,
    89, 66,
    89, 68,
    89, 70,
    89, 72,
    89, 80,
    89, 82,
    90, 66,
    90, 68,
    90, 70,
    90, 72,
    90, 80,
    90, 82,
    91, 43,
    92, 43,
    92, 75
};

/* Kerning between the respective left and right glyphs
 * 4.4 format which needs to scaled with `kern_scale`*/
static const int8_t kern_pair_values[] =
{
    26, 20, -10, -10, -10, -5, 10, -31,
    -36, -26, -31, -10, -10, -10, -10, -10,
    -10, 10, -10, -10, -5, -5, -15, -15,
    -5, 10, -51, -20, -10, -10, -10, -10,
    -10, -10, 10, 10, 10, 15, -20, -20,
    -20, -20, -20, -20, -20, 5, 15, -10,
    -51, -36, -26, -51, 10, 10, -10, -10,
    -5, -5, -15, -15, -5, -56, -15, -10,
    -10, -10, -5, -5, -15, -15, -5, 15,
    -5, -5, -5, -5, -5, -5, -5, -61,
    -31, -10, -10, -10, -31, -31, -31, -31,
    -20, -20, -20, -31, -20, -31, -20, -26,
    -20, -41, -36, -5, -5, -5, -20, -20,
    -20, -15, -15, -10, -10, -20, -10, -20,
    -10, -10, -10, -31, -26, -5, -5, -5,
    -15, -15, -15, -15, -15, -10, -10, -15,
    -10, -15, -10, -10, -10, -10, -15, 15,
    -15, -15, -20, -20, -20, -20, -20, -20,
    -15, -51, -31, -15, -15, -15, -46, -46,
    -46, -46, -46, -20, -20, -20, -46, -20,
    -46, -20, -36, -20, -20, -5, 15, -5,
    -5, 26, 20, 26, 20, 10, -31, -15,
    -15, -20, -46, -10, -5, -10, -10, 10,
    10, -31, -15, -15, -20, -46, -10, -5,
    -10, -10, 10, 10, -10, -10, -10, -10,
    -10, -10, 15, 5, -10, -31, -20, -15,
    -20, -46, -10, -5, -10, -10, -31, -15,
    -15, -20, -46, -10, -5, -10, -10, 10,
    20, -10, -10, -10, -10, -10, -10, -26,
    -10, -10, -15, -36, 10, 5, -5, -5,
    -5, -5, -5, -5, 10, -5, -5, -5,
    -5, -5, -5, -5, -5, -5, -5, -5,
    -5, 10, 26, 20
};

/*Collect the kern pair's data in one place*/
static const lv_font_fmt_txt_kern_pair_t kern_pairs =
{
    .glyph_ids = kern_pair_glyph_ids,
    .values = kern_pair_values,
    .pair_cnt = 260,
    .glyph_ids_size = 0
};

/*--------------------
 *  ALL CUSTOM DATA
 *--------------------*/

#if LVGL_VERSION_MAJOR == 8
/*Store all the custom data of the font*/
static  lv_font_fmt_txt_glyph_cache_t cache;
#endif

#if LVGL_VERSION_MAJOR >= 8
static const lv_font_fmt_txt_dsc_t font_dsc = {
#else
static lv_font_fmt_txt_dsc_t font_dsc = {
#endif
    .glyph_bitmap = glyph_bitmap,
    .glyph_dsc = glyph_dsc,
    .cmaps = cmaps,
    .kern_dsc = &kern_pairs,
    .kern_scale = 16,
    .cmap_num = 2,
    .bpp = 4,
    .kern_classes = 0,
    .bitmap_format = 0,
#if LVGL_VERSION_MAJOR == 8
    .cache = &cache
#endif
};



/*-----------------
 *  PUBLIC FONT
 *----------------*/

/*Initialize a public general font descriptor*/
#if LVGL_VERSION_MAJOR >= 8
const lv_font_t ui_font_Font32 = {
#else
lv_font_t ui_font_Font32 = {
#endif
    .get_glyph_dsc = lv_font_get_glyph_dsc_fmt_txt,    /*Function pointer to get glyph's data*/
    .get_glyph_bitmap = lv_font_get_bitmap_fmt_txt,    /*Function pointer to get glyph's bitmap*/
    .line_height = 34,          /*The maximum line height required by the font*/
    .base_line = 7,             /*Baseline measured from the bottom of the line*/
#if !(LVGL_VERSION_MAJOR == 6 && LVGL_VERSION_MINOR == 0)
    .subpx = LV_FONT_SUBPX_NONE,
#endif
#if LV_VERSION_CHECK(7, 4, 0) || LVGL_VERSION_MAJOR >= 8
    .underline_position = -3,
    .underline_thickness = 2,
#endif
    .dsc = &font_dsc,          /*The custom font data. Will be accessed by `get_glyph_bitmap/dsc` */
#if LV_VERSION_CHECK(8, 2, 0) || LVGL_VERSION_MAJOR >= 9
    .fallback = NULL,
#endif
    .user_data = NULL,
};



#endif /*#if UI_FONT_FONT32*/

