/*******************************************************************************
 * Size: 40 px
 * Bpp: 4
 * Opts: --bpp 4 --size 40 --font D:/esp32item/master/esp-brookesia/examples/agent/chatbot/squareline_project/assets/AlimamaShuHeiTi-Bold.ttf -o D:/esp32item/master/esp-brookesia/examples/agent/chatbot/squareline_project/assets\ui_font_Font40.c --format lvgl -r 0x20-0x7f --no-compress --no-prefilter
 ******************************************************************************/

#include "../ui.h"

#ifndef UI_FONT_FONT40
#define UI_FONT_FONT40 1
#endif

#if UI_FONT_FONT40

/*-----------------
 *    BITMAPS
 *----------------*/

/*Store the image of the glyphs*/
static LV_ATTRIBUTE_LARGE_CONST const uint8_t glyph_bitmap[] = {
    /* U+0020 " " */

    /* U+0021 "!" */
    0xcf, 0xff, 0xff, 0x9b, 0xff, 0xff, 0xf8, 0xbf,
    0xff, 0xff, 0x7a, 0xff, 0xff, 0xf7, 0x9f, 0xff,
    0xff, 0x69, 0xff, 0xff, 0xf5, 0x8f, 0xff, 0xff,
    0x57, 0xff, 0xff, 0xf4, 0x7f, 0xff, 0xff, 0x36,
    0xff, 0xff, 0xf3, 0x6f, 0xff, 0xff, 0x25, 0xff,
    0xff, 0xf2, 0x4f, 0xff, 0xff, 0x14, 0xff, 0xff,
    0xf0, 0x3f, 0xff, 0xff, 0x2, 0xff, 0xff, 0xf0,
    0x2f, 0xff, 0xfe, 0x1, 0xff, 0xff, 0xe0, 0x9,
    0x99, 0x97, 0x0, 0x0, 0x0, 0x0, 0x0, 0x0,
    0x0, 0x6, 0x88, 0x88, 0x85, 0xdf, 0xff, 0xff,
    0xbd, 0xff, 0xff, 0xfb, 0xdf, 0xff, 0xff, 0xbd,
    0xff, 0xff, 0xfb, 0xdf, 0xff, 0xff, 0xbd, 0xff,
    0xff, 0xfb,

    /* U+0022 "\"" */
    0x2c, 0xcc, 0xcc, 0x40, 0x9c, 0xcc, 0xca, 0x1f,
    0xff, 0xff, 0x40, 0xaf, 0xff, 0xfc, 0xf, 0xff,
    0xff, 0x30, 0x9f, 0xff, 0xfa, 0xf, 0xff, 0xff,
    0x10, 0x8f, 0xff, 0xf9, 0xd, 0xff, 0xff, 0x0,
    0x6f, 0xff, 0xf8, 0xc, 0xff, 0xfe, 0x0, 0x5f,
    0xff, 0xf6, 0xa, 0xff, 0xfd, 0x0, 0x3f, 0xff,
    0xf5, 0x9, 0xff, 0xfc, 0x0, 0x2f, 0xff, 0xf3,
    0x7, 0xff, 0xfa, 0x0, 0xf, 0xff, 0xf2, 0x6,
    0xff, 0xf9, 0x0, 0xf, 0xff, 0xf0, 0x4, 0xff,
    0xf7, 0x0, 0xd, 0xff, 0xf0, 0x3, 0xff, 0xf6,
    0x0, 0xc, 0xff, 0xe0,

    /* U+0023 "#" */
    0x0, 0x0, 0x0, 0x5f, 0xff, 0xf6, 0x0, 0x0,
    0xf, 0xff, 0xfc, 0x0, 0x0, 0x0, 0x0, 0x8f,
    0xff, 0xf4, 0x0, 0x0, 0x3f, 0xff, 0xf9, 0x0,
    0x0, 0x0, 0x0, 0xaf, 0xff, 0xf1, 0x0, 0x0,
    0x5f, 0xff, 0xf7, 0x0, 0x0, 0x0, 0x0, 0xdf,
    0xff, 0xf0, 0x0, 0x0, 0x8f, 0xff, 0xf4, 0x0,
    0x0, 0x0, 0x0, 0xff, 0xff, 0xc0, 0x0, 0x0,
    0xaf, 0xff, 0xf1, 0x0, 0x0, 0x0, 0x2, 0xff,
    0xff, 0xa0, 0x0, 0x0, 0xdf, 0xff, 0xf0, 0x0,
    0x0, 0x0, 0x4, 0xff, 0xff, 0x70, 0x0, 0x0,
    0xff, 0xff, 0xc0, 0x0, 0x7f, 0xff, 0xff, 0xff,
    0xff, 0xff, 0xff, 0xff, 0xff, 0xff, 0xff, 0xf6,
    0x7f, 0xff, 0xff, 0xff, 0xff, 0xff, 0xff, 0xff,
    0xff, 0xff, 0xff, 0xf6, 0x7f, 0xff, 0xff, 0xff,
    0xff, 0xff, 0xff, 0xff, 0xff, 0xff, 0xff, 0xf6,
    0x7f, 0xff, 0xff, 0xff, 0xff, 0xff, 0xff, 0xff,
    0xff, 0xff, 0xff, 0xf6, 0x2, 0x22, 0x3f, 0xff,
    0xfb, 0x22, 0x22, 0x2d, 0xff, 0xff, 0x22, 0x20,
    0x0, 0x0, 0x4f, 0xff, 0xf7, 0x0, 0x0, 0xe,
    0xff, 0xfd, 0x0, 0x0, 0x0, 0x0, 0x6f, 0xff,
    0xf5, 0x0, 0x0, 0x1f, 0xff, 0xfa, 0x0, 0x0,
    0x0, 0x0, 0x9f, 0xff, 0xf2, 0x0, 0x0, 0x4f,
    0xff, 0xf8, 0x0, 0x0, 0x0, 0x0, 0xbf, 0xff,
    0xf0, 0x0, 0x0, 0x6f, 0xff, 0xf5, 0x0, 0x0,
    0x1, 0x11, 0xef, 0xff, 0xe1, 0x11, 0x11, 0x9f,
    0xff, 0xf4, 0x11, 0x10, 0x7f, 0xff, 0xff, 0xff,
    0xff, 0xff, 0xff, 0xff, 0xff, 0xff, 0xff, 0xf6,
    0x7f, 0xff, 0xff, 0xff, 0xff, 0xff, 0xff, 0xff,
    0xff, 0xff, 0xff, 0xf6, 0x7f, 0xff, 0xff, 0xff,
    0xff, 0xff, 0xff, 0xff, 0xff, 0xff, 0xff, 0xf6,
    0x7f, 0xff, 0xff, 0xff, 0xff, 0xff, 0xff, 0xff,
    0xff, 0xff, 0xff, 0xf6, 0x0, 0xb, 0xff, 0xff,
    0x0, 0x0, 0x6, 0xff, 0xff, 0x50, 0x0, 0x0,
    0x0, 0xe, 0xff, 0xfd, 0x0, 0x0, 0x9, 0xff,
    0xff, 0x20, 0x0, 0x0, 0x0, 0xf, 0xff, 0xfa,
    0x0, 0x0, 0xb, 0xff, 0xff, 0x0, 0x0, 0x0,
    0x0, 0x3f, 0xff, 0xf7, 0x0, 0x0, 0xe, 0xff,
    0xfd, 0x0, 0x0, 0x0, 0x0, 0x6f, 0xff, 0xf5,
    0x0, 0x0, 0x1f, 0xff, 0xfa, 0x0, 0x0, 0x0,
    0x0, 0x8f, 0xff, 0xf2, 0x0, 0x0, 0x3f, 0xff,
    0xf7, 0x0, 0x0, 0x0, 0x0, 0xbf, 0xff, 0xf0,
    0x0, 0x0, 0x6f, 0xff, 0xf5, 0x0, 0x0, 0x0,

    /* U+0024 "$" */
    0x0, 0x0, 0x0, 0x0, 0x35, 0x51, 0x0, 0x0,
    0x0, 0x0, 0x0, 0x0, 0x0, 0x0, 0xbf, 0xf3,
    0x0, 0x0, 0x0, 0x0, 0x0, 0x0, 0x0, 0x0,
    0xbf, 0xf3, 0x0, 0x0, 0x0, 0x0, 0x0, 0x0,
    0x0, 0x0, 0xbf, 0xf3, 0x0, 0x0, 0x0, 0x0,
    0x0, 0x1, 0x7b, 0xef, 0xff, 0xff, 0xed, 0xca,
    0x83, 0x0, 0x0, 0x6f, 0xff, 0xff, 0xff, 0xff,
    0xff, 0xff, 0xfc, 0x0, 0x6, 0xff, 0xff, 0xff,
    0xff, 0xff, 0xff, 0xff, 0xfc, 0x0, 0x1f, 0xff,
    0xff, 0xff, 0xff, 0xff, 0xff, 0xff, 0xfc, 0x0,
    0x6f, 0xff, 0xff, 0xfc, 0xef, 0xfc, 0xbc, 0xef,
    0xfc, 0x0, 0xaf, 0xff, 0xff, 0x20, 0xbf, 0xf3,
    0x0, 0x1, 0x46, 0x0, 0xcf, 0xff, 0xf9, 0x0,
    0xbf, 0xf3, 0x0, 0x0, 0x0, 0x0, 0xdf, 0xff,
    0xf7, 0x0, 0xbf, 0xf3, 0x0, 0x0, 0x0, 0x0,
    0xdf, 0xff, 0xf8, 0x0, 0xbf, 0xf3, 0x0, 0x0,
    0x0, 0x0, 0xcf, 0xff, 0xfd, 0x0, 0xbf, 0xf3,
    0x0, 0x0, 0x0, 0x0, 0x9f, 0xff, 0xff, 0xe7,
    0xcf, 0xf3, 0x0, 0x0, 0x0, 0x0, 0x4f, 0xff,
    0xff, 0xff, 0xff, 0xf9, 0x30, 0x0, 0x0, 0x0,
    0xc, 0xff, 0xff, 0xff, 0xff, 0xff, 0xfe, 0x93,
    0x0, 0x0, 0x1, 0xcf, 0xff, 0xff, 0xff, 0xff,
    0xff, 0xff, 0xa1, 0x0, 0x0, 0x6, 0xdf, 0xff,
    0xff, 0xff, 0xff, 0xff, 0xfd, 0x10, 0x0, 0x0,
    0x3, 0x8c, 0xff, 0xff, 0xff, 0xff, 0xff, 0xa0,
    0x0, 0x0, 0x0, 0x0, 0xbf, 0xfd, 0xff, 0xff,
    0xff, 0xf1, 0x0, 0x0, 0x0, 0x0, 0xbf, 0xf3,
    0x2c, 0xff, 0xff, 0xf5, 0x0, 0x0, 0x0, 0x0,
    0xbf, 0xf3, 0x1, 0xff, 0xff, 0xf7, 0x0, 0x0,
    0x0, 0x0, 0xbf, 0xf3, 0x0, 0xdf, 0xff, 0xf8,
    0x0, 0x0, 0x0, 0x0, 0xbf, 0xf3, 0x0, 0xdf,
    0xff, 0xf8, 0x0, 0x0, 0x0, 0x0, 0xbf, 0xf3,
    0x1, 0xff, 0xff, 0xf7, 0xc8, 0x53, 0x10, 0x0,
    0xbf, 0xf3, 0x3b, 0xff, 0xff, 0xf4, 0xff, 0xff,
    0xff, 0xfe, 0xff, 0xff, 0xff, 0xff, 0xff, 0xf1,
    0xff, 0xff, 0xff, 0xff, 0xff, 0xff, 0xff, 0xff,
    0xff, 0x90, 0xff, 0xff, 0xff, 0xff, 0xff, 0xff,
    0xff, 0xff, 0xfd, 0x0, 0xff, 0xff, 0xff, 0xff,
    0xff, 0xff, 0xff, 0xff, 0xa1, 0x0, 0x48, 0xac,
    0xef, 0xff, 0xff, 0xff, 0xeb, 0x72, 0x0, 0x0,
    0x0, 0x0, 0x0, 0x0, 0xbf, 0xf3, 0x0, 0x0,
    0x0, 0x0, 0x0, 0x0, 0x0, 0x0, 0xbf, 0xf3,
    0x0, 0x0, 0x0, 0x0, 0x0, 0x0, 0x0, 0x0,
    0xbf, 0xf3, 0x0, 0x0, 0x0, 0x0, 0x0, 0x0,
    0x0, 0x0, 0xbf, 0xf3, 0x0, 0x0, 0x0, 0x0,
    0x0, 0x0, 0x0, 0x0, 0xbf, 0xf3, 0x0, 0x0,
    0x0, 0x0, 0x0, 0x0, 0x0, 0x0, 0xbf, 0xf3,
    0x0, 0x0, 0x0, 0x0,

    /* U+0025 "%" */
    0x0, 0x0, 0x46, 0x76, 0x20, 0x0, 0x0, 0x0,
    0x0, 0x0, 0x0, 0x0, 0x0, 0x0, 0x0, 0x4,
    0xef, 0xff, 0xff, 0xc1, 0x0, 0x0, 0x0, 0x0,
    0x2f, 0xff, 0xf7, 0x0, 0x0, 0x3, 0xff, 0xff,
    0xff, 0xff, 0xe0, 0x0, 0x0, 0x0, 0xb, 0xff,
    0xfd, 0x0, 0x0, 0x0, 0xcf, 0xff, 0xff, 0xff,
    0xff, 0x80, 0x0, 0x0, 0x4, 0xff, 0xff, 0x50,
    0x0, 0x0, 0x1f, 0xff, 0xf5, 0x37, 0xff, 0xfd,
    0x0, 0x0, 0x0, 0xcf, 0xff, 0xc0, 0x0, 0x0,
    0x4, 0xff, 0xf7, 0x0, 0xb, 0xff, 0xf0, 0x0,
    0x0, 0x6f, 0xff, 0xf3, 0x0, 0x0, 0x0, 0x6f,
    0xff, 0x40, 0x0, 0x8f, 0xff, 0x30, 0x0, 0xe,
    0xff, 0xfa, 0x0, 0x0, 0x0, 0x7, 0xff, 0xf2,
    0x0, 0x7, 0xff, 0xf3, 0x0, 0x7, 0xff, 0xff,
    0x20, 0x0, 0x0, 0x0, 0x8f, 0xff, 0x20, 0x0,
    0x7f, 0xff, 0x40, 0x1, 0xff, 0xff, 0x80, 0x0,
    0x0, 0x0, 0x7, 0xff, 0xf3, 0x0, 0x7, 0xff,
    0xf3, 0x0, 0x9f, 0xff, 0xe1, 0x0, 0x0, 0x0,
    0x0, 0x6f, 0xff, 0x50, 0x0, 0x9f, 0xff, 0x20,
    0x2f, 0xff, 0xf7, 0x0, 0x0, 0x0, 0x0, 0x3,
    0xff, 0xfb, 0x0, 0xe, 0xff, 0xf0, 0xb, 0xff,
    0xfd, 0x0, 0x0, 0x0, 0x0, 0x0, 0xe, 0xff,
    0xfd, 0xbe, 0xff, 0xfb, 0x4, 0xff, 0xff, 0x50,
    0x0, 0x0, 0x0, 0x0, 0x0, 0x8f, 0xff, 0xff,
    0xff, 0xff, 0x40, 0xdf, 0xff, 0xc0, 0x0, 0x0,
    0x0, 0x0, 0x0, 0x0, 0xcf, 0xff, 0xff, 0xff,
    0x80, 0x6f, 0xff, 0xf3, 0x0, 0x48, 0x99, 0x72,
    0x0, 0x0, 0x0, 0x6c, 0xef, 0xeb, 0x40, 0xe,
    0xff, 0xfa, 0x1, 0xcf, 0xff, 0xff, 0xfa, 0x0,
    0x0, 0x0, 0x0, 0x0, 0x0, 0x7, 0xff, 0xff,
    0x20, 0xdf, 0xff, 0xff, 0xff, 0xf9, 0x0, 0x0,
    0x0, 0x0, 0x0, 0x1, 0xff, 0xff, 0x80, 0x5f,
    0xff, 0xff, 0xff, 0xff, 0xf2, 0x0, 0x0, 0x0,
    0x0, 0x0, 0x9f, 0xff, 0xe1, 0xa, 0xff, 0xf8,
    0x11, 0xaf, 0xff, 0x70, 0x0, 0x0, 0x0, 0x0,
    0x2f, 0xff, 0xf6, 0x0, 0xdf, 0xfe, 0x0, 0x1,
    0xff, 0xfa, 0x0, 0x0, 0x0, 0x0, 0xb, 0xff,
    0xfd, 0x0, 0xf, 0xff, 0xc0, 0x0, 0xf, 0xff,
    0xc0, 0x0, 0x0, 0x0, 0x4, 0xff, 0xff, 0x50,
    0x0, 0xff, 0xfb, 0x0, 0x0, 0xef, 0xfd, 0x0,
    0x0, 0x0, 0x0, 0xdf, 0xff, 0xc0, 0x0, 0xf,
    0xff, 0xb0, 0x0, 0xe, 0xff, 0xd0, 0x0, 0x0,
    0x0, 0x6f, 0xff, 0xf3, 0x0, 0x0, 0xef, 0xfc,
    0x0, 0x0, 0xff, 0xfc, 0x0, 0x0, 0x0, 0xe,
    0xff, 0xfa, 0x0, 0x0, 0xc, 0xff, 0xf0, 0x0,
    0x2f, 0xff, 0xa0, 0x0, 0x0, 0x7, 0xff, 0xff,
    0x20, 0x0, 0x0, 0x9f, 0xff, 0xa3, 0x3b, 0xff,
    0xf7, 0x0, 0x0, 0x1, 0xff, 0xff, 0x80, 0x0,
    0x0, 0x4, 0xff, 0xff, 0xff, 0xff, 0xff, 0x10,
    0x0, 0x0, 0x9f, 0xff, 0xe1, 0x0, 0x0, 0x0,
    0xb, 0xff, 0xff, 0xff, 0xff, 0x80, 0x0, 0x0,
    0x2f, 0xff, 0xf6, 0x0, 0x0, 0x0, 0x0, 0xa,
    0xff, 0xff, 0xff, 0x80, 0x0, 0x0, 0x0, 0x0,
    0x0, 0x0, 0x0, 0x0, 0x0, 0x0, 0x2, 0x57,
    0x75, 0x10, 0x0,

    /* U+0026 "&" */
    0x0, 0x0, 0x0, 0x0, 0x1, 0x46, 0x76, 0x51,
    0x0, 0x0, 0x0, 0x0, 0x0, 0x0, 0x0, 0x0,
    0x2, 0xbf, 0xff, 0xff, 0xff, 0xb2, 0x0, 0x0,
    0x0, 0x0, 0x0, 0x0, 0x0, 0x6f, 0xff, 0xff,
    0xff, 0xff, 0xff, 0x30, 0x0, 0x0, 0x0, 0x0,
    0x0, 0x4, 0xff, 0xff, 0xff, 0xff, 0xff, 0xff,
    0xe0, 0x0, 0x0, 0x0, 0x0, 0x0, 0xc, 0xff,
    0xff, 0xff, 0xcf, 0xff, 0xff, 0xf6, 0x0, 0x0,
    0x0, 0x0, 0x0, 0x2f, 0xff, 0xff, 0xd1, 0x1,
    0xef, 0xff, 0xfa, 0x0, 0x0, 0x0, 0x0, 0x0,
    0x5f, 0xff, 0xff, 0x50, 0x0, 0x9f, 0xff, 0xfb,
    0x0, 0x0, 0x0, 0x0, 0x0, 0x6f, 0xff, 0xff,
    0x40, 0x0, 0x8f, 0xff, 0xfb, 0x0, 0x0, 0x0,
    0x0, 0x0, 0x5f, 0xff, 0xff, 0x60, 0x0, 0xcf,
    0xff, 0xf9, 0x0, 0x0, 0x0, 0x0, 0x0, 0x2f,
    0xff, 0xff, 0xc0, 0x7, 0xff, 0xff, 0xf4, 0x0,
    0x0, 0x0, 0x0, 0x0, 0xd, 0xff, 0xff, 0xf6,
    0xaf, 0xff, 0xff, 0xc0, 0x0, 0x0, 0x0, 0x0,
    0x0, 0x6, 0xff, 0xff, 0xff, 0xff, 0xff, 0xfe,
    0x20, 0x0, 0x0, 0x0, 0x0, 0x0, 0x0, 0xdf,
    0xff, 0xff, 0xff, 0xff, 0xd2, 0x0, 0x0, 0x0,
    0x0, 0x0, 0x0, 0x0, 0x8f, 0xff, 0xff, 0xff,
    0xfa, 0x10, 0x1, 0x44, 0x44, 0x30, 0x0, 0x0,
    0x1b, 0xff, 0xff, 0xff, 0xff, 0x90, 0x0, 0x4,
    0xff, 0xff, 0xd0, 0x0, 0x3, 0xef, 0xff, 0xff,
    0xff, 0xff, 0xf3, 0x0, 0x6, 0xff, 0xff, 0xc0,
    0x0, 0x2f, 0xff, 0xff, 0xff, 0xff, 0xff, 0xfe,
    0x10, 0x9, 0xff, 0xff, 0xa0, 0x0, 0xdf, 0xff,
    0xff, 0xd4, 0xef, 0xff, 0xff, 0xc0, 0xd, 0xff,
    0xff, 0x70, 0x6, 0xff, 0xff, 0xfd, 0x0, 0x3f,
    0xff, 0xff, 0xf9, 0x3f, 0xff, 0xff, 0x30, 0xc,
    0xff, 0xff, 0xf3, 0x0, 0x5, 0xff, 0xff, 0xff,
    0xef, 0xff, 0xfe, 0x0, 0xf, 0xff, 0xff, 0xe0,
    0x0, 0x0, 0x7f, 0xff, 0xff, 0xff, 0xff, 0xf9,
    0x0, 0xf, 0xff, 0xff, 0xd0, 0x0, 0x0, 0xa,
    0xff, 0xff, 0xff, 0xff, 0xf2, 0x0, 0xf, 0xff,
    0xff, 0xf1, 0x0, 0x0, 0x0, 0xcf, 0xff, 0xff,
    0xff, 0xa0, 0x0, 0xd, 0xff, 0xff, 0xf9, 0x0,
    0x0, 0x0, 0x8f, 0xff, 0xff, 0xfe, 0x10, 0x0,
    0x9, 0xff, 0xff, 0xff, 0xb4, 0x23, 0x7d, 0xff,
    0xff, 0xff, 0xfe, 0x20, 0x0, 0x2, 0xff, 0xff,
    0xff, 0xff, 0xff, 0xff, 0xff, 0xff, 0xff, 0xff,
    0xd1, 0x0, 0x0, 0x5f, 0xff, 0xff, 0xff, 0xff,
    0xff, 0xff, 0xff, 0xff, 0xff, 0xfc, 0x0, 0x0,
    0x6, 0xff, 0xff, 0xff, 0xff, 0xff, 0xff, 0xf9,
    0x9f, 0xff, 0xff, 0xa0, 0x0, 0x0, 0x2a, 0xff,
    0xff, 0xff, 0xff, 0xd8, 0x20, 0xb, 0xff, 0xff,
    0xf7, 0x0, 0x0, 0x0, 0x4, 0x67, 0x76, 0x41,
    0x0, 0x0, 0x0, 0x0, 0x0, 0x0,

    /* U+0027 "'" */
    0x2c, 0xcc, 0xcc, 0x41, 0xff, 0xff, 0xf4, 0xf,
    0xff, 0xff, 0x30, 0xff, 0xff, 0xf1, 0xd, 0xff,
    0xff, 0x0, 0xcf, 0xff, 0xe0, 0xa, 0xff, 0xfd,
    0x0, 0x9f, 0xff, 0xc0, 0x7, 0xff, 0xfa, 0x0,
    0x6f, 0xff, 0x90, 0x4, 0xff, 0xf7, 0x0, 0x3f,
    0xff, 0x60,

    /* U+0028 "(" */
    0x0, 0x0, 0x0, 0x2, 0x22, 0x22, 0x10, 0x0,
    0x0, 0x7, 0xff, 0xff, 0xf5, 0x0, 0x0, 0x1,
    0xff, 0xff, 0xfd, 0x0, 0x0, 0x0, 0x9f, 0xff,
    0xff, 0x40, 0x0, 0x0, 0x1f, 0xff, 0xff, 0xd0,
    0x0, 0x0, 0x8, 0xff, 0xff, 0xf5, 0x0, 0x0,
    0x0, 0xff, 0xff, 0xfe, 0x0, 0x0, 0x0, 0x6f,
    0xff, 0xff, 0x80, 0x0, 0x0, 0xd, 0xff, 0xff,
    0xf2, 0x0, 0x0, 0x3, 0xff, 0xff, 0xfd, 0x0,
    0x0, 0x0, 0x8f, 0xff, 0xff, 0x70, 0x0, 0x0,
    0xd, 0xff, 0xff, 0xf3, 0x0, 0x0, 0x2, 0xff,
    0xff, 0xff, 0x0, 0x0, 0x0, 0x6f, 0xff, 0xff,
    0xb0, 0x0, 0x0, 0x9, 0xff, 0xff, 0xf8, 0x0,
    0x0, 0x0, 0xcf, 0xff, 0xff, 0x50, 0x0, 0x0,
    0xe, 0xff, 0xff, 0xf4, 0x0, 0x0, 0x0, 0xff,
    0xff, 0xff, 0x20, 0x0, 0x0, 0x1f, 0xff, 0xff,
    0xf1, 0x0, 0x0, 0x1, 0xff, 0xff, 0xff, 0x0,
    0x0, 0x0, 0x1f, 0xff, 0xff, 0xf1, 0x0, 0x0,
    0x1, 0xff, 0xff, 0xff, 0x10, 0x0, 0x0, 0xf,
    0xff, 0xff, 0xf2, 0x0, 0x0, 0x0, 0xef, 0xff,
    0xff, 0x40, 0x0, 0x0, 0xc, 0xff, 0xff, 0xf6,
    0x0, 0x0, 0x0, 0xaf, 0xff, 0xff, 0x90, 0x0,
    0x0, 0x7, 0xff, 0xff, 0xfc, 0x0, 0x0, 0x0,
    0x3f, 0xff, 0xff, 0xf0, 0x0, 0x0, 0x0, 0xef,
    0xff, 0xff, 0x40, 0x0, 0x0, 0xa, 0xff, 0xff,
    0xf8, 0x0, 0x0, 0x0, 0x4f, 0xff, 0xff, 0xd0,
    0x0, 0x0, 0x0, 0xef, 0xff, 0xff, 0x30, 0x0,
    0x0, 0x8, 0xff, 0xff, 0xf9, 0x0, 0x0, 0x0,
    0x1f, 0xff, 0xff, 0xf0, 0x0, 0x0, 0x0, 0x9f,
    0xff, 0xff, 0x70, 0x0, 0x0, 0x1, 0xff, 0xff,
    0xfe, 0x0, 0x0, 0x0, 0x9, 0xff, 0xff, 0xf6,
    0x0, 0x0, 0x0, 0x1e, 0xff, 0xff, 0xe0, 0x0,
    0x0, 0x0, 0x6f, 0xff, 0xff, 0x70,

    /* U+0029 ")" */
    0x12, 0x22, 0x22, 0x0, 0x0, 0x0, 0x5, 0xff,
    0xff, 0xf8, 0x0, 0x0, 0x0, 0xc, 0xff, 0xff,
    0xf1, 0x0, 0x0, 0x0, 0x4f, 0xff, 0xff, 0x90,
    0x0, 0x0, 0x0, 0xcf, 0xff, 0xff, 0x10, 0x0,
    0x0, 0x5, 0xff, 0xff, 0xf9, 0x0, 0x0, 0x0,
    0xe, 0xff, 0xff, 0xf1, 0x0, 0x0, 0x0, 0x8f,
    0xff, 0xff, 0x70, 0x0, 0x0, 0x2, 0xff, 0xff,
    0xfd, 0x0, 0x0, 0x0, 0xc, 0xff, 0xff, 0xf3,
    0x0, 0x0, 0x0, 0x7f, 0xff, 0xff, 0x90, 0x0,
    0x0, 0x2, 0xff, 0xff, 0xfe, 0x0, 0x0, 0x0,
    0xe, 0xff, 0xff, 0xf2, 0x0, 0x0, 0x0, 0xbf,
    0xff, 0xff, 0x60, 0x0, 0x0, 0x8, 0xff, 0xff,
    0xf9, 0x0, 0x0, 0x0, 0x5f, 0xff, 0xff, 0xc0,
    0x0, 0x0, 0x3, 0xff, 0xff, 0xfe, 0x0, 0x0,
    0x0, 0x1f, 0xff, 0xff, 0xf0, 0x0, 0x0, 0x0,
    0xff, 0xff, 0xff, 0x10, 0x0, 0x0, 0xf, 0xff,
    0xff, 0xf2, 0x0, 0x0, 0x0, 0xff, 0xff, 0xff,
    0x20, 0x0, 0x0, 0x1f, 0xff, 0xff, 0xf1, 0x0,
    0x0, 0x1, 0xff, 0xff, 0xff, 0x0, 0x0, 0x0,
    0x3f, 0xff, 0xff, 0xf0, 0x0, 0x0, 0x5, 0xff,
    0xff, 0xfd, 0x0, 0x0, 0x0, 0x8f, 0xff, 0xff,
    0xa0, 0x0, 0x0, 0xb, 0xff, 0xff, 0xf7, 0x0,
    0x0, 0x0, 0xff, 0xff, 0xff, 0x30, 0x0, 0x0,
    0x3f, 0xff, 0xff, 0xf0, 0x0, 0x0, 0x8, 0xff,
    0xff, 0xfa, 0x0, 0x0, 0x0, 0xdf, 0xff, 0xff,
    0x50, 0x0, 0x0, 0x2f, 0xff, 0xff, 0xe0, 0x0,
    0x0, 0x9, 0xff, 0xff, 0xf8, 0x0, 0x0, 0x0,
    0xff, 0xff, 0xff, 0x10, 0x0, 0x0, 0x6f, 0xff,
    0xff, 0xa0, 0x0, 0x0, 0xd, 0xff, 0xff, 0xf2,
    0x0, 0x0, 0x5, 0xff, 0xff, 0xf9, 0x0, 0x0,
    0x0, 0xdf, 0xff, 0xff, 0x10, 0x0, 0x0, 0x6f,
    0xff, 0xff, 0x70, 0x0, 0x0, 0x0,

    /* U+002A "*" */
    0x0, 0x0, 0x2, 0xff, 0xff, 0x90, 0x0, 0x0,
    0x0, 0x0, 0x0, 0xf, 0xff, 0xf7, 0x0, 0x0,
    0x0, 0x0, 0x0, 0x0, 0xdf, 0xff, 0x50, 0x0,
    0x0, 0x0, 0x7a, 0x20, 0xb, 0xff, 0xf2, 0x0,
    0x6d, 0x0, 0xc, 0xff, 0xb3, 0x8f, 0xff, 0x17,
    0xef, 0xf4, 0x1, 0xff, 0xff, 0xfe, 0xff, 0xfe,
    0xff, 0xff, 0x90, 0x7f, 0xff, 0xff, 0xff, 0xff,
    0xff, 0xff, 0xfe, 0x7, 0xdf, 0xff, 0xff, 0xff,
    0xff, 0xff, 0xfe, 0xb1, 0x0, 0x2, 0x5d, 0xff,
    0xff, 0xf8, 0x31, 0x0, 0x0, 0x0, 0x7, 0xff,
    0xff, 0xff, 0xd1, 0x0, 0x0, 0x0, 0x6, 0xff,
    0xff, 0xdf, 0xff, 0xd1, 0x0, 0x0, 0x6, 0xff,
    0xff, 0xb3, 0xff, 0xff, 0xc1, 0x0, 0x0, 0xdf,
    0xff, 0xf2, 0xb, 0xff, 0xff, 0x60, 0x0, 0x0,
    0xaf, 0xfa, 0x0, 0x2f, 0xfe, 0x40, 0x0, 0x0,
    0x0, 0x5e, 0x20, 0x0, 0xab, 0x10, 0x0, 0x0,
    0x0, 0x0, 0x0, 0x0, 0x0, 0x0, 0x0, 0x0,

    /* U+002B "+" */
    0x0, 0x0, 0x0, 0x0, 0xab, 0xbb, 0xb1, 0x0,
    0x0, 0x0, 0x0, 0x0, 0x0, 0x0, 0xf, 0xff,
    0xff, 0x20, 0x0, 0x0, 0x0, 0x0, 0x0, 0x0,
    0x0, 0xff, 0xff, 0xf2, 0x0, 0x0, 0x0, 0x0,
    0x0, 0x0, 0x0, 0xf, 0xff, 0xff, 0x20, 0x0,
    0x0, 0x0, 0x0, 0x0, 0x0, 0x0, 0xff, 0xff,
    0xf2, 0x0, 0x0, 0x0, 0x0, 0x0, 0x0, 0x0,
    0xf, 0xff, 0xff, 0x20, 0x0, 0x0, 0x0, 0x0,
    0x0, 0x0, 0x0, 0xff, 0xff, 0xf2, 0x0, 0x0,
    0x0, 0x0, 0x0, 0x0, 0x0, 0xf, 0xff, 0xff,
    0x20, 0x0, 0x0, 0x0, 0xdf, 0xff, 0xff, 0xff,
    0xff, 0xff, 0xff, 0xff, 0xff, 0xff, 0xfd, 0xff,
    0xff, 0xff, 0xff, 0xff, 0xff, 0xff, 0xff, 0xff,
    0xff, 0xdf, 0xff, 0xff, 0xff, 0xff, 0xff, 0xff,
    0xff, 0xff, 0xff, 0xfd, 0xff, 0xff, 0xff, 0xff,
    0xff, 0xff, 0xff, 0xff, 0xff, 0xff, 0xdf, 0xff,
    0xff, 0xff, 0xff, 0xff, 0xff, 0xff, 0xff, 0xff,
    0xf0, 0x0, 0x0, 0x0, 0xf, 0xff, 0xff, 0x20,
    0x0, 0x0, 0x0, 0x0, 0x0, 0x0, 0x0, 0xff,
    0xff, 0xf2, 0x0, 0x0, 0x0, 0x0, 0x0, 0x0,
    0x0, 0xf, 0xff, 0xff, 0x20, 0x0, 0x0, 0x0,
    0x0, 0x0, 0x0, 0x0, 0xff, 0xff, 0xf2, 0x0,
    0x0, 0x0, 0x0, 0x0, 0x0, 0x0, 0xf, 0xff,
    0xff, 0x20, 0x0, 0x0, 0x0, 0x0, 0x0, 0x0,
    0x0, 0xff, 0xff, 0xf2, 0x0, 0x0, 0x0, 0x0,
    0x0, 0x0, 0x0, 0xf, 0xff, 0xff, 0x20, 0x0,
    0x0, 0x0, 0x0, 0x0, 0x0, 0x0, 0xff, 0xff,
    0xf2, 0x0, 0x0, 0x0, 0x0,

    /* U+002C "," */
    0x0, 0x5, 0xcc, 0xcc, 0xc3, 0x0, 0xb, 0xff,
    0xff, 0xe0, 0x0, 0xf, 0xff, 0xff, 0x80, 0x0,
    0x5f, 0xff, 0xff, 0x20, 0x0, 0xaf, 0xff, 0xfc,
    0x0, 0x0, 0xef, 0xff, 0xf6, 0x0, 0x3, 0xff,
    0xff, 0xf0, 0x0, 0x8, 0xff, 0xff, 0x90, 0x0,
    0xc, 0xff, 0xff, 0x30, 0x0, 0x1f, 0xff, 0xfd,
    0x0, 0x0, 0x6f, 0xff, 0xf6, 0x0, 0x0, 0xbf,
    0xff, 0xf1, 0x0, 0x0,

    /* U+002D "-" */
    0x39, 0x99, 0x99, 0x99, 0x99, 0x99, 0x85, 0xff,
    0xff, 0xff, 0xff, 0xff, 0xfe, 0x5f, 0xff, 0xff,
    0xff, 0xff, 0xff, 0xe5, 0xff, 0xff, 0xff, 0xff,
    0xff, 0xfe, 0x5f, 0xff, 0xff, 0xff, 0xff, 0xff,
    0xe0,

    /* U+002E "." */
    0x58, 0x88, 0x88, 0x6b, 0xff, 0xff, 0xfd, 0xbf,
    0xff, 0xff, 0xdb, 0xff, 0xff, 0xfd, 0xbf, 0xff,
    0xff, 0xdb, 0xff, 0xff, 0xfd, 0xbf, 0xff, 0xff,
    0xd0,

    /* U+002F "/" */
    0x0, 0x0, 0x0, 0x0, 0x0, 0x7f, 0xff, 0xf5,
    0x0, 0x0, 0x0, 0x0, 0x0, 0xcf, 0xff, 0xf0,
    0x0, 0x0, 0x0, 0x0, 0x2, 0xff, 0xff, 0xa0,
    0x0, 0x0, 0x0, 0x0, 0x7, 0xff, 0xff, 0x50,
    0x0, 0x0, 0x0, 0x0, 0xd, 0xff, 0xff, 0x0,
    0x0, 0x0, 0x0, 0x0, 0x2f, 0xff, 0xfa, 0x0,
    0x0, 0x0, 0x0, 0x0, 0x8f, 0xff, 0xf4, 0x0,
    0x0, 0x0, 0x0, 0x0, 0xdf, 0xff, 0xe0, 0x0,
    0x0, 0x0, 0x0, 0x2, 0xff, 0xff, 0x90, 0x0,
    0x0, 0x0, 0x0, 0x8, 0xff, 0xff, 0x40, 0x0,
    0x0, 0x0, 0x0, 0xd, 0xff, 0xfe, 0x0, 0x0,
    0x0, 0x0, 0x0, 0x3f, 0xff, 0xf9, 0x0, 0x0,
    0x0, 0x0, 0x0, 0x8f, 0xff, 0xf3, 0x0, 0x0,
    0x0, 0x0, 0x0, 0xef, 0xff, 0xe0, 0x0, 0x0,
    0x0, 0x0, 0x3, 0xff, 0xff, 0x90, 0x0, 0x0,
    0x0, 0x0, 0x9, 0xff, 0xff, 0x30, 0x0, 0x0,
    0x0, 0x0, 0xe, 0xff, 0xfe, 0x0, 0x0, 0x0,
    0x0, 0x0, 0x4f, 0xff, 0xf8, 0x0, 0x0, 0x0,
    0x0, 0x0, 0x9f, 0xff, 0xf3, 0x0, 0x0, 0x0,
    0x0, 0x0, 0xef, 0xff, 0xd0, 0x0, 0x0, 0x0,
    0x0, 0x4, 0xff, 0xff, 0x80, 0x0, 0x0, 0x0,
    0x0, 0x9, 0xff, 0xff, 0x20, 0x0, 0x0, 0x0,
    0x0, 0xe, 0xff, 0xfd, 0x0, 0x0, 0x0, 0x0,
    0x0, 0x4f, 0xff, 0xf7, 0x0, 0x0, 0x0, 0x0,
    0x0, 0xaf, 0xff, 0xf2, 0x0, 0x0, 0x0, 0x0,
    0x0, 0xff, 0xff, 0xd0, 0x0, 0x0, 0x0, 0x0,
    0x5, 0xff, 0xff, 0x70, 0x0, 0x0, 0x0, 0x0,
    0xa, 0xff, 0xff, 0x20, 0x0, 0x0, 0x0, 0x0,
    0xf, 0xff, 0xfc, 0x0, 0x0, 0x0, 0x0, 0x0,
    0x5f, 0xff, 0xf7, 0x0, 0x0, 0x0, 0x0, 0x0,

    /* U+0030 "0" */
    0x0, 0x0, 0x0, 0x0, 0x45, 0x76, 0x52, 0x0,
    0x0, 0x0, 0x0, 0x0, 0x0, 0x19, 0xef, 0xff,
    0xff, 0xfd, 0x60, 0x0, 0x0, 0x0, 0x0, 0x4e,
    0xff, 0xff, 0xff, 0xff, 0xff, 0xb0, 0x0, 0x0,
    0x0, 0x3f, 0xff, 0xff, 0xff, 0xff, 0xff, 0xff,
    0xb0, 0x0, 0x0, 0xe, 0xff, 0xff, 0xff, 0xff,
    0xff, 0xff, 0xff, 0x80, 0x0, 0x7, 0xff, 0xff,
    0xff, 0x95, 0x6c, 0xff, 0xff, 0xff, 0x10, 0x0,
    0xef, 0xff, 0xff, 0x50, 0x0, 0xc, 0xff, 0xff,
    0xf8, 0x0, 0x3f, 0xff, 0xff, 0xc0, 0x0, 0x0,
    0x3f, 0xff, 0xff, 0xd0, 0x8, 0xff, 0xff, 0xf6,
    0x0, 0x0, 0x0, 0xdf, 0xff, 0xff, 0x20, 0xbf,
    0xff, 0xff, 0x20, 0x0, 0x0, 0x8, 0xff, 0xff,
    0xf5, 0xe, 0xff, 0xff, 0xf0, 0x0, 0x0, 0x0,
    0x5f, 0xff, 0xff, 0x80, 0xff, 0xff, 0xfd, 0x0,
    0x0, 0x0, 0x3, 0xff, 0xff, 0xfa, 0x1f, 0xff,
    0xff, 0xb0, 0x0, 0x0, 0x0, 0x2f, 0xff, 0xff,
    0xb2, 0xff, 0xff, 0xfa, 0x0, 0x0, 0x0, 0x1,
    0xff, 0xff, 0xfc, 0x3f, 0xff, 0xff, 0xa0, 0x0,
    0x0, 0x0, 0x1f, 0xff, 0xff, 0xd3, 0xff, 0xff,
    0xfa, 0x0, 0x0, 0x0, 0x1, 0xff, 0xff, 0xfd,
    0x2f, 0xff, 0xff, 0xa0, 0x0, 0x0, 0x0, 0x1f,
    0xff, 0xff, 0xc1, 0xff, 0xff, 0xfb, 0x0, 0x0,
    0x0, 0x2, 0xff, 0xff, 0xfb, 0xf, 0xff, 0xff,
    0xd0, 0x0, 0x0, 0x0, 0x3f, 0xff, 0xff, 0xa0,
    0xef, 0xff, 0xff, 0x0, 0x0, 0x0, 0x5, 0xff,
    0xff, 0xf8, 0xb, 0xff, 0xff, 0xf2, 0x0, 0x0,
    0x0, 0x8f, 0xff, 0xff, 0x50, 0x8f, 0xff, 0xff,
    0x60, 0x0, 0x0, 0xd, 0xff, 0xff, 0xf2, 0x3,
    0xff, 0xff, 0xfc, 0x0, 0x0, 0x2, 0xff, 0xff,
    0xfd, 0x0, 0xe, 0xff, 0xff, 0xf5, 0x0, 0x0,
    0xcf, 0xff, 0xff, 0x80, 0x0, 0x7f, 0xff, 0xff,
    0xf9, 0x56, 0xcf, 0xff, 0xff, 0xf1, 0x0, 0x0,
    0xef, 0xff, 0xff, 0xff, 0xff, 0xff, 0xff, 0xf8,
    0x0, 0x0, 0x3, 0xff, 0xff, 0xff, 0xff, 0xff,
    0xff, 0xfb, 0x0, 0x0, 0x0, 0x4, 0xef, 0xff,
    0xff, 0xff, 0xff, 0xfb, 0x0, 0x0, 0x0, 0x0,
    0x1, 0x9e, 0xff, 0xff, 0xff, 0xd6, 0x0, 0x0,
    0x0, 0x0, 0x0, 0x0, 0x4, 0x67, 0x65, 0x20,
    0x0, 0x0, 0x0,

    /* U+0031 "1" */
    0x0, 0x0, 0x2, 0xbf, 0xff, 0xff, 0x0, 0x1,
    0x9f, 0xff, 0xff, 0xff, 0x0, 0x6e, 0xff, 0xff,
    0xff, 0xff, 0x1d, 0xff, 0xff, 0xff, 0xff, 0xff,
    0x2f, 0xff, 0xff, 0xff, 0xff, 0xff, 0x2f, 0xff,
    0xff, 0xff, 0xff, 0xff, 0x2f, 0xff, 0xf9, 0xff,
    0xff, 0xff, 0x2f, 0xfa, 0x20, 0xff, 0xff, 0xff,
    0x1a, 0x20, 0x0, 0xff, 0xff, 0xff, 0x0, 0x0,
    0x0, 0xff, 0xff, 0xff, 0x0, 0x0, 0x0, 0xff,
    0xff, 0xff, 0x0, 0x0, 0x0, 0xff, 0xff, 0xff,
    0x0, 0x0, 0x0, 0xff, 0xff, 0xff, 0x0, 0x0,
    0x0, 0xff, 0xff, 0xff, 0x0, 0x0, 0x0, 0xff,
    0xff, 0xff, 0x0, 0x0, 0x0, 0xff, 0xff, 0xff,
    0x0, 0x0, 0x0, 0xff, 0xff, 0xff, 0x0, 0x0,
    0x0, 0xff, 0xff, 0xff, 0x0, 0x0, 0x0, 0xff,
    0xff, 0xff, 0x0, 0x0, 0x0, 0xff, 0xff, 0xff,
    0x0, 0x0, 0x0, 0xff, 0xff, 0xff, 0x0, 0x0,
    0x0, 0xff, 0xff, 0xff, 0x0, 0x0, 0x0, 0xff,
    0xff, 0xff, 0x0, 0x0, 0x0, 0xff, 0xff, 0xff,
    0x0, 0x0, 0x0, 0xff, 0xff, 0xff, 0x0, 0x0,
    0x0, 0xff, 0xff, 0xff, 0x0, 0x0, 0x0, 0xff,
    0xff, 0xff, 0x0, 0x0, 0x0, 0xff, 0xff, 0xff,

    /* U+0032 "2" */
    0x0, 0x0, 0x0, 0x25, 0x67, 0x65, 0x20, 0x0,
    0x0, 0x0, 0x0, 0x3, 0x9e, 0xff, 0xff, 0xff,
    0xfd, 0x70, 0x0, 0x0, 0x3, 0xcf, 0xff, 0xff,
    0xff, 0xff, 0xff, 0xfd, 0x30, 0x0, 0x3f, 0xff,
    0xff, 0xff, 0xff, 0xff, 0xff, 0xff, 0xf3, 0x0,
    0x4f, 0xff, 0xff, 0xff, 0xff, 0xff, 0xff, 0xff,
    0xfd, 0x0, 0x4f, 0xff, 0xff, 0xca, 0xac, 0xff,
    0xff, 0xff, 0xff, 0x60, 0x4f, 0xfd, 0x61, 0x0,
    0x0, 0x18, 0xff, 0xff, 0xff, 0xb0, 0x4f, 0x60,
    0x0, 0x0, 0x0, 0x0, 0x8f, 0xff, 0xff, 0xe0,
    0x22, 0x0, 0x0, 0x0, 0x0, 0x0, 0x1f, 0xff,
    0xff, 0xf0, 0x0, 0x0, 0x0, 0x0, 0x0, 0x0,
    0xf, 0xff, 0xff, 0xf0, 0x0, 0x0, 0x0, 0x0,
    0x0, 0x0, 0xf, 0xff, 0xff, 0xd0, 0x0, 0x0,
    0x0, 0x0, 0x0, 0x0, 0x5f, 0xff, 0xff, 0x90,
    0x0, 0x0, 0x0, 0x0, 0x0, 0x0, 0xdf, 0xff,
    0xff, 0x40, 0x0, 0x0, 0x0, 0x0, 0x0, 0x7,
    0xff, 0xff, 0xfd, 0x0, 0x0, 0x0, 0x0, 0x0,
    0x0, 0x3f, 0xff, 0xff, 0xf5, 0x0, 0x0, 0x0,
    0x0, 0x0, 0x1, 0xef, 0xff, 0xff, 0x90, 0x0,
    0x0, 0x0, 0x0, 0x0, 0xc, 0xff, 0xff, 0xfd,
    0x0, 0x0, 0x0, 0x0, 0x0, 0x0, 0xbf, 0xff,
    0xff, 0xe2, 0x0, 0x0, 0x0, 0x0, 0x0, 0xb,
    0xff, 0xff, 0xff, 0x30, 0x0, 0x0, 0x0, 0x0,
    0x0, 0xbf, 0xff, 0xff, 0xf3, 0x0, 0x0, 0x0,
    0x0, 0x0, 0xb, 0xff, 0xff, 0xfe, 0x30, 0x0,
    0x0, 0x0, 0x0, 0x1, 0xdf, 0xff, 0xff, 0xe2,
    0x0, 0x0, 0x0, 0x0, 0x0, 0x2e, 0xff, 0xff,
    0xfd, 0x20, 0x0, 0x0, 0x0, 0x0, 0x4, 0xff,
    0xff, 0xff, 0xc1, 0x0, 0x0, 0x0, 0x0, 0x0,
    0x6f, 0xff, 0xff, 0xff, 0xcc, 0xcc, 0xcc, 0xcc,
    0xcc, 0xc2, 0xcf, 0xff, 0xff, 0xff, 0xff, 0xff,
    0xff, 0xff, 0xff, 0xf3, 0xcf, 0xff, 0xff, 0xff,
    0xff, 0xff, 0xff, 0xff, 0xff, 0xf3, 0xcf, 0xff,
    0xff, 0xff, 0xff, 0xff, 0xff, 0xff, 0xff, 0xf3,
    0xcf, 0xff, 0xff, 0xff, 0xff, 0xff, 0xff, 0xff,
    0xff, 0xf3,

    /* U+0033 "3" */
    0x0, 0x0, 0x2, 0x46, 0x77, 0x64, 0x10, 0x0,
    0x0, 0x0, 0x0, 0x4a, 0xef, 0xff, 0xff, 0xff,
    0xfb, 0x40, 0x0, 0x0, 0x6, 0xff, 0xff, 0xff,
    0xff, 0xff, 0xff, 0xfa, 0x0, 0x0, 0x6, 0xff,
    0xff, 0xff, 0xff, 0xff, 0xff, 0xff, 0xb0, 0x0,
    0x6, 0xff, 0xff, 0xff, 0xff, 0xff, 0xff, 0xff,
    0xf6, 0x0, 0x6, 0xff, 0xfa, 0x65, 0x57, 0xcf,
    0xff, 0xff, 0xfd, 0x0, 0x6, 0xe6, 0x0, 0x0,
    0x0, 0x6, 0xff, 0xff, 0xff, 0x10, 0x2, 0x0,
    0x0, 0x0, 0x0, 0x0, 0xcf, 0xff, 0xff, 0x30,
    0x0, 0x0, 0x0, 0x0, 0x0, 0x0, 0x9f, 0xff,
    0xff, 0x20, 0x0, 0x0, 0x0, 0x0, 0x0, 0x0,
    0xbf, 0xff, 0xff, 0x0, 0x0, 0x0, 0x0, 0x0,
    0x0, 0x4, 0xff, 0xff, 0xfb, 0x0, 0x0, 0x0,
    0x0, 0x0, 0x13, 0x9f, 0xff, 0xff, 0xf2, 0x0,
    0x0, 0x3, 0xff, 0xff, 0xff, 0xff, 0xff, 0xff,
    0x50, 0x0, 0x0, 0x3, 0xff, 0xff, 0xff, 0xff,
    0xff, 0xd4, 0x0, 0x0, 0x0, 0x3, 0xff, 0xff,
    0xff, 0xff, 0xff, 0x70, 0x0, 0x0, 0x0, 0x3,
    0xff, 0xff, 0xff, 0xff, 0xff, 0xfe, 0x30, 0x0,
    0x0, 0x1, 0x88, 0x88, 0x9b, 0xff, 0xff, 0xff,
    0xf4, 0x0, 0x0, 0x0, 0x0, 0x0, 0x0, 0x7,
    0xff, 0xff, 0xff, 0x20, 0x0, 0x0, 0x0, 0x0,
    0x0, 0x0, 0x6f, 0xff, 0xff, 0x90, 0x0, 0x0,
    0x0, 0x0, 0x0, 0x0, 0xe, 0xff, 0xff, 0xe0,
    0x0, 0x0, 0x0, 0x0, 0x0, 0x0, 0xc, 0xff,
    0xff, 0xf1, 0x0, 0x0, 0x0, 0x0, 0x0, 0x0,
    0xd, 0xff, 0xff, 0xf2, 0x23, 0x0, 0x0, 0x0,
    0x0, 0x0, 0x3f, 0xff, 0xff, 0xf0, 0x4f, 0xa3,
    0x0, 0x0, 0x0, 0x2, 0xdf, 0xff, 0xff, 0xc0,
    0x4f, 0xff, 0xeb, 0x87, 0x67, 0xaf, 0xff, 0xff,
    0xff, 0x60, 0x4f, 0xff, 0xff, 0xff, 0xff, 0xff,
    0xff, 0xff, 0xfb, 0x0, 0x4f, 0xff, 0xff, 0xff,
    0xff, 0xff, 0xff, 0xff, 0xc0, 0x0, 0x3f, 0xff,
    0xff, 0xff, 0xff, 0xff, 0xff, 0xf9, 0x10, 0x0,
    0x1, 0x6b, 0xff, 0xff, 0xff, 0xff, 0xfb, 0x30,
    0x0, 0x0, 0x0, 0x0, 0x2, 0x56, 0x77, 0x64,
    0x0, 0x0, 0x0, 0x0,

    /* U+0034 "4" */
    0x0, 0x0, 0x0, 0x0, 0x0, 0x3f, 0xff, 0xff,
    0xff, 0x40, 0x0, 0x0, 0x0, 0x0, 0x0, 0x0,
    0xcf, 0xff, 0xff, 0xff, 0x40, 0x0, 0x0, 0x0,
    0x0, 0x0, 0x5, 0xff, 0xff, 0xff, 0xff, 0x40,
    0x0, 0x0, 0x0, 0x0, 0x0, 0xd, 0xff, 0xff,
    0xff, 0xff, 0x40, 0x0, 0x0, 0x0, 0x0, 0x0,
    0x7f, 0xff, 0xff, 0xff, 0xff, 0x40, 0x0, 0x0,
    0x0, 0x0, 0x1, 0xef, 0xff, 0xff, 0xff, 0xff,
    0x40, 0x0, 0x0, 0x0, 0x0, 0x8, 0xff, 0xff,
    0xff, 0xff, 0xff, 0x40, 0x0, 0x0, 0x0, 0x0,
    0x2f, 0xff, 0xff, 0x9f, 0xff, 0xff, 0x40, 0x0,
    0x0, 0x0, 0x0, 0xaf, 0xff, 0xf7, 0x8f, 0xff,
    0xff, 0x40, 0x0, 0x0, 0x0, 0x3, 0xff, 0xff,
    0xe0, 0x8f, 0xff, 0xff, 0x40, 0x0, 0x0, 0x0,
    0xc, 0xff, 0xff, 0x60, 0x8f, 0xff, 0xff, 0x40,
    0x0, 0x0, 0x0, 0x4f, 0xff, 0xfd, 0x0, 0x8f,
    0xff, 0xff, 0x40, 0x0, 0x0, 0x0, 0xdf, 0xff,
    0xf5, 0x0, 0x8f, 0xff, 0xff, 0x40, 0x0, 0x0,
    0x6, 0xff, 0xff, 0xc0, 0x0, 0x8f, 0xff, 0xff,
    0x40, 0x0, 0x0, 0xe, 0xff, 0xff, 0x30, 0x0,
    0x8f, 0xff, 0xff, 0x40, 0x0, 0x0, 0x8f, 0xff,
    0xfb, 0x0, 0x0, 0x8f, 0xff, 0xff, 0x40, 0x0,
    0x1, 0xff, 0xff, 0xf2, 0x0, 0x0, 0x8f, 0xff,
    0xff, 0x40, 0x0, 0x9, 0xff, 0xff, 0xa0, 0x0,
    0x0, 0x8f, 0xff, 0xff, 0x40, 0x0, 0x2f, 0xff,
    0xff, 0xdc, 0xcc, 0xcc, 0xef, 0xff, 0xff, 0xdc,
    0xc0, 0x9f, 0xff, 0xff, 0xff, 0xff, 0xff, 0xff,
    0xff, 0xff, 0xff, 0xf0, 0x9f, 0xff, 0xff, 0xff,
    0xff, 0xff, 0xff, 0xff, 0xff, 0xff, 0xf0, 0x9f,
    0xff, 0xff, 0xff, 0xff, 0xff, 0xff, 0xff, 0xff,
    0xff, 0xf0, 0x9f, 0xff, 0xff, 0xff, 0xff, 0xff,
    0xff, 0xff, 0xff, 0xff, 0xf0, 0x0, 0x0, 0x0,
    0x0, 0x0, 0x0, 0xaf, 0xff, 0xff, 0x40, 0x0,
    0x0, 0x0, 0x0, 0x0, 0x0, 0x0, 0xaf, 0xff,
    0xff, 0x40, 0x0, 0x0, 0x0, 0x0, 0x0, 0x0,
    0x0, 0xaf, 0xff, 0xff, 0x40, 0x0, 0x0, 0x0,
    0x0, 0x0, 0x0, 0x0, 0xaf, 0xff, 0xff, 0x40,
    0x0, 0x0, 0x0, 0x0, 0x0, 0x0, 0x0, 0xaf,
    0xff, 0xff, 0x40, 0x0,

    /* U+0035 "5" */
    0x0, 0xff, 0xff, 0xff, 0xff, 0xff, 0xff, 0xff,
    0xfe, 0x0, 0x0, 0xff, 0xff, 0xff, 0xff, 0xff,
    0xff, 0xff, 0xfe, 0x0, 0x1, 0xff, 0xff, 0xff,
    0xff, 0xff, 0xff, 0xff, 0xfe, 0x0, 0x1, 0xff,
    0xff, 0xff, 0xff, 0xff, 0xff, 0xff, 0xfe, 0x0,
    0x1, 0xff, 0xff, 0xff, 0xcc, 0xcc, 0xcc, 0xcc,
    0xca, 0x0, 0x2, 0xff, 0xff, 0xfc, 0x0, 0x0,
    0x0, 0x0, 0x0, 0x0, 0x2, 0xff, 0xff, 0xfb,
    0x0, 0x0, 0x0, 0x0, 0x0, 0x0, 0x3, 0xff,
    0xff, 0xfb, 0x0, 0x0, 0x0, 0x0, 0x0, 0x0,
    0x3, 0xff, 0xff, 0xfa, 0x0, 0x0, 0x0, 0x0,
    0x0, 0x0, 0x4, 0xff, 0xff, 0xfc, 0x67, 0x64,
    0x10, 0x0, 0x0, 0x0, 0x4, 0xff, 0xff, 0xff,
    0xff, 0xff, 0xfd, 0x60, 0x0, 0x0, 0x4, 0xff,
    0xff, 0xff, 0xff, 0xff, 0xff, 0xfe, 0x40, 0x0,
    0x5, 0xff, 0xff, 0xff, 0xff, 0xff, 0xff, 0xff,
    0xf5, 0x0, 0x5, 0xff, 0xff, 0xdc, 0xbd, 0xff,
    0xff, 0xff, 0xff, 0x20, 0x6, 0xe8, 0x30, 0x0,
    0x0, 0x2a, 0xff, 0xff, 0xff, 0xa0, 0x1, 0x0,
    0x0, 0x0, 0x0, 0x0, 0x8f, 0xff, 0xff, 0xf1,
    0x0, 0x0, 0x0, 0x0, 0x0, 0x0, 0xd, 0xff,
    0xff, 0xf4, 0x0, 0x0, 0x0, 0x0, 0x0, 0x0,
    0x8, 0xff, 0xff, 0xf7, 0x0, 0x0, 0x0, 0x0,
    0x0, 0x0, 0x6, 0xff, 0xff, 0xf8, 0x0, 0x0,
    0x0, 0x0, 0x0, 0x0, 0x7, 0xff, 0xff, 0xf8,
    0x0, 0x0, 0x0, 0x0, 0x0, 0x0, 0xb, 0xff,
    0xff, 0xf6, 0x10, 0x0, 0x0, 0x0, 0x0, 0x0,
    0x4f, 0xff, 0xff, 0xf3, 0x6d, 0x61, 0x0, 0x0,
    0x0, 0x3, 0xef, 0xff, 0xff, 0xd0, 0x6f, 0xff,
    0xc8, 0x64, 0x46, 0xbf, 0xff, 0xff, 0xff, 0x60,
    0x6f, 0xff, 0xff, 0xff, 0xff, 0xff, 0xff, 0xff,
    0xfb, 0x0, 0x6f, 0xff, 0xff, 0xff, 0xff, 0xff,
    0xff, 0xff, 0xd0, 0x0, 0x6f, 0xff, 0xff, 0xff,
    0xff, 0xff, 0xff, 0xf9, 0x0, 0x0, 0x16, 0xbe,
    0xff, 0xff, 0xff, 0xff, 0xfb, 0x40, 0x0, 0x0,
    0x0, 0x0, 0x14, 0x57, 0x77, 0x64, 0x10, 0x0,
    0x0, 0x0,

    /* U+0036 "6" */
    0x0, 0x0, 0x0, 0x0, 0x0, 0x36, 0x77, 0x65,
    0x30, 0x0, 0x0, 0x0, 0x0, 0x0, 0x3a, 0xff,
    0xff, 0xff, 0xff, 0xfb, 0x0, 0x0, 0x0, 0x1,
    0xaf, 0xff, 0xff, 0xff, 0xff, 0xff, 0xe0, 0x0,
    0x0, 0x2, 0xdf, 0xff, 0xff, 0xff, 0xff, 0xff,
    0xfe, 0x0, 0x0, 0x1, 0xdf, 0xff, 0xff, 0xff,
    0xff, 0xff, 0xff, 0xe0, 0x0, 0x0, 0xbf, 0xff,
    0xff, 0xff, 0xa6, 0x44, 0x6a, 0xfe, 0x0, 0x0,
    0x4f, 0xff, 0xff, 0xf9, 0x0, 0x0, 0x0, 0x1,
    0x60, 0x0, 0xb, 0xff, 0xff, 0xf6, 0x0, 0x0,
    0x0, 0x0, 0x0, 0x0, 0x1, 0xff, 0xff, 0xfa,
    0x0, 0x0, 0x0, 0x0, 0x0, 0x0, 0x0, 0x6f,
    0xff, 0xff, 0x30, 0x0, 0x0, 0x0, 0x0, 0x0,
    0x0, 0x9, 0xff, 0xff, 0xe0, 0x5a, 0xde, 0xfe,
    0xd9, 0x30, 0x0, 0x0, 0xcf, 0xff, 0xff, 0xef,
    0xff, 0xff, 0xff, 0xff, 0xa0, 0x0, 0xe, 0xff,
    0xff, 0xff, 0xff, 0xff, 0xff, 0xff, 0xff, 0xc0,
    0x0, 0xff, 0xff, 0xff, 0xff, 0xff, 0xff, 0xff,
    0xff, 0xff, 0x70, 0x1f, 0xff, 0xff, 0xff, 0xfa,
    0x65, 0x8f, 0xff, 0xff, 0xfe, 0x2, 0xff, 0xff,
    0xff, 0xf4, 0x0, 0x0, 0x2f, 0xff, 0xff, 0xf4,
    0x2f, 0xff, 0xff, 0xf9, 0x0, 0x0, 0x0, 0x9f,
    0xff, 0xff, 0x71, 0xff, 0xff, 0xff, 0x30, 0x0,
    0x0, 0x4, 0xff, 0xff, 0xf9, 0xf, 0xff, 0xff,
    0xf1, 0x0, 0x0, 0x0, 0x2f, 0xff, 0xff, 0xa0,
    0xef, 0xff, 0xff, 0x0, 0x0, 0x0, 0x2, 0xff,
    0xff, 0xfb, 0xb, 0xff, 0xff, 0xf1, 0x0, 0x0,
    0x0, 0x2f, 0xff, 0xff, 0xa0, 0x8f, 0xff, 0xff,
    0x40, 0x0, 0x0, 0x5, 0xff, 0xff, 0xf8, 0x4,
    0xff, 0xff, 0xfa, 0x0, 0x0, 0x0, 0x9f, 0xff,
    0xff, 0x50, 0xe, 0xff, 0xff, 0xf4, 0x0, 0x0,
    0x2f, 0xff, 0xff, 0xf1, 0x0, 0x7f, 0xff, 0xff,
    0xf9, 0x54, 0x8f, 0xff, 0xff, 0xfa, 0x0, 0x0,
    0xef, 0xff, 0xff, 0xff, 0xff, 0xff, 0xff, 0xff,
    0x20, 0x0, 0x4, 0xff, 0xff, 0xff, 0xff, 0xff,
    0xff, 0xff, 0x50, 0x0, 0x0, 0x5, 0xff, 0xff,
    0xff, 0xff, 0xff, 0xff, 0x50, 0x0, 0x0, 0x0,
    0x1, 0xaf, 0xff, 0xff, 0xff, 0xf9, 0x10, 0x0,
    0x0, 0x0, 0x0, 0x0, 0x3, 0x57, 0x76, 0x30,
    0x0, 0x0, 0x0,

    /* U+0037 "7" */
    0xdf, 0xff, 0xff, 0xff, 0xff, 0xff, 0xff, 0xff,
    0xff, 0xf7, 0xdf, 0xff, 0xff, 0xff, 0xff, 0xff,
    0xff, 0xff, 0xff, 0xf7, 0xdf, 0xff, 0xff, 0xff,
    0xff, 0xff, 0xff, 0xff, 0xff, 0xf7, 0xdf, 0xff,
    0xff, 0xff, 0xff, 0xff, 0xff, 0xff, 0xff, 0xf7,
    0xac, 0xcc, 0xcc, 0xcc, 0xcc, 0xcc, 0xdf, 0xff,
    0xff, 0xf4, 0x0, 0x0, 0x0, 0x0, 0x0, 0x0,
    0xaf, 0xff, 0xff, 0x80, 0x0, 0x0, 0x0, 0x0,
    0x0, 0x5, 0xff, 0xff, 0xfc, 0x0, 0x0, 0x0,
    0x0, 0x0, 0x0, 0x1e, 0xff, 0xff, 0xf2, 0x0,
    0x0, 0x0, 0x0, 0x0, 0x0, 0x9f, 0xff, 0xff,
    0x70, 0x0, 0x0, 0x0, 0x0, 0x0, 0x3, 0xff,
    0xff, 0xfc, 0x0, 0x0, 0x0, 0x0, 0x0, 0x0,
    0xb, 0xff, 0xff, 0xf4, 0x0, 0x0, 0x0, 0x0,
    0x0, 0x0, 0x3f, 0xff, 0xff, 0xb0, 0x0, 0x0,
    0x0, 0x0, 0x0, 0x0, 0xbf, 0xff, 0xff, 0x30,
    0x0, 0x0, 0x0, 0x0, 0x0, 0x3, 0xff, 0xff,
    0xfb, 0x0, 0x0, 0x0, 0x0, 0x0, 0x0, 0x9,
    0xff, 0xff, 0xf4, 0x0, 0x0, 0x0, 0x0, 0x0,
    0x0, 0xf, 0xff, 0xff, 0xd0, 0x0, 0x0, 0x0,
    0x0, 0x0, 0x0, 0x5f, 0xff, 0xff, 0x80, 0x0,
    0x0, 0x0, 0x0, 0x0, 0x0, 0xbf, 0xff, 0xff,
    0x20, 0x0, 0x0, 0x0, 0x0, 0x0, 0x1, 0xff,
    0xff, 0xfd, 0x0, 0x0, 0x0, 0x0, 0x0, 0x0,
    0x5, 0xff, 0xff, 0xf9, 0x0, 0x0, 0x0, 0x0,
    0x0, 0x0, 0x9, 0xff, 0xff, 0xf4, 0x0, 0x0,
    0x0, 0x0, 0x0, 0x0, 0xd, 0xff, 0xff, 0xf0,
    0x0, 0x0, 0x0, 0x0, 0x0, 0x0, 0x1f, 0xff,
    0xff, 0xd0, 0x0, 0x0, 0x0, 0x0, 0x0, 0x0,
    0x4f, 0xff, 0xff, 0xa0, 0x0, 0x0, 0x0, 0x0,
    0x0, 0x0, 0x7f, 0xff, 0xff, 0x60, 0x0, 0x0,
    0x0, 0x0, 0x0, 0x0, 0xaf, 0xff, 0xff, 0x40,
    0x0, 0x0, 0x0, 0x0, 0x0, 0x0, 0xcf, 0xff,
    0xff, 0x20, 0x0, 0x0, 0x0, 0x0, 0x0, 0x0,
    0xef, 0xff, 0xff, 0x0, 0x0, 0x0, 0x0, 0x0,

    /* U+0038 "8" */
    0x0, 0x0, 0x0, 0x1, 0x46, 0x77, 0x63, 0x0,
    0x0, 0x0, 0x0, 0x0, 0x0, 0x6c, 0xff, 0xff,
    0xff, 0xff, 0xb3, 0x0, 0x0, 0x0, 0x1, 0xcf,
    0xff, 0xff, 0xff, 0xff, 0xff, 0xf9, 0x0, 0x0,
    0x0, 0xdf, 0xff, 0xff, 0xff, 0xff, 0xff, 0xff,
    0xf9, 0x0, 0x0, 0x9f, 0xff, 0xff, 0xff, 0xff,
    0xff, 0xff, 0xff, 0xf4, 0x0, 0xf, 0xff, 0xff,
    0xfd, 0x74, 0x59, 0xff, 0xff, 0xff, 0xa0, 0x4,
    0xff, 0xff, 0xfd, 0x0, 0x0, 0x4, 0xff, 0xff,
    0xfe, 0x0, 0x6f, 0xff, 0xff, 0x60, 0x0, 0x0,
    0xd, 0xff, 0xff, 0xf0, 0x7, 0xff, 0xff, 0xf4,
    0x0, 0x0, 0x0, 0xbf, 0xff, 0xff, 0x0, 0x5f,
    0xff, 0xff, 0x60, 0x0, 0x0, 0xd, 0xff, 0xff,
    0xe0, 0x1, 0xff, 0xff, 0xfc, 0x0, 0x0, 0x4,
    0xff, 0xff, 0xf9, 0x0, 0x9, 0xff, 0xff, 0xfb,
    0x30, 0x16, 0xef, 0xff, 0xff, 0x20, 0x0, 0x1e,
    0xff, 0xff, 0xff, 0xff, 0xff, 0xff, 0xff, 0x60,
    0x0, 0x0, 0x2d, 0xff, 0xff, 0xff, 0xff, 0xff,
    0xff, 0x70, 0x0, 0x0, 0x0, 0x8, 0xff, 0xff,
    0xff, 0xff, 0xfc, 0x20, 0x0, 0x0, 0x0, 0x2b,
    0xff, 0xff, 0xff, 0xff, 0xff, 0xfe, 0x60, 0x0,
    0x0, 0x5f, 0xff, 0xff, 0xff, 0xff, 0xff, 0xff,
    0xff, 0xb0, 0x0, 0x2f, 0xff, 0xff, 0xff, 0xdb,
    0xce, 0xff, 0xff, 0xff, 0xb0, 0xb, 0xff, 0xff,
    0xfd, 0x30, 0x0, 0x7, 0xff, 0xff, 0xff, 0x40,
    0xff, 0xff, 0xfe, 0x10, 0x0, 0x0, 0x6, 0xff,
    0xff, 0xfa, 0x3f, 0xff, 0xff, 0xa0, 0x0, 0x0,
    0x0, 0x1f, 0xff, 0xff, 0xd4, 0xff, 0xff, 0xfa,
    0x0, 0x0, 0x0, 0x0, 0xff, 0xff, 0xfe, 0x4f,
    0xff, 0xff, 0xd0, 0x0, 0x0, 0x0, 0x3f, 0xff,
    0xff, 0xd2, 0xff, 0xff, 0xff, 0x60, 0x0, 0x0,
    0xb, 0xff, 0xff, 0xfb, 0xd, 0xff, 0xff, 0xff,
    0xc6, 0x45, 0x8e, 0xff, 0xff, 0xff, 0x60, 0x6f,
    0xff, 0xff, 0xff, 0xff, 0xff, 0xff, 0xff, 0xff,
    0xd0, 0x0, 0xaf, 0xff, 0xff, 0xff, 0xff, 0xff,
    0xff, 0xff, 0xf3, 0x0, 0x0, 0x8f, 0xff, 0xff,
    0xff, 0xff, 0xff, 0xff, 0xd3, 0x0, 0x0, 0x0,
    0x29, 0xff, 0xff, 0xff, 0xff, 0xfc, 0x60, 0x0,
    0x0, 0x0, 0x0, 0x0, 0x25, 0x67, 0x76, 0x41,
    0x0, 0x0, 0x0,

    /* U+0039 "9" */
    0x0, 0x0, 0x0, 0x1, 0x56, 0x76, 0x52, 0x0,
    0x0, 0x0, 0x0, 0x0, 0x0, 0x5c, 0xff, 0xff,
    0xff, 0xfd, 0x60, 0x0, 0x0, 0x0, 0x0, 0xbf,
    0xff, 0xff, 0xff, 0xff, 0xff, 0xb1, 0x0, 0x0,
    0x0, 0xcf, 0xff, 0xff, 0xff, 0xff, 0xff, 0xff,
    0xc0, 0x0, 0x0, 0x8f, 0xff, 0xff, 0xff, 0xff,
    0xff, 0xff, 0xff, 0x80, 0x0, 0x1f, 0xff, 0xff,
    0xfc, 0x64, 0x6d, 0xff, 0xff, 0xff, 0x10, 0x7,
    0xff, 0xff, 0xfb, 0x0, 0x0, 0xb, 0xff, 0xff,
    0xf7, 0x0, 0xcf, 0xff, 0xff, 0x20, 0x0, 0x0,
    0x1f, 0xff, 0xff, 0xc0, 0xf, 0xff, 0xff, 0xe0,
    0x0, 0x0, 0x0, 0xbf, 0xff, 0xff, 0x11, 0xff,
    0xff, 0xfb, 0x0, 0x0, 0x0, 0x8, 0xff, 0xff,
    0xf4, 0x2f, 0xff, 0xff, 0xb0, 0x0, 0x0, 0x0,
    0x8f, 0xff, 0xff, 0x71, 0xff, 0xff, 0xfb, 0x0,
    0x0, 0x0, 0x8, 0xff, 0xff, 0xf9, 0xf, 0xff,
    0xff, 0xd0, 0x0, 0x0, 0x0, 0xbf, 0xff, 0xff,
    0xa0, 0xef, 0xff, 0xff, 0x20, 0x0, 0x0, 0x1f,
    0xff, 0xff, 0xfb, 0xb, 0xff, 0xff, 0xfb, 0x0,
    0x0, 0xb, 0xff, 0xff, 0xff, 0xb0, 0x5f, 0xff,
    0xff, 0xfd, 0x76, 0x8d, 0xff, 0xff, 0xff, 0xfa,
    0x0, 0xdf, 0xff, 0xff, 0xff, 0xff, 0xff, 0xff,
    0xff, 0xff, 0x90, 0x3, 0xff, 0xff, 0xff, 0xff,
    0xff, 0xff, 0xff, 0xff, 0xf7, 0x0, 0x4, 0xef,
    0xff, 0xff, 0xff, 0xff, 0xdf, 0xff, 0xff, 0x50,
    0x0, 0x0, 0x6b, 0xef, 0xfe, 0xb7, 0x26, 0xff,
    0xff, 0xf2, 0x0, 0x0, 0x0, 0x0, 0x0, 0x0,
    0x0, 0xaf, 0xff, 0xfe, 0x0, 0x0, 0x0, 0x0,
    0x0, 0x0, 0x0, 0x2f, 0xff, 0xff, 0xa0, 0x0,
    0x0, 0x0, 0x0, 0x0, 0x0, 0xc, 0xff, 0xff,
    0xf4, 0x0, 0x3, 0x40, 0x0, 0x0, 0x0, 0x3d,
    0xff, 0xff, 0xfd, 0x0, 0x0, 0x5f, 0xd8, 0x54,
    0x47, 0xbf, 0xff, 0xff, 0xff, 0x40, 0x0, 0x5,
    0xff, 0xff, 0xff, 0xff, 0xff, 0xff, 0xff, 0x80,
    0x0, 0x0, 0x5f, 0xff, 0xff, 0xff, 0xff, 0xff,
    0xff, 0x80, 0x0, 0x0, 0x5, 0xff, 0xff, 0xff,
    0xff, 0xff, 0xfe, 0x50, 0x0, 0x0, 0x0, 0x3e,
    0xff, 0xff, 0xff, 0xff, 0xe8, 0x10, 0x0, 0x0,
    0x0, 0x0, 0x2, 0x45, 0x67, 0x65, 0x20, 0x0,
    0x0, 0x0, 0x0,

    /* U+003A ":" */
    0x3f, 0xff, 0xff, 0xf5, 0x3f, 0xff, 0xff, 0xf5,
    0x3f, 0xff, 0xff, 0xf5, 0x3f, 0xff, 0xff, 0xf5,
    0x3f, 0xff, 0xff, 0xf5, 0x3f, 0xff, 0xff, 0xf5,
    0x18, 0x88, 0x88, 0x83, 0x0, 0x0, 0x0, 0x0,
    0x0, 0x0, 0x0, 0x0, 0x0, 0x0, 0x0, 0x0,
    0x0, 0x0, 0x0, 0x0, 0x0, 0x0, 0x0, 0x0,
    0x0, 0x0, 0x0, 0x0, 0x0, 0x0, 0x0, 0x0,
    0x18, 0x88, 0x88, 0x82, 0x3f, 0xff, 0xff, 0xf5,
    0x3f, 0xff, 0xff, 0xf5, 0x3f, 0xff, 0xff, 0xf5,
    0x3f, 0xff, 0xff, 0xf5, 0x3f, 0xff, 0xff, 0xf5,
    0x3f, 0xff, 0xff, 0xf5,

    /* U+003B ";" */
    0x0, 0x2f, 0xff, 0xff, 0xf6, 0x0, 0x2f, 0xff,
    0xff, 0xf6, 0x0, 0x2f, 0xff, 0xff, 0xf6, 0x0,
    0x2f, 0xff, 0xff, 0xf6, 0x0, 0x2f, 0xff, 0xff,
    0xf6, 0x0, 0x2f, 0xff, 0xff, 0xf6, 0x0, 0x18,
    0x88, 0x88, 0x83, 0x0, 0x0, 0x0, 0x0, 0x0,
    0x0, 0x0, 0x0, 0x0, 0x0, 0x0, 0x0, 0x0,
    0x0, 0x0, 0x0, 0x0, 0x0, 0x0, 0x0, 0x0,
    0x0, 0x0, 0x0, 0x0, 0x0, 0x0, 0x0, 0x0,
    0x0, 0x0, 0x0, 0x0, 0x0, 0x0, 0x0, 0x0,
    0x0, 0x0, 0x0, 0x0, 0xa, 0xff, 0xff, 0xf1,
    0x0, 0xf, 0xff, 0xff, 0xb0, 0x0, 0x4f, 0xff,
    0xff, 0x40, 0x0, 0x8f, 0xff, 0xfe, 0x0, 0x0,
    0xdf, 0xff, 0xf8, 0x0, 0x2, 0xff, 0xff, 0xf2,
    0x0, 0x7, 0xff, 0xff, 0xb0, 0x0, 0xb, 0xff,
    0xff, 0x50, 0x0, 0xf, 0xff, 0xfe, 0x0, 0x0,
    0x5f, 0xff, 0xf9, 0x0, 0x0, 0xaf, 0xff, 0xf2,
    0x0, 0x0, 0xac, 0xcc, 0xa0, 0x0, 0x0,

    /* U+003C "<" */
    0x0, 0x0, 0x0, 0x0, 0x0, 0x0, 0x0, 0x0,
    0x0, 0x0, 0x60, 0x0, 0x0, 0x0, 0x0, 0x0,
    0x0, 0x0, 0x0, 0x39, 0xff, 0x0, 0x0, 0x0,
    0x0, 0x0, 0x0, 0x0, 0x6, 0xcf, 0xff, 0xf0,
    0x0, 0x0, 0x0, 0x0, 0x0, 0x2, 0x9f, 0xff,
    0xff, 0xff, 0x0, 0x0, 0x0, 0x0, 0x0, 0x5c,
    0xff, 0xff, 0xff, 0xff, 0xf0, 0x0, 0x0, 0x0,
    0x29, 0xef, 0xff, 0xff, 0xff, 0xff, 0xfb, 0x0,
    0x0, 0x5, 0xcf, 0xff, 0xff, 0xff, 0xff, 0xfd,
    0x71, 0x0, 0x2, 0x8e, 0xff, 0xff, 0xff, 0xff,
    0xff, 0xa4, 0x0, 0x0, 0x4b, 0xff, 0xff, 0xff,
    0xff, 0xff, 0xc6, 0x10, 0x0, 0x0, 0xd, 0xff,
    0xff, 0xff, 0xff, 0xe9, 0x30, 0x0, 0x0, 0x0,
    0x0, 0xdf, 0xff, 0xff, 0xfb, 0x50, 0x0, 0x0,
    0x0, 0x0, 0x0, 0xd, 0xff, 0xfe, 0x82, 0x0,
    0x0, 0x0, 0x0, 0x0, 0x0, 0x0, 0xdf, 0xff,
    0xfc, 0x50, 0x0, 0x0, 0x0, 0x0, 0x0, 0x0,
    0xd, 0xff, 0xff, 0xff, 0xf9, 0x30, 0x0, 0x0,
    0x0, 0x0, 0x0, 0xdf, 0xff, 0xff, 0xff, 0xff,
    0xd7, 0x10, 0x0, 0x0, 0x0, 0x1, 0x7e, 0xff,
    0xff, 0xff, 0xff, 0xff, 0xa4, 0x0, 0x0, 0x0,
    0x0, 0x4, 0xbf, 0xff, 0xff, 0xff, 0xff, 0xfe,
    0x82, 0x0, 0x0, 0x0, 0x0, 0x18, 0xef, 0xff,
    0xff, 0xff, 0xff, 0xfb, 0x50, 0x0, 0x0, 0x0,
    0x0, 0x5b, 0xff, 0xff, 0xff, 0xff, 0xff, 0xe0,
    0x0, 0x0, 0x0, 0x0, 0x2, 0x8e, 0xff, 0xff,
    0xff, 0xff, 0x0, 0x0, 0x0, 0x0, 0x0, 0x0,
    0x5, 0xbf, 0xff, 0xff, 0xf0, 0x0, 0x0, 0x0,
    0x0, 0x0, 0x0, 0x0, 0x28, 0xef, 0xff, 0x0,
    0x0, 0x0, 0x0, 0x0, 0x0, 0x0, 0x0, 0x0,
    0x5c, 0xf0, 0x0, 0x0, 0x0, 0x0, 0x0, 0x0,
    0x0, 0x0, 0x0, 0x2,

    /* U+003D "=" */
    0x45, 0x55, 0x55, 0x55, 0x55, 0x55, 0x55, 0x55,
    0x55, 0x55, 0x5d, 0xff, 0xff, 0xff, 0xff, 0xff,
    0xff, 0xff, 0xff, 0xff, 0xff, 0xdf, 0xff, 0xff,
    0xff, 0xff, 0xff, 0xff, 0xff, 0xff, 0xff, 0xfd,
    0xff, 0xff, 0xff, 0xff, 0xff, 0xff, 0xff, 0xff,
    0xff, 0xff, 0xdf, 0xff, 0xff, 0xff, 0xff, 0xff,
    0xff, 0xff, 0xff, 0xff, 0xfd, 0xff, 0xff, 0xff,
    0xff, 0xff, 0xff, 0xff, 0xff, 0xff, 0xff, 0x0,
    0x0, 0x0, 0x0, 0x0, 0x0, 0x0, 0x0, 0x0,
    0x0, 0x0, 0x0, 0x0, 0x0, 0x0, 0x0, 0x0,
    0x0, 0x0, 0x0, 0x0, 0x0, 0x0, 0x0, 0x0,
    0x0, 0x0, 0x0, 0x0, 0x0, 0x0, 0x0, 0x0,
    0x0, 0x0, 0x0, 0x0, 0x0, 0x0, 0x0, 0x0,
    0x0, 0x45, 0x55, 0x55, 0x55, 0x55, 0x55, 0x55,
    0x55, 0x55, 0x55, 0x5d, 0xff, 0xff, 0xff, 0xff,
    0xff, 0xff, 0xff, 0xff, 0xff, 0xff, 0xdf, 0xff,
    0xff, 0xff, 0xff, 0xff, 0xff, 0xff, 0xff, 0xff,
    0xfd, 0xff, 0xff, 0xff, 0xff, 0xff, 0xff, 0xff,
    0xff, 0xff, 0xff, 0xdf, 0xff, 0xff, 0xff, 0xff,
    0xff, 0xff, 0xff, 0xff, 0xff, 0xfd, 0xff, 0xff,
    0xff, 0xff, 0xff, 0xff, 0xff, 0xff, 0xff, 0xff,

    /* U+003E ">" */
    0x61, 0x0, 0x0, 0x0, 0x0, 0x0, 0x0, 0x0,
    0x0, 0x0, 0xd, 0xfa, 0x40, 0x0, 0x0, 0x0,
    0x0, 0x0, 0x0, 0x0, 0x0, 0xdf, 0xff, 0xd7,
    0x10, 0x0, 0x0, 0x0, 0x0, 0x0, 0x0, 0xd,
    0xff, 0xff, 0xff, 0xa3, 0x0, 0x0, 0x0, 0x0,
    0x0, 0x0, 0xdf, 0xff, 0xff, 0xff, 0xfd, 0x61,
    0x0, 0x0, 0x0, 0x0, 0x9, 0xff, 0xff, 0xff,
    0xff, 0xff, 0xfa, 0x30, 0x0, 0x0, 0x0, 0x1,
    0x6c, 0xff, 0xff, 0xff, 0xff, 0xff, 0xd6, 0x0,
    0x0, 0x0, 0x0, 0x3, 0x9e, 0xff, 0xff, 0xff,
    0xff, 0xff, 0x93, 0x0, 0x0, 0x0, 0x0, 0x5,
    0xbf, 0xff, 0xff, 0xff, 0xff, 0xfc, 0x60, 0x0,
    0x0, 0x0, 0x0, 0x28, 0xef, 0xff, 0xff, 0xff,
    0xff, 0x0, 0x0, 0x0, 0x0, 0x0, 0x0, 0x4a,
    0xff, 0xff, 0xff, 0xf0, 0x0, 0x0, 0x0, 0x0,
    0x0, 0x0, 0x1, 0x7e, 0xff, 0xff, 0x0, 0x0,
    0x0, 0x0, 0x0, 0x0, 0x0, 0x5b, 0xff, 0xff,
    0xf0, 0x0, 0x0, 0x0, 0x0, 0x0, 0x28, 0xef,
    0xff, 0xff, 0xff, 0x0, 0x0, 0x0, 0x0, 0x6,
    0xcf, 0xff, 0xff, 0xff, 0xff, 0xf0, 0x0, 0x0,
    0x3, 0x9f, 0xff, 0xff, 0xff, 0xff, 0xfe, 0x82,
    0x0, 0x1, 0x7d, 0xff, 0xff, 0xff, 0xff, 0xff,
    0xc5, 0x0, 0x0, 0x4a, 0xff, 0xff, 0xff, 0xff,
    0xff, 0xe9, 0x20, 0x0, 0x0, 0xcf, 0xff, 0xff,
    0xff, 0xff, 0xfc, 0x60, 0x0, 0x0, 0x0, 0xd,
    0xff, 0xff, 0xff, 0xff, 0x93, 0x0, 0x0, 0x0,
    0x0, 0x0, 0xdf, 0xff, 0xff, 0xc6, 0x0, 0x0,
    0x0, 0x0, 0x0, 0x0, 0xd, 0xff, 0xf9, 0x30,
    0x0, 0x0, 0x0, 0x0, 0x0, 0x0, 0x0, 0xdd,
    0x60, 0x0, 0x0, 0x0, 0x0, 0x0, 0x0, 0x0,
    0x0, 0x2, 0x0, 0x0, 0x0, 0x0, 0x0, 0x0,
    0x0, 0x0, 0x0, 0x0,

    /* U+003F "?" */
    0x28, 0xbd, 0xef, 0xff, 0xed, 0xb7, 0x20, 0x0,
    0x7f, 0xff, 0xff, 0xff, 0xff, 0xff, 0xfa, 0x0,
    0x7f, 0xff, 0xff, 0xff, 0xff, 0xff, 0xff, 0xb0,
    0x7f, 0xff, 0xff, 0xff, 0xff, 0xff, 0xff, 0xf4,
    0x7f, 0xff, 0xff, 0xff, 0xff, 0xff, 0xff, 0xf9,
    0x46, 0x31, 0x0, 0x2, 0x7f, 0xff, 0xff, 0xfb,
    0x0, 0x0, 0x0, 0x0, 0x9, 0xff, 0xff, 0xfd,
    0x0, 0x0, 0x0, 0x0, 0x6, 0xff, 0xff, 0xfd,
    0x0, 0x0, 0x0, 0x0, 0x6, 0xff, 0xff, 0xfc,
    0x0, 0x0, 0x0, 0x0, 0xa, 0xff, 0xff, 0xf9,
    0x0, 0x0, 0x0, 0x0, 0x4f, 0xff, 0xff, 0xf5,
    0x0, 0x0, 0x0, 0x5, 0xff, 0xff, 0xff, 0xd0,
    0x0, 0x0, 0x0, 0x6f, 0xff, 0xff, 0xfe, 0x20,
    0x0, 0x0, 0x5, 0xff, 0xff, 0xff, 0xd2, 0x0,
    0x0, 0x0, 0xe, 0xff, 0xff, 0xfb, 0x10, 0x0,
    0x0, 0x0, 0x5f, 0xff, 0xff, 0x90, 0x0, 0x0,
    0x0, 0x0, 0x7f, 0xff, 0xfb, 0x0, 0x0, 0x0,
    0x0, 0x0, 0x8f, 0xff, 0xf6, 0x0, 0x0, 0x0,
    0x0, 0x0, 0x8f, 0xff, 0xf4, 0x0, 0x0, 0x0,
    0x0, 0x0, 0x0, 0x0, 0x0, 0x0, 0x0, 0x0,
    0x0, 0x0, 0x0, 0x0, 0x0, 0x0, 0x0, 0x0,
    0x0, 0x2, 0x77, 0x77, 0x77, 0x10, 0x0, 0x0,
    0x0, 0x5, 0xff, 0xff, 0xff, 0x20, 0x0, 0x0,
    0x0, 0x5, 0xff, 0xff, 0xff, 0x20, 0x0, 0x0,
    0x0, 0x5, 0xff, 0xff, 0xff, 0x20, 0x0, 0x0,
    0x0, 0x5, 0xff, 0xff, 0xff, 0x20, 0x0, 0x0,
    0x0, 0x5, 0xff, 0xff, 0xff, 0x20, 0x0, 0x0,
    0x0, 0x5, 0xff, 0xff, 0xff, 0x20, 0x0, 0x0,

    /* U+0040 "@" */
    0x0, 0x0, 0x0, 0x0, 0x0, 0x0, 0x0, 0x36,
    0x77, 0x76, 0x42, 0x0, 0x0, 0x0, 0x0, 0x0,
    0x0, 0x0, 0x0, 0x0, 0x0, 0x17, 0xcf, 0xff,
    0xff, 0xff, 0xff, 0xea, 0x40, 0x0, 0x0, 0x0,
    0x0, 0x0, 0x0, 0x0, 0x19, 0xff, 0xff, 0xff,
    0xff, 0xff, 0xff, 0xff, 0xfc, 0x30, 0x0, 0x0,
    0x0, 0x0, 0x0, 0x6, 0xff, 0xff, 0xff, 0xff,
    0xff, 0xff, 0xff, 0xff, 0xff, 0xf8, 0x0, 0x0,
    0x0, 0x0, 0x0, 0x9f, 0xff, 0xff, 0xff, 0xff,
    0xff, 0xff, 0xff, 0xff, 0xff, 0xff, 0xa0, 0x0,
    0x0, 0x0, 0xb, 0xff, 0xff, 0xff, 0xfa, 0x52,
    0x0, 0x11, 0x47, 0xcf, 0xff, 0xff, 0xf8, 0x0,
    0x0, 0x0, 0x9f, 0xff, 0xff, 0xf8, 0x10, 0x0,
    0x0, 0x0, 0x0, 0x3, 0xcf, 0xff, 0xff, 0x30,
    0x0, 0x5, 0xff, 0xff, 0xfd, 0x20, 0x0, 0x0,
    0x0, 0x0, 0x0, 0x0, 0xa, 0xff, 0xff, 0xb0,
    0x0, 0x1e, 0xff, 0xff, 0xc1, 0x0, 0x0, 0x3,
    0x42, 0x0, 0x0, 0x0, 0x0, 0xdf, 0xff, 0xf2,
    0x0, 0x9f, 0xff, 0xfe, 0x10, 0x0, 0x18, 0xef,
    0xff, 0xd3, 0x7e, 0xee, 0x70, 0x4f, 0xff, 0xf7,
    0x1, 0xff, 0xff, 0xf5, 0x0, 0x3, 0xef, 0xff,
    0xff, 0xfe, 0xcf, 0xff, 0x50, 0xe, 0xff, 0xfa,
    0x7, 0xff, 0xff, 0xc0, 0x0, 0x2f, 0xff, 0xff,
    0xff, 0xff, 0xff, 0xff, 0x20, 0xb, 0xff, 0xfc,
    0xc, 0xff, 0xff, 0x50, 0x0, 0xdf, 0xff, 0xff,
    0xff, 0xff, 0xff, 0xff, 0x0, 0x9, 0xff, 0xfe,
    0x1f, 0xff, 0xff, 0x0, 0x6, 0xff, 0xff, 0xf5,
    0x2, 0xcf, 0xff, 0xfc, 0x0, 0x8, 0xff, 0xfe,
    0x4f, 0xff, 0xfb, 0x0, 0xd, 0xff, 0xff, 0x50,
    0x0, 0x4f, 0xff, 0xf9, 0x0, 0x8, 0xff, 0xfd,
    0x6f, 0xff, 0xf8, 0x0, 0x2f, 0xff, 0xfd, 0x0,
    0x0, 0x3f, 0xff, 0xf6, 0x0, 0x8, 0xff, 0xfb,
    0x8f, 0xff, 0xf6, 0x0, 0x5f, 0xff, 0xf8, 0x0,
    0x0, 0x6f, 0xff, 0xf3, 0x0, 0xa, 0xff, 0xfa,
    0x8f, 0xff, 0xf5, 0x0, 0x7f, 0xff, 0xf5, 0x0,
    0x0, 0xaf, 0xff, 0xf0, 0x0, 0xd, 0xff, 0xf6,
    0x9f, 0xff, 0xf5, 0x0, 0x8f, 0xff, 0xf5, 0x0,
    0x1, 0xef, 0xff, 0xe0, 0x0, 0x1f, 0xff, 0xf2,
    0x8f, 0xff, 0xf6, 0x0, 0x7f, 0xff, 0xf8, 0x0,
    0xa, 0xff, 0xff, 0xe0, 0x0, 0x7f, 0xff, 0xd0,
    0x7f, 0xff, 0xf7, 0x0, 0x4f, 0xff, 0xff, 0xa9,
    0xdf, 0xff, 0xff, 0xf7, 0x5, 0xff, 0xff, 0x60,
    0x5f, 0xff, 0xfb, 0x0, 0xf, 0xff, 0xff, 0xff,
    0xff, 0xff, 0xff, 0xff, 0xff, 0xff, 0xfc, 0x0,
    0x2f, 0xff, 0xff, 0x0, 0x7, 0xff, 0xff, 0xff,
    0xff, 0xf8, 0xff, 0xff, 0xff, 0xff, 0xe2, 0x0,
    0xd, 0xff, 0xff, 0x50, 0x0, 0x9f, 0xff, 0xff,
    0xfe, 0x40, 0x4f, 0xff, 0xff, 0xfd, 0x20, 0x0,
    0x8, 0xff, 0xff, 0xd0, 0x0, 0x3, 0x8b, 0xba,
    0x60, 0x0, 0x1, 0x7b, 0xb9, 0x50, 0x0, 0x0,
    0x1, 0xff, 0xff, 0xfb, 0x0, 0x0, 0x0, 0x0,
    0x0, 0x0, 0x0, 0x0, 0x0, 0x0, 0x0, 0x0,
    0x0, 0x8f, 0xff, 0xff, 0xc2, 0x0, 0x0, 0x0,
    0x0, 0x0, 0x0, 0x0, 0x0, 0x0, 0x0, 0x0,
    0x0, 0xd, 0xff, 0xff, 0xff, 0x93, 0x0, 0x0,
    0x0, 0x0, 0x0, 0x0, 0x0, 0x0, 0x0, 0x0,
    0x0, 0x2, 0xef, 0xff, 0xff, 0xff, 0xfc, 0x98,
    0x80, 0x0, 0x0, 0x0, 0x0, 0x0, 0x0, 0x0,
    0x0, 0x0, 0x2c, 0xff, 0xff, 0xff, 0xff, 0xff,
    0xf1, 0x0, 0x0, 0x0, 0x0, 0x0, 0x0, 0x0,
    0x0, 0x0, 0x0, 0x7f, 0xff, 0xff, 0xff, 0xff,
    0xf0, 0x0, 0x0, 0x0, 0x0, 0x0, 0x0, 0x0,
    0x0, 0x0, 0x0, 0x1, 0x7e, 0xff, 0xff, 0xff,
    0xf0, 0x0, 0x0, 0x0, 0x0, 0x0, 0x0, 0x0,
    0x0, 0x0, 0x0, 0x0, 0x0, 0x36, 0x9c, 0xde,
    0xe0, 0x0, 0x0, 0x0, 0x0, 0x0, 0x0, 0x0,

    /* U+0041 "A" */
    0x0, 0x0, 0x0, 0x0, 0x2f, 0xff, 0xff, 0xff,
    0xff, 0xff, 0x20, 0x0, 0x0, 0x0, 0x0, 0x0,
    0x0, 0x0, 0x7, 0xff, 0xff, 0xff, 0xff, 0xff,
    0xf6, 0x0, 0x0, 0x0, 0x0, 0x0, 0x0, 0x0,
    0x0, 0xbf, 0xff, 0xff, 0xff, 0xff, 0xff, 0xb0,
    0x0, 0x0, 0x0, 0x0, 0x0, 0x0, 0x0, 0xf,
    0xff, 0xff, 0xfe, 0xff, 0xff, 0xff, 0x0, 0x0,
    0x0, 0x0, 0x0, 0x0, 0x0, 0x4, 0xff, 0xff,
    0xff, 0x6f, 0xff, 0xff, 0xf4, 0x0, 0x0, 0x0,
    0x0, 0x0, 0x0, 0x0, 0x9f, 0xff, 0xff, 0xe0,
    0xff, 0xff, 0xff, 0x90, 0x0, 0x0, 0x0, 0x0,
    0x0, 0x0, 0xe, 0xff, 0xff, 0xfa, 0xa, 0xff,
    0xff, 0xfe, 0x0, 0x0, 0x0, 0x0, 0x0, 0x0,
    0x2, 0xff, 0xff, 0xff, 0x50, 0x6f, 0xff, 0xff,
    0xf2, 0x0, 0x0, 0x0, 0x0, 0x0, 0x0, 0x7f,
    0xff, 0xff, 0xf1, 0x2, 0xff, 0xff, 0xff, 0x70,
    0x0, 0x0, 0x0, 0x0, 0x0, 0xc, 0xff, 0xff,
    0xfd, 0x0, 0xd, 0xff, 0xff, 0xfc, 0x0, 0x0,
    0x0, 0x0, 0x0, 0x1, 0xff, 0xff, 0xff, 0x80,
    0x0, 0x9f, 0xff, 0xff, 0xf1, 0x0, 0x0, 0x0,
    0x0, 0x0, 0x5f, 0xff, 0xff, 0xf4, 0x0, 0x5,
    0xff, 0xff, 0xff, 0x50, 0x0, 0x0, 0x0, 0x0,
    0xa, 0xff, 0xff, 0xff, 0x0, 0x0, 0x1f, 0xff,
    0xff, 0xfa, 0x0, 0x0, 0x0, 0x0, 0x0, 0xef,
    0xff, 0xff, 0xb0, 0x0, 0x0, 0xcf, 0xff, 0xff,
    0xe0, 0x0, 0x0, 0x0, 0x0, 0x3f, 0xff, 0xff,
    0xf7, 0x0, 0x0, 0x8, 0xff, 0xff, 0xff, 0x30,
    0x0, 0x0, 0x0, 0x8, 0xff, 0xff, 0xff, 0xdc,
    0xcc, 0xcc, 0xdf, 0xff, 0xff, 0xf7, 0x0, 0x0,
    0x0, 0x0, 0xcf, 0xff, 0xff, 0xff, 0xff, 0xff,
    0xff, 0xff, 0xff, 0xff, 0xc0, 0x0, 0x0, 0x0,
    0x1f, 0xff, 0xff, 0xff, 0xff, 0xff, 0xff, 0xff,
    0xff, 0xff, 0xff, 0x10, 0x0, 0x0, 0x5, 0xff,
    0xff, 0xff, 0xff, 0xff, 0xff, 0xff, 0xff, 0xff,
    0xff, 0xf5, 0x0, 0x0, 0x0, 0xaf, 0xff, 0xff,
    0xff, 0xff, 0xff, 0xff, 0xff, 0xff, 0xff, 0xff,
    0xa0, 0x0, 0x0, 0xe, 0xff, 0xff, 0xfd, 0x0,
    0x0, 0x0, 0x0, 0xe, 0xff, 0xff, 0xfe, 0x0,
    0x0, 0x3, 0xff, 0xff, 0xff, 0x90, 0x0, 0x0,
    0x0, 0x0, 0xaf, 0xff, 0xff, 0xf3, 0x0, 0x0,
    0x8f, 0xff, 0xff, 0xf5, 0x0, 0x0, 0x0, 0x0,
    0x6, 0xff, 0xff, 0xff, 0x80, 0x0, 0xd, 0xff,
    0xff, 0xff, 0x10, 0x0, 0x0, 0x0, 0x0, 0x1f,
    0xff, 0xff, 0xfd, 0x0, 0x1, 0xff, 0xff, 0xff,
    0xc0, 0x0, 0x0, 0x0, 0x0, 0x0, 0xdf, 0xff,
    0xff, 0xf1, 0x0, 0x6f, 0xff, 0xff, 0xf8, 0x0,
    0x0, 0x0, 0x0, 0x0, 0x9, 0xff, 0xff, 0xff,
    0x60, 0xb, 0xff, 0xff, 0xff, 0x40, 0x0, 0x0,
    0x0, 0x0, 0x0, 0x5f, 0xff, 0xff, 0xfb, 0x0,
    0xff, 0xff, 0xff, 0xf0, 0x0, 0x0, 0x0, 0x0,
    0x0, 0x1, 0xff, 0xff, 0xff, 0xf0,

    /* U+0042 "B" */
    0x9f, 0xff, 0xff, 0xff, 0xff, 0xff, 0xff, 0xec,
    0x82, 0x0, 0x0, 0x0, 0x9f, 0xff, 0xff, 0xff,
    0xff, 0xff, 0xff, 0xff, 0xff, 0xa1, 0x0, 0x0,
    0x9f, 0xff, 0xff, 0xff, 0xff, 0xff, 0xff, 0xff,
    0xff, 0xfd, 0x10, 0x0, 0x9f, 0xff, 0xff, 0xff,
    0xff, 0xff, 0xff, 0xff, 0xff, 0xff, 0xa0, 0x0,
    0x9f, 0xff, 0xff, 0xf2, 0x22, 0x23, 0x6d, 0xff,
    0xff, 0xff, 0xf2, 0x0, 0x9f, 0xff, 0xff, 0xf0,
    0x0, 0x0, 0x0, 0xdf, 0xff, 0xff, 0xf6, 0x0,
    0x9f, 0xff, 0xff, 0xf0, 0x0, 0x0, 0x0, 0x5f,
    0xff, 0xff, 0xf8, 0x0, 0x9f, 0xff, 0xff, 0xf0,
    0x0, 0x0, 0x0, 0x1f, 0xff, 0xff, 0xf9, 0x0,
    0x9f, 0xff, 0xff, 0xf0, 0x0, 0x0, 0x0, 0xf,
    0xff, 0xff, 0xf7, 0x0, 0x9f, 0xff, 0xff, 0xf0,
    0x0, 0x0, 0x0, 0x4f, 0xff, 0xff, 0xf3, 0x0,
    0x9f, 0xff, 0xff, 0xf0, 0x0, 0x0, 0x0, 0xcf,
    0xff, 0xff, 0xa0, 0x0, 0x9f, 0xff, 0xff, 0xf0,
    0x0, 0x0, 0x2a, 0xff, 0xff, 0xfd, 0x10, 0x0,
    0x9f, 0xff, 0xff, 0xff, 0xff, 0xff, 0xff, 0xff,
    0xff, 0xc1, 0x0, 0x0, 0x9f, 0xff, 0xff, 0xff,
    0xff, 0xff, 0xff, 0xff, 0xff, 0x70, 0x0, 0x0,
    0x9f, 0xff, 0xff, 0xff, 0xff, 0xff, 0xff, 0xff,
    0xff, 0xfd, 0x30, 0x0, 0x9f, 0xff, 0xff, 0xfd,
    0xdd, 0xdd, 0xef, 0xff, 0xff, 0xff, 0xf4, 0x0,
    0x9f, 0xff, 0xff, 0xf0, 0x0, 0x0, 0x1, 0x6d,
    0xff, 0xff, 0xff, 0x20, 0x9f, 0xff, 0xff, 0xf0,
    0x0, 0x0, 0x0, 0x1, 0xdf, 0xff, 0xff, 0xb0,
    0x9f, 0xff, 0xff, 0xf0, 0x0, 0x0, 0x0, 0x0,
    0x6f, 0xff, 0xff, 0xf1, 0x9f, 0xff, 0xff, 0xf0,
    0x0, 0x0, 0x0, 0x0, 0x5f, 0xff, 0xff, 0xf4,
    0x9f, 0xff, 0xff, 0xf0, 0x0, 0x0, 0x0, 0x0,
    0x8f, 0xff, 0xff, 0xf5, 0x9f, 0xff, 0xff, 0xf0,
    0x0, 0x0, 0x0, 0x1, 0xef, 0xff, 0xff, 0xf3,
    0x9f, 0xff, 0xff, 0xf0, 0x0, 0x0, 0x0, 0x3c,
    0xff, 0xff, 0xff, 0xf0, 0x9f, 0xff, 0xff, 0xfd,
    0xdd, 0xdd, 0xde, 0xff, 0xff, 0xff, 0xff, 0x90,
    0x9f, 0xff, 0xff, 0xff, 0xff, 0xff, 0xff, 0xff,
    0xff, 0xff, 0xfe, 0x10, 0x9f, 0xff, 0xff, 0xff,
    0xff, 0xff, 0xff, 0xff, 0xff, 0xff, 0xf3, 0x0,
    0x9f, 0xff, 0xff, 0xff, 0xff, 0xff, 0xff, 0xff,
    0xff, 0xfc, 0x20, 0x0, 0x9f, 0xff, 0xff, 0xff,
    0xff, 0xff, 0xff, 0xfe, 0xc9, 0x30, 0x0, 0x0,

    /* U+0043 "C" */
    0x0, 0x0, 0x0, 0x0, 0x0, 0x0, 0x25, 0x67,
    0x76, 0x53, 0x10, 0x0, 0x0, 0x0, 0x0, 0x0,
    0x0, 0x5a, 0xff, 0xff, 0xff, 0xff, 0xff, 0xd9,
    0x40, 0x0, 0x0, 0x0, 0x6, 0xef, 0xff, 0xff,
    0xff, 0xff, 0xff, 0xff, 0xff, 0x50, 0x0, 0x0,
    0x1c, 0xff, 0xff, 0xff, 0xff, 0xff, 0xff, 0xff,
    0xff, 0xf5, 0x0, 0x0, 0x3e, 0xff, 0xff, 0xff,
    0xff, 0xff, 0xff, 0xff, 0xff, 0xff, 0x50, 0x0,
    0x2e, 0xff, 0xff, 0xff, 0xff, 0xfc, 0xa8, 0x89,
    0xbe, 0xff, 0xf5, 0x0, 0xc, 0xff, 0xff, 0xff,
    0xfe, 0x60, 0x0, 0x0, 0x0, 0x2, 0x6b, 0x50,
    0x7, 0xff, 0xff, 0xff, 0xfa, 0x0, 0x0, 0x0,
    0x0, 0x0, 0x0, 0x0, 0x0, 0xef, 0xff, 0xff,
    0xfa, 0x0, 0x0, 0x0, 0x0, 0x0, 0x0, 0x0,
    0x0, 0x6f, 0xff, 0xff, 0xfe, 0x0, 0x0, 0x0,
    0x0, 0x0, 0x0, 0x0, 0x0, 0xb, 0xff, 0xff,
    0xff, 0x60, 0x0, 0x0, 0x0, 0x0, 0x0, 0x0,
    0x0, 0x0, 0xff, 0xff, 0xff, 0xf1, 0x0, 0x0,
    0x0, 0x0, 0x0, 0x0, 0x0, 0x0, 0x2f, 0xff,
    0xff, 0xfd, 0x0, 0x0, 0x0, 0x0, 0x0, 0x0,
    0x0, 0x0, 0x4, 0xff, 0xff, 0xff, 0xa0, 0x0,
    0x0, 0x0, 0x0, 0x0, 0x0, 0x0, 0x0, 0x5f,
    0xff, 0xff, 0xf9, 0x0, 0x0, 0x0, 0x0, 0x0,
    0x0, 0x0, 0x0, 0x6, 0xff, 0xff, 0xff, 0x80,
    0x0, 0x0, 0x0, 0x0, 0x0, 0x0, 0x0, 0x0,
    0x5f, 0xff, 0xff, 0xf9, 0x0, 0x0, 0x0, 0x0,
    0x0, 0x0, 0x0, 0x0, 0x4, 0xff, 0xff, 0xff,
    0xc0, 0x0, 0x0, 0x0, 0x0, 0x0, 0x0, 0x0,
    0x0, 0x1f, 0xff, 0xff, 0xff, 0x10, 0x0, 0x0,
    0x0, 0x0, 0x0, 0x0, 0x0, 0x0, 0xdf, 0xff,
    0xff, 0xf7, 0x0, 0x0, 0x0, 0x0, 0x0, 0x0,
    0x0, 0x0, 0x8, 0xff, 0xff, 0xff, 0xf2, 0x0,
    0x0, 0x0, 0x0, 0x0, 0x0, 0x0, 0x0, 0x2f,
    0xff, 0xff, 0xff, 0xd1, 0x0, 0x0, 0x0, 0x0,
    0x0, 0x0, 0x0, 0x0, 0xaf, 0xff, 0xff, 0xff,
    0xd3, 0x0, 0x0, 0x0, 0x0, 0x0, 0x1, 0x10,
    0x1, 0xef, 0xff, 0xff, 0xff, 0xf8, 0x20, 0x0,
    0x0, 0x0, 0x38, 0xf5, 0x0, 0x3, 0xff, 0xff,
    0xff, 0xff, 0xff, 0xda, 0x99, 0xac, 0xff, 0xff,
    0x50, 0x0, 0x4, 0xff, 0xff, 0xff, 0xff, 0xff,
    0xff, 0xff, 0xff, 0xff, 0xf5, 0x0, 0x0, 0x2,
    0xdf, 0xff, 0xff, 0xff, 0xff, 0xff, 0xff, 0xff,
    0xff, 0x50, 0x0, 0x0, 0x0, 0x7e, 0xff, 0xff,
    0xff, 0xff, 0xff, 0xff, 0xff, 0xf5, 0x0, 0x0,
    0x0, 0x0, 0x5, 0xbf, 0xff, 0xff, 0xff, 0xff,
    0xff, 0xc6, 0x0, 0x0, 0x0, 0x0, 0x0, 0x0,
    0x2, 0x56, 0x77, 0x76, 0x53, 0x0, 0x0,

    /* U+0044 "D" */
    0x9f, 0xff, 0xff, 0xff, 0xff, 0xff, 0xed, 0xa6,
    0x20, 0x0, 0x0, 0x0, 0x9, 0xff, 0xff, 0xff,
    0xff, 0xff, 0xff, 0xff, 0xff, 0xb3, 0x0, 0x0,
    0x0, 0x9f, 0xff, 0xff, 0xff, 0xff, 0xff, 0xff,
    0xff, 0xff, 0xf9, 0x0, 0x0, 0x9, 0xff, 0xff,
    0xff, 0xff, 0xff, 0xff, 0xff, 0xff, 0xff, 0xfb,
    0x0, 0x0, 0x9f, 0xff, 0xff, 0xff, 0xff, 0xff,
    0xff, 0xff, 0xff, 0xff, 0xfa, 0x0, 0x9, 0xff,
    0xff, 0xff, 0x0, 0x0, 0x2, 0x9f, 0xff, 0xff,
    0xff, 0xf5, 0x0, 0x9f, 0xff, 0xff, 0xf0, 0x0,
    0x0, 0x0, 0x4f, 0xff, 0xff, 0xff, 0xe0, 0x9,
    0xff, 0xff, 0xff, 0x0, 0x0, 0x0, 0x0, 0x5f,
    0xff, 0xff, 0xff, 0x50, 0x9f, 0xff, 0xff, 0xf0,
    0x0, 0x0, 0x0, 0x0, 0xbf, 0xff, 0xff, 0xfb,
    0x9, 0xff, 0xff, 0xff, 0x0, 0x0, 0x0, 0x0,
    0x3, 0xff, 0xff, 0xff, 0xf0, 0x9f, 0xff, 0xff,
    0xf0, 0x0, 0x0, 0x0, 0x0, 0xd, 0xff, 0xff,
    0xff, 0x39, 0xff, 0xff, 0xff, 0x0, 0x0, 0x0,
    0x0, 0x0, 0x8f, 0xff, 0xff, 0xf5, 0x9f, 0xff,
    0xff, 0xf0, 0x0, 0x0, 0x0, 0x0, 0x6, 0xff,
    0xff, 0xff, 0x69, 0xff, 0xff, 0xff, 0x0, 0x0,
    0x0, 0x0, 0x0, 0x5f, 0xff, 0xff, 0xf7, 0x9f,
    0xff, 0xff, 0xf0, 0x0, 0x0, 0x0, 0x0, 0x5,
    0xff, 0xff, 0xff, 0x79, 0xff, 0xff, 0xff, 0x0,
    0x0, 0x0, 0x0, 0x0, 0x6f, 0xff, 0xff, 0xf6,
    0x9f, 0xff, 0xff, 0xf0, 0x0, 0x0, 0x0, 0x0,
    0x8, 0xff, 0xff, 0xff, 0x59, 0xff, 0xff, 0xff,
    0x0, 0x0, 0x0, 0x0, 0x0, 0xcf, 0xff, 0xff,
    0xf3, 0x9f, 0xff, 0xff, 0xf0, 0x0, 0x0, 0x0,
    0x0, 0x1f, 0xff, 0xff, 0xff, 0x9, 0xff, 0xff,
    0xff, 0x0, 0x0, 0x0, 0x0, 0x9, 0xff, 0xff,
    0xff, 0xc0, 0x9f, 0xff, 0xff, 0xf0, 0x0, 0x0,
    0x0, 0x3, 0xff, 0xff, 0xff, 0xf7, 0x9, 0xff,
    0xff, 0xff, 0x0, 0x0, 0x0, 0x3, 0xff, 0xff,
    0xff, 0xff, 0x0, 0x9f, 0xff, 0xff, 0xf0, 0x0,
    0x0, 0x28, 0xff, 0xff, 0xff, 0xff, 0x80, 0x9,
    0xff, 0xff, 0xff, 0xff, 0xff, 0xff, 0xff, 0xff,
    0xff, 0xff, 0xc0, 0x0, 0x9f, 0xff, 0xff, 0xff,
    0xff, 0xff, 0xff, 0xff, 0xff, 0xff, 0xd1, 0x0,
    0x9, 0xff, 0xff, 0xff, 0xff, 0xff, 0xff, 0xff,
    0xff, 0xff, 0xb0, 0x0, 0x0, 0x9f, 0xff, 0xff,
    0xff, 0xff, 0xff, 0xff, 0xff, 0xfc, 0x40, 0x0,
    0x0, 0x9, 0xff, 0xff, 0xff, 0xff, 0xff, 0xfe,
    0xda, 0x62, 0x0, 0x0, 0x0, 0x0,

    /* U+0045 "E" */
    0x9f, 0xff, 0xff, 0xff, 0xff, 0xff, 0xff, 0xff,
    0xff, 0xff, 0x19, 0xff, 0xff, 0xff, 0xff, 0xff,
    0xff, 0xff, 0xff, 0xff, 0xf1, 0x9f, 0xff, 0xff,
    0xff, 0xff, 0xff, 0xff, 0xff, 0xff, 0xff, 0x19,
    0xff, 0xff, 0xff, 0xff, 0xff, 0xff, 0xff, 0xff,
    0xff, 0xf1, 0x9f, 0xff, 0xff, 0xff, 0xff, 0xff,
    0xff, 0xff, 0xff, 0xff, 0x19, 0xff, 0xff, 0xff,
    0x66, 0x66, 0x66, 0x66, 0x66, 0x66, 0x60, 0x9f,
    0xff, 0xff, 0xf0, 0x0, 0x0, 0x0, 0x0, 0x0,
    0x0, 0x9, 0xff, 0xff, 0xff, 0x0, 0x0, 0x0,
    0x0, 0x0, 0x0, 0x0, 0x9f, 0xff, 0xff, 0xf0,
    0x0, 0x0, 0x0, 0x0, 0x0, 0x0, 0x9, 0xff,
    0xff, 0xff, 0x0, 0x0, 0x0, 0x0, 0x0, 0x0,
    0x0, 0x9f, 0xff, 0xff, 0xf0, 0x0, 0x0, 0x0,
    0x0, 0x0, 0x0, 0x9, 0xff, 0xff, 0xff, 0x0,
    0x0, 0x0, 0x0, 0x0, 0x0, 0x0, 0x9f, 0xff,
    0xff, 0xff, 0xff, 0xff, 0xff, 0xff, 0xff, 0x50,
    0x9, 0xff, 0xff, 0xff, 0xff, 0xff, 0xff, 0xff,
    0xff, 0xf5, 0x0, 0x9f, 0xff, 0xff, 0xff, 0xff,
    0xff, 0xff, 0xff, 0xff, 0x50, 0x9, 0xff, 0xff,
    0xff, 0xff, 0xff, 0xff, 0xff, 0xff, 0xf5, 0x0,
    0x9f, 0xff, 0xff, 0xff, 0xff, 0xff, 0xff, 0xff,
    0xff, 0x50, 0x9, 0xff, 0xff, 0xff, 0x0, 0x0,
    0x0, 0x0, 0x0, 0x0, 0x0, 0x9f, 0xff, 0xff,
    0xf0, 0x0, 0x0, 0x0, 0x0, 0x0, 0x0, 0x9,
    0xff, 0xff, 0xff, 0x0, 0x0, 0x0, 0x0, 0x0,
    0x0, 0x0, 0x9f, 0xff, 0xff, 0xf0, 0x0, 0x0,
    0x0, 0x0, 0x0, 0x0, 0x9, 0xff, 0xff, 0xff,
    0x0, 0x0, 0x0, 0x0, 0x0, 0x0, 0x0, 0x9f,
    0xff, 0xff, 0xf6, 0x66, 0x66, 0x66, 0x66, 0x66,
    0x66, 0x9, 0xff, 0xff, 0xff, 0xff, 0xff, 0xff,
    0xff, 0xff, 0xff, 0xf1, 0x9f, 0xff, 0xff, 0xff,
    0xff, 0xff, 0xff, 0xff, 0xff, 0xff, 0x19, 0xff,
    0xff, 0xff, 0xff, 0xff, 0xff, 0xff, 0xff, 0xff,
    0xf1, 0x9f, 0xff, 0xff, 0xff, 0xff, 0xff, 0xff,
    0xff, 0xff, 0xff, 0x19, 0xff, 0xff, 0xff, 0xff,
    0xff, 0xff, 0xff, 0xff, 0xff, 0xf1,

    /* U+0046 "F" */
    0x9f, 0xff, 0xff, 0xff, 0xff, 0xff, 0xff, 0xff,
    0xff, 0xf9, 0xff, 0xff, 0xff, 0xff, 0xff, 0xff,
    0xff, 0xff, 0xff, 0x9f, 0xff, 0xff, 0xff, 0xff,
    0xff, 0xff, 0xff, 0xff, 0xf9, 0xff, 0xff, 0xff,
    0xff, 0xff, 0xff, 0xff, 0xff, 0xff, 0x9f, 0xff,
    0xff, 0xff, 0xff, 0xff, 0xff, 0xff, 0xff, 0xf9,
    0xff, 0xff, 0xff, 0x66, 0x66, 0x66, 0x66, 0x66,
    0x65, 0x9f, 0xff, 0xff, 0xf0, 0x0, 0x0, 0x0,
    0x0, 0x0, 0x9, 0xff, 0xff, 0xff, 0x0, 0x0,
    0x0, 0x0, 0x0, 0x0, 0x9f, 0xff, 0xff, 0xf0,
    0x0, 0x0, 0x0, 0x0, 0x0, 0x9, 0xff, 0xff,
    0xff, 0x0, 0x0, 0x0, 0x0, 0x0, 0x0, 0x9f,
    0xff, 0xff, 0xf0, 0x0, 0x0, 0x0, 0x0, 0x0,
    0x9, 0xff, 0xff, 0xff, 0x0, 0x0, 0x0, 0x0,
    0x0, 0x0, 0x9f, 0xff, 0xff, 0xff, 0xff, 0xff,
    0xff, 0xff, 0xf5, 0x9, 0xff, 0xff, 0xff, 0xff,
    0xff, 0xff, 0xff, 0xff, 0x50, 0x9f, 0xff, 0xff,
    0xff, 0xff, 0xff, 0xff, 0xff, 0xf5, 0x9, 0xff,
    0xff, 0xff, 0xff, 0xff, 0xff, 0xff, 0xff, 0x50,
    0x9f, 0xff, 0xff, 0xff, 0xff, 0xff, 0xff, 0xff,
    0xf5, 0x9, 0xff, 0xff, 0xff, 0x0, 0x0, 0x0,
    0x0, 0x0, 0x0, 0x9f, 0xff, 0xff, 0xf0, 0x0,
    0x0, 0x0, 0x0, 0x0, 0x9, 0xff, 0xff, 0xff,
    0x0, 0x0, 0x0, 0x0, 0x0, 0x0, 0x9f, 0xff,
    0xff, 0xf0, 0x0, 0x0, 0x0, 0x0, 0x0, 0x9,
    0xff, 0xff, 0xff, 0x0, 0x0, 0x0, 0x0, 0x0,
    0x0, 0x9f, 0xff, 0xff, 0xf0, 0x0, 0x0, 0x0,
    0x0, 0x0, 0x9, 0xff, 0xff, 0xff, 0x0, 0x0,
    0x0, 0x0, 0x0, 0x0, 0x9f, 0xff, 0xff, 0xf0,
    0x0, 0x0, 0x0, 0x0, 0x0, 0x9, 0xff, 0xff,
    0xff, 0x0, 0x0, 0x0, 0x0, 0x0, 0x0, 0x9f,
    0xff, 0xff, 0xf0, 0x0, 0x0, 0x0, 0x0, 0x0,
    0x9, 0xff, 0xff, 0xff, 0x0, 0x0, 0x0, 0x0,
    0x0, 0x0,

    /* U+0047 "G" */
    0x0, 0x0, 0x0, 0x0, 0x0, 0x0, 0x24, 0x67,
    0x76, 0x53, 0x0, 0x0, 0x0, 0x0, 0x0, 0x0,
    0x0, 0x3, 0x9e, 0xff, 0xff, 0xff, 0xff, 0xfd,
    0x94, 0x0, 0x0, 0x0, 0x0, 0x3, 0xcf, 0xff,
    0xff, 0xff, 0xff, 0xff, 0xff, 0xff, 0x50, 0x0,
    0x0, 0x0, 0x8f, 0xff, 0xff, 0xff, 0xff, 0xff,
    0xff, 0xff, 0xff, 0x50, 0x0, 0x0, 0xb, 0xff,
    0xff, 0xff, 0xff, 0xff, 0xff, 0xff, 0xff, 0xff,
    0x50, 0x0, 0x0, 0xbf, 0xff, 0xff, 0xff, 0xfe,
    0xa8, 0x77, 0x8a, 0xcf, 0xff, 0x50, 0x0, 0x9,
    0xff, 0xff, 0xff, 0xfb, 0x40, 0x0, 0x0, 0x0,
    0x0, 0x38, 0x40, 0x0, 0x4f, 0xff, 0xff, 0xff,
    0x60, 0x0, 0x0, 0x0, 0x0, 0x0, 0x0, 0x0,
    0x0, 0xcf, 0xff, 0xff, 0xf5, 0x0, 0x0, 0x0,
    0x0, 0x0, 0x0, 0x0, 0x0, 0x4, 0xff, 0xff,
    0xff, 0x90, 0x0, 0x0, 0x0, 0x0, 0x0, 0x0,
    0x0, 0x0, 0xa, 0xff, 0xff, 0xff, 0x10, 0x0,
    0x0, 0x0, 0x0, 0x0, 0x0, 0x0, 0x0, 0xe,
    0xff, 0xff, 0xfb, 0x0, 0x0, 0x0, 0x0, 0x0,
    0x0, 0x0, 0x0, 0x0, 0x2f, 0xff, 0xff, 0xf7,
    0x0, 0x0, 0x0, 0x0, 0x0, 0x0, 0x0, 0x0,
    0x0, 0x4f, 0xff, 0xff, 0xf4, 0x0, 0x0, 0x0,
    0x0, 0x8f, 0xff, 0xff, 0xff, 0xf2, 0x5f, 0xff,
    0xff, 0xf3, 0x0, 0x0, 0x0, 0x0, 0x9f, 0xff,
    0xff, 0xff, 0xf2, 0x6f, 0xff, 0xff, 0xf2, 0x0,
    0x0, 0x0, 0x0, 0x9f, 0xff, 0xff, 0xff, 0xf2,
    0x5f, 0xff, 0xff, 0xf3, 0x0, 0x0, 0x0, 0x0,
    0x9f, 0xff, 0xff, 0xff, 0xf2, 0x4f, 0xff, 0xff,
    0xf6, 0x0, 0x0, 0x0, 0x0, 0x9f, 0xff, 0xff,
    0xff, 0xf2, 0x1f, 0xff, 0xff, 0xfa, 0x0, 0x0,
    0x0, 0x0, 0x0, 0x6, 0xff, 0xff, 0xf2, 0xd,
    0xff, 0xff, 0xff, 0x10, 0x0, 0x0, 0x0, 0x0,
    0x6, 0xff, 0xff, 0xf2, 0x8, 0xff, 0xff, 0xff,
    0xa0, 0x0, 0x0, 0x0, 0x0, 0x6, 0xff, 0xff,
    0xf2, 0x2, 0xff, 0xff, 0xff, 0xf6, 0x0, 0x0,
    0x0, 0x0, 0x6, 0xff, 0xff, 0xf2, 0x0, 0x9f,
    0xff, 0xff, 0xff, 0x80, 0x0, 0x0, 0x0, 0x6,
    0xff, 0xff, 0xf2, 0x0, 0x1e, 0xff, 0xff, 0xff,
    0xfe, 0x72, 0x0, 0x0, 0x6, 0xff, 0xff, 0xf2,
    0x0, 0x3, 0xff, 0xff, 0xff, 0xff, 0xff, 0xed,
    0xbb, 0xce, 0xff, 0xff, 0xf2, 0x0, 0x0, 0x3f,
    0xff, 0xff, 0xff, 0xff, 0xff, 0xff, 0xff, 0xff,
    0xff, 0xf2, 0x0, 0x0, 0x2, 0xcf, 0xff, 0xff,
    0xff, 0xff, 0xff, 0xff, 0xff, 0xff, 0xf2, 0x0,
    0x0, 0x0, 0x6, 0xef, 0xff, 0xff, 0xff, 0xff,
    0xff, 0xff, 0xff, 0xf2, 0x0, 0x0, 0x0, 0x0,
    0x5, 0xae, 0xff, 0xff, 0xff, 0xff, 0xff, 0xc7,
    0x10, 0x0, 0x0, 0x0, 0x0, 0x0, 0x0, 0x24,
    0x67, 0x77, 0x65, 0x30, 0x0, 0x0,

    /* U+0048 "H" */
    0x9f, 0xff, 0xff, 0xf0, 0x0, 0x0, 0x0, 0x0,
    0x3, 0xff, 0xff, 0xff, 0x59, 0xff, 0xff, 0xff,
    0x0, 0x0, 0x0, 0x0, 0x0, 0x3f, 0xff, 0xff,
    0xf5, 0x9f, 0xff, 0xff, 0xf0, 0x0, 0x0, 0x0,
    0x0, 0x3, 0xff, 0xff, 0xff, 0x59, 0xff, 0xff,
    0xff, 0x0, 0x0, 0x0, 0x0, 0x0, 0x3f, 0xff,
    0xff, 0xf5, 0x9f, 0xff, 0xff, 0xf0, 0x0, 0x0,
    0x0, 0x0, 0x3, 0xff, 0xff, 0xff, 0x59, 0xff,
    0xff, 0xff, 0x0, 0x0, 0x0, 0x0, 0x0, 0x3f,
    0xff, 0xff, 0xf5, 0x9f, 0xff, 0xff, 0xf0, 0x0,
    0x0, 0x0, 0x0, 0x3, 0xff, 0xff, 0xff, 0x59,
    0xff, 0xff, 0xff, 0x0, 0x0, 0x0, 0x0, 0x0,
    0x3f, 0xff, 0xff, 0xf5, 0x9f, 0xff, 0xff, 0xf0,
    0x0, 0x0, 0x0, 0x0, 0x3, 0xff, 0xff, 0xff,
    0x59, 0xff, 0xff, 0xff, 0x0, 0x0, 0x0, 0x0,
    0x0, 0x3f, 0xff, 0xff, 0xf5, 0x9f, 0xff, 0xff,
    0xf0, 0x0, 0x0, 0x0, 0x0, 0x3, 0xff, 0xff,
    0xff, 0x59, 0xff, 0xff, 0xff, 0xff, 0xff, 0xff,
    0xff, 0xff, 0xff, 0xff, 0xff, 0xf5, 0x9f, 0xff,
    0xff, 0xff, 0xff, 0xff, 0xff, 0xff, 0xff, 0xff,
    0xff, 0xff, 0x59, 0xff, 0xff, 0xff, 0xff, 0xff,
    0xff, 0xff, 0xff, 0xff, 0xff, 0xff, 0xf5, 0x9f,
    0xff, 0xff, 0xff, 0xff, 0xff, 0xff, 0xff, 0xff,
    0xff, 0xff, 0xff, 0x59, 0xff, 0xff, 0xff, 0xff,
    0xff, 0xff, 0xff, 0xff, 0xff, 0xff, 0xff, 0xf5,
    0x9f, 0xff, 0xff, 0xf6, 0x66, 0x66, 0x66, 0x66,
    0x68, 0xff, 0xff, 0xff, 0x59, 0xff, 0xff, 0xff,
    0x0, 0x0, 0x0, 0x0, 0x0, 0x3f, 0xff, 0xff,
    0xf5, 0x9f, 0xff, 0xff, 0xf0, 0x0, 0x0, 0x0,
    0x0, 0x3, 0xff, 0xff, 0xff, 0x59, 0xff, 0xff,
    0xff, 0x0, 0x0, 0x0, 0x0, 0x0, 0x3f, 0xff,
    0xff, 0xf5, 0x9f, 0xff, 0xff, 0xf0, 0x0, 0x0,
    0x0, 0x0, 0x3, 0xff, 0xff, 0xff, 0x59, 0xff,
    0xff, 0xff, 0x0, 0x0, 0x0, 0x0, 0x0, 0x3f,
    0xff, 0xff, 0xf5, 0x9f, 0xff, 0xff, 0xf0, 0x0,
    0x0, 0x0, 0x0, 0x3, 0xff, 0xff, 0xff, 0x59,
    0xff, 0xff, 0xff, 0x0, 0x0, 0x0, 0x0, 0x0,
    0x3f, 0xff, 0xff, 0xf5, 0x9f, 0xff, 0xff, 0xf0,
    0x0, 0x0, 0x0, 0x0, 0x3, 0xff, 0xff, 0xff,
    0x59, 0xff, 0xff, 0xff, 0x0, 0x0, 0x0, 0x0,
    0x0, 0x3f, 0xff, 0xff, 0xf5, 0x9f, 0xff, 0xff,
    0xf0, 0x0, 0x0, 0x0, 0x0, 0x3, 0xff, 0xff,
    0xff, 0x59, 0xff, 0xff, 0xff, 0x0, 0x0, 0x0,
    0x0, 0x0, 0x3f, 0xff, 0xff, 0xf5,

    /* U+0049 "I" */
    0x7f, 0xff, 0xff, 0xf2, 0x7f, 0xff, 0xff, 0xf2,
    0x7f, 0xff, 0xff, 0xf2, 0x7f, 0xff, 0xff, 0xf2,
    0x7f, 0xff, 0xff, 0xf2, 0x7f, 0xff, 0xff, 0xf2,
    0x7f, 0xff, 0xff, 0xf2, 0x7f, 0xff, 0xff, 0xf2,
    0x7f, 0xff, 0xff, 0xf2, 0x7f, 0xff, 0xff, 0xf2,
    0x7f, 0xff, 0xff, 0xf2, 0x7f, 0xff, 0xff, 0xf2,
    0x7f, 0xff, 0xff, 0xf2, 0x7f, 0xff, 0xff, 0xf2,
    0x7f, 0xff, 0xff, 0xf2, 0x7f, 0xff, 0xff, 0xf2,
    0x7f, 0xff, 0xff, 0xf2, 0x7f, 0xff, 0xff, 0xf2,
    0x7f, 0xff, 0xff, 0xf2, 0x7f, 0xff, 0xff, 0xf2,
    0x7f, 0xff, 0xff, 0xf2, 0x7f, 0xff, 0xff, 0xf2,
    0x7f, 0xff, 0xff, 0xf2, 0x7f, 0xff, 0xff, 0xf2,
    0x7f, 0xff, 0xff, 0xf2, 0x7f, 0xff, 0xff, 0xf2,
    0x7f, 0xff, 0xff, 0xf2, 0x7f, 0xff, 0xff, 0xf2,

    /* U+004A "J" */
    0x0, 0x0, 0xc, 0xff, 0xff, 0xfc, 0x0, 0x0,
    0xc, 0xff, 0xff, 0xfc, 0x0, 0x0, 0xc, 0xff,
    0xff, 0xfc, 0x0, 0x0, 0xc, 0xff, 0xff, 0xfc,
    0x0, 0x0, 0xc, 0xff, 0xff, 0xfc, 0x0, 0x0,
    0xc, 0xff, 0xff, 0xfc, 0x0, 0x0, 0xc, 0xff,
    0xff, 0xfc, 0x0, 0x0, 0xc, 0xff, 0xff, 0xfc,
    0x0, 0x0, 0xc, 0xff, 0xff, 0xfc, 0x0, 0x0,
    0xc, 0xff, 0xff, 0xfc, 0x0, 0x0, 0xc, 0xff,
    0xff, 0xfc, 0x0, 0x0, 0xc, 0xff, 0xff, 0xfc,
    0x0, 0x0, 0xc, 0xff, 0xff, 0xfc, 0x0, 0x0,
    0xc, 0xff, 0xff, 0xfc, 0x0, 0x0, 0xc, 0xff,
    0xff, 0xfc, 0x0, 0x0, 0xc, 0xff, 0xff, 0xfc,
    0x0, 0x0, 0xc, 0xff, 0xff, 0xfc, 0x0, 0x0,
    0xc, 0xff, 0xff, 0xfc, 0x0, 0x0, 0xc, 0xff,
    0xff, 0xfc, 0x0, 0x0, 0xc, 0xff, 0xff, 0xfc,
    0x0, 0x0, 0xc, 0xff, 0xff, 0xfc, 0x0, 0x0,
    0xc, 0xff, 0xff, 0xfc, 0x0, 0x0, 0xd, 0xff,
    0xff, 0xfc, 0x0, 0x0, 0xd, 0xff, 0xff, 0xfc,
    0x0, 0x0, 0xf, 0xff, 0xff, 0xfb, 0x0, 0x0,
    0x2f, 0xff, 0xff, 0xfa, 0x0, 0x0, 0x9f, 0xff,
    0xff, 0xf7, 0x0, 0x28, 0xff, 0xff, 0xff, 0xf3,
    0xcf, 0xff, 0xff, 0xff, 0xff, 0xc0, 0xcf, 0xff,
    0xff, 0xff, 0xff, 0x40, 0xcf, 0xff, 0xff, 0xff,
    0xf8, 0x0, 0xcf, 0xff, 0xff, 0xff, 0x80, 0x0,
    0xcf, 0xff, 0xff, 0xb3, 0x0, 0x0, 0xac, 0xb9,
    0x51, 0x0, 0x0, 0x0,

    /* U+004B "K" */
    0x9f, 0xff, 0xff, 0xf0, 0x0, 0x0, 0x0, 0x1,
    0xff, 0xff, 0xff, 0xf2, 0x9, 0xff, 0xff, 0xff,
    0x0, 0x0, 0x0, 0x0, 0xbf, 0xff, 0xff, 0xf7,
    0x0, 0x9f, 0xff, 0xff, 0xf0, 0x0, 0x0, 0x0,
    0x6f, 0xff, 0xff, 0xfc, 0x0, 0x9, 0xff, 0xff,
    0xff, 0x0, 0x0, 0x0, 0x1f, 0xff, 0xff, 0xff,
    0x20, 0x0, 0x9f, 0xff, 0xff, 0xf0, 0x0, 0x0,
    0xb, 0xff, 0xff, 0xff, 0x60, 0x0, 0x9, 0xff,
    0xff, 0xff, 0x0, 0x0, 0x6, 0xff, 0xff, 0xff,
    0xb0, 0x0, 0x0, 0x9f, 0xff, 0xff, 0xf0, 0x0,
    0x1, 0xff, 0xff, 0xff, 0xe1, 0x0, 0x0, 0x9,
    0xff, 0xff, 0xff, 0x0, 0x0, 0xbf, 0xff, 0xff,
    0xf5, 0x0, 0x0, 0x0, 0x9f, 0xff, 0xff, 0xf0,
    0x0, 0x6f, 0xff, 0xff, 0xfa, 0x0, 0x0, 0x0,
    0x9, 0xff, 0xff, 0xff, 0x0, 0x1f, 0xff, 0xff,
    0xfe, 0x10, 0x0, 0x0, 0x0, 0x9f, 0xff, 0xff,
    0xf0, 0xb, 0xff, 0xff, 0xff, 0x40, 0x0, 0x0,
    0x0, 0x9, 0xff, 0xff, 0xff, 0x58, 0xff, 0xff,
    0xff, 0x90, 0x0, 0x0, 0x0, 0x0, 0x9f, 0xff,
    0xff, 0xff, 0xff, 0xff, 0xff, 0xd0, 0x0, 0x0,
    0x0, 0x0, 0x9, 0xff, 0xff, 0xff, 0xff, 0xff,
    0xff, 0xf3, 0x0, 0x0, 0x0, 0x0, 0x0, 0x9f,
    0xff, 0xff, 0xff, 0xff, 0xff, 0xff, 0x60, 0x0,
    0x0, 0x0, 0x0, 0x9, 0xff, 0xff, 0xff, 0xff,
    0xff, 0xff, 0xff, 0x60, 0x0, 0x0, 0x0, 0x0,
    0x9f, 0xff, 0xff, 0xff, 0xff, 0xff, 0xff, 0xff,
    0x70, 0x0, 0x0, 0x0, 0x9, 0xff, 0xff, 0xff,
    0x0, 0x3e, 0xff, 0xff, 0xff, 0x50, 0x0, 0x0,
    0x0, 0x9f, 0xff, 0xff, 0xf0, 0x0, 0x2e, 0xff,
    0xff, 0xff, 0x30, 0x0, 0x0, 0x9, 0xff, 0xff,
    0xff, 0x0, 0x0, 0x2f, 0xff, 0xff, 0xfe, 0x20,
    0x0, 0x0, 0x9f, 0xff, 0xff, 0xf0, 0x0, 0x0,
    0x4f, 0xff, 0xff, 0xfd, 0x0, 0x0, 0x9, 0xff,
    0xff, 0xff, 0x0, 0x0, 0x0, 0x6f, 0xff, 0xff,
    0xf9, 0x0, 0x0, 0x9f, 0xff, 0xff, 0xf0, 0x0,
    0x0, 0x0, 0xaf, 0xff, 0xff, 0xf5, 0x0, 0x9,
    0xff, 0xff, 0xff, 0x0, 0x0, 0x0, 0x0, 0xef,
    0xff, 0xff, 0xe1, 0x0, 0x9f, 0xff, 0xff, 0xf0,
    0x0, 0x0, 0x0, 0x4, 0xff, 0xff, 0xff, 0xa0,
    0x9, 0xff, 0xff, 0xff, 0x0, 0x0, 0x0, 0x0,
    0x9, 0xff, 0xff, 0xff, 0x50, 0x9f, 0xff, 0xff,
    0xf0, 0x0, 0x0, 0x0, 0x0, 0xe, 0xff, 0xff,
    0xfe, 0x9, 0xff, 0xff, 0xff, 0x0, 0x0, 0x0,
    0x0, 0x0, 0x5f, 0xff, 0xff, 0xf9,

    /* U+004C "L" */
    0x9f, 0xff, 0xff, 0xf0, 0x0, 0x0, 0x0, 0x0,
    0x0, 0x9, 0xff, 0xff, 0xff, 0x0, 0x0, 0x0,
    0x0, 0x0, 0x0, 0x9f, 0xff, 0xff, 0xf0, 0x0,
    0x0, 0x0, 0x0, 0x0, 0x9, 0xff, 0xff, 0xff,
    0x0, 0x0, 0x0, 0x0, 0x0, 0x0, 0x9f, 0xff,
    0xff, 0xf0, 0x0, 0x0, 0x0, 0x0, 0x0, 0x9,
    0xff, 0xff, 0xff, 0x0, 0x0, 0x0, 0x0, 0x0,
    0x0, 0x9f, 0xff, 0xff, 0xf0, 0x0, 0x0, 0x0,
    0x0, 0x0, 0x9, 0xff, 0xff, 0xff, 0x0, 0x0,
    0x0, 0x0, 0x0, 0x0, 0x9f, 0xff, 0xff, 0xf0,
    0x0, 0x0, 0x0, 0x0, 0x0, 0x9, 0xff, 0xff,
    0xff, 0x0, 0x0, 0x0, 0x0, 0x0, 0x0, 0x9f,
    0xff, 0xff, 0xf0, 0x0, 0x0, 0x0, 0x0, 0x0,
    0x9, 0xff, 0xff, 0xff, 0x0, 0x0, 0x0, 0x0,
    0x0, 0x0, 0x9f, 0xff, 0xff, 0xf0, 0x0, 0x0,
    0x0, 0x0, 0x0, 0x9, 0xff, 0xff, 0xff, 0x0,
    0x0, 0x0, 0x0, 0x0, 0x0, 0x9f, 0xff, 0xff,
    0xf0, 0x0, 0x0, 0x0, 0x0, 0x0, 0x9, 0xff,
    0xff, 0xff, 0x0, 0x0, 0x0, 0x0, 0x0, 0x0,
    0x9f, 0xff, 0xff, 0xf0, 0x0, 0x0, 0x0, 0x0,
    0x0, 0x9, 0xff, 0xff, 0xff, 0x0, 0x0, 0x0,
    0x0, 0x0, 0x0, 0x9f, 0xff, 0xff, 0xf0, 0x0,
    0x0, 0x0, 0x0, 0x0, 0x9, 0xff, 0xff, 0xff,
    0x0, 0x0, 0x0, 0x0, 0x0, 0x0, 0x9f, 0xff,
    0xff, 0xf0, 0x0, 0x0, 0x0, 0x0, 0x0, 0x9,
    0xff, 0xff, 0xff, 0x0, 0x0, 0x0, 0x0, 0x0,
    0x0, 0x9f, 0xff, 0xff, 0xf6, 0x66, 0x66, 0x66,
    0x66, 0x66, 0x19, 0xff, 0xff, 0xff, 0xff, 0xff,
    0xff, 0xff, 0xff, 0xf5, 0x9f, 0xff, 0xff, 0xff,
    0xff, 0xff, 0xff, 0xff, 0xff, 0x59, 0xff, 0xff,
    0xff, 0xff, 0xff, 0xff, 0xff, 0xff, 0xf5, 0x9f,
    0xff, 0xff, 0xff, 0xff, 0xff, 0xff, 0xff, 0xff,
    0x59, 0xff, 0xff, 0xff, 0xff, 0xff, 0xff, 0xff,
    0xff, 0xf5,

    /* U+004D "M" */
    0x9f, 0xff, 0xff, 0xff, 0xff, 0xff, 0x0, 0x0,
    0x0, 0x7, 0xff, 0xff, 0xff, 0xff, 0xff, 0xf2,
    0x9f, 0xff, 0xff, 0xff, 0xff, 0xff, 0x20, 0x0,
    0x0, 0xa, 0xff, 0xff, 0xff, 0xff, 0xff, 0xf2,
    0x9f, 0xff, 0xff, 0xff, 0xff, 0xff, 0x50, 0x0,
    0x0, 0xd, 0xff, 0xff, 0xff, 0xff, 0xff, 0xf2,
    0x9f, 0xff, 0xff, 0xff, 0xff, 0xff, 0x80, 0x0,
    0x0, 0xf, 0xff, 0xff, 0xff, 0xff, 0xff, 0xf2,
    0x9f, 0xff, 0xff, 0xff, 0xff, 0xff, 0xb0, 0x0,
    0x0, 0x3f, 0xff, 0xff, 0xff, 0xff, 0xff, 0xf2,
    0x9f, 0xff, 0xff, 0xcc, 0xff, 0xff, 0xe0, 0x0,
    0x0, 0x6f, 0xff, 0xff, 0x8f, 0xff, 0xff, 0xf2,
    0x9f, 0xff, 0xff, 0xc8, 0xff, 0xff, 0xf1, 0x0,
    0x0, 0x9f, 0xff, 0xff, 0x5f, 0xff, 0xff, 0xf2,
    0x9f, 0xff, 0xff, 0xc5, 0xff, 0xff, 0xf4, 0x0,
    0x0, 0xcf, 0xff, 0xfe, 0x3f, 0xff, 0xff, 0xf2,
    0x9f, 0xff, 0xff, 0xc2, 0xff, 0xff, 0xf7, 0x0,
    0x0, 0xff, 0xff, 0xfb, 0x3f, 0xff, 0xff, 0xf2,
    0x9f, 0xff, 0xff, 0xc0, 0xef, 0xff, 0xfa, 0x0,
    0x2, 0xff, 0xff, 0xf7, 0x3f, 0xff, 0xff, 0xf2,
    0x9f, 0xff, 0xff, 0xc0, 0xbf, 0xff, 0xfd, 0x0,
    0x5, 0xff, 0xff, 0xf4, 0x3f, 0xff, 0xff, 0xf2,
    0x9f, 0xff, 0xff, 0xc0, 0x8f, 0xff, 0xff, 0x10,
    0x8, 0xff, 0xff, 0xf1, 0x3f, 0xff, 0xff, 0xf2,
    0x9f, 0xff, 0xff, 0xc0, 0x5f, 0xff, 0xff, 0x40,
    0xb, 0xff, 0xff, 0xd0, 0x3f, 0xff, 0xff, 0xf2,
    0x9f, 0xff, 0xff, 0xc0, 0x1f, 0xff, 0xff, 0x70,
    0xe, 0xff, 0xff, 0xa0, 0x3f, 0xff, 0xff, 0xf2,
    0x9f, 0xff, 0xff, 0xc0, 0xe, 0xff, 0xff, 0xa0,
    0x1f, 0xff, 0xff, 0x70, 0x3f, 0xff, 0xff, 0xf2,
    0x9f, 0xff, 0xff, 0xc0, 0xb, 0xff, 0xff, 0xd0,
    0x4f, 0xff, 0xff, 0x30, 0x3f, 0xff, 0xff, 0xf2,
    0x9f, 0xff, 0xff, 0xc0, 0x7, 0xff, 0xff, 0xf0,
    0x7f, 0xff, 0xff, 0x0, 0x3f, 0xff, 0xff, 0xf2,
    0x9f, 0xff, 0xff, 0xc0, 0x4, 0xff, 0xff, 0xf3,
    0xaf, 0xff, 0xfd, 0x0, 0x3f, 0xff, 0xff, 0xf2,
    0x9f, 0xff, 0xff, 0xc0, 0x1, 0xff, 0xff, 0xf6,
    0xdf, 0xff, 0xf9, 0x0, 0x3f, 0xff, 0xff, 0xf2,
    0x9f, 0xff, 0xff, 0xc0, 0x0, 0xef, 0xff, 0xfa,
    0xff, 0xff, 0xf6, 0x0, 0x3f, 0xff, 0xff, 0xf2,
    0x9f, 0xff, 0xff, 0xc0, 0x0, 0xaf, 0xff, 0xff,
    0xff, 0xff, 0xf3, 0x0, 0x3f, 0xff, 0xff, 0xf2,
    0x9f, 0xff, 0xff, 0xc0, 0x0, 0x7f, 0xff, 0xff,
    0xff, 0xff, 0xf0, 0x0, 0x3f, 0xff, 0xff, 0xf2,
    0x9f, 0xff, 0xff, 0xc0, 0x0, 0x4f, 0xff, 0xff,
    0xff, 0xff, 0xc0, 0x0, 0x3f, 0xff, 0xff, 0xf2,
    0x9f, 0xff, 0xff, 0xc0, 0x0, 0xf, 0xff, 0xff,
    0xff, 0xff, 0x90, 0x0, 0x3f, 0xff, 0xff, 0xf2,
    0x9f, 0xff, 0xff, 0xc0, 0x0, 0xd, 0xff, 0xff,
    0xff, 0xff, 0x50, 0x0, 0x3f, 0xff, 0xff, 0xf2,
    0x9f, 0xff, 0xff, 0xc0, 0x0, 0xa, 0xff, 0xff,
    0xff, 0xff, 0x20, 0x0, 0x3f, 0xff, 0xff, 0xf2,
    0x9f, 0xff, 0xff, 0xc0, 0x0, 0x6, 0xff, 0xff,
    0xff, 0xff, 0x0, 0x0, 0x3f, 0xff, 0xff, 0xf2,
    0x9f, 0xff, 0xff, 0xc0, 0x0, 0x3, 0xff, 0xff,
    0xff, 0xfb, 0x0, 0x0, 0x3f, 0xff, 0xff, 0xf2,

    /* U+004E "N" */
    0x9f, 0xff, 0xff, 0xff, 0xff, 0xf1, 0x0, 0x0,
    0x0, 0xef, 0xff, 0xff, 0x99, 0xff, 0xff, 0xff,
    0xff, 0xff, 0x50, 0x0, 0x0, 0xe, 0xff, 0xff,
    0xf9, 0x9f, 0xff, 0xff, 0xff, 0xff, 0xfa, 0x0,
    0x0, 0x0, 0xef, 0xff, 0xff, 0x99, 0xff, 0xff,
    0xff, 0xff, 0xff, 0xf0, 0x0, 0x0, 0xe, 0xff,
    0xff, 0xf9, 0x9f, 0xff, 0xff, 0xff, 0xff, 0xff,
    0x40, 0x0, 0x0, 0xef, 0xff, 0xff, 0x99, 0xff,
    0xff, 0xff, 0xff, 0xff, 0xf9, 0x0, 0x0, 0xe,
    0xff, 0xff, 0xf9, 0x9f, 0xff, 0xff, 0xed, 0xff,
    0xff, 0xe0, 0x0, 0x0, 0xef, 0xff, 0xff, 0x99,
    0xff, 0xff, 0xfe, 0x7f, 0xff, 0xff, 0x20, 0x0,
    0xe, 0xff, 0xff, 0xf9, 0x9f, 0xff, 0xff, 0xe2,
    0xff, 0xff, 0xf7, 0x0, 0x0, 0xef, 0xff, 0xff,
    0x99, 0xff, 0xff, 0xfe, 0xd, 0xff, 0xff, 0xc0,
    0x0, 0xe, 0xff, 0xff, 0xf9, 0x9f, 0xff, 0xff,
    0xe0, 0x9f, 0xff, 0xff, 0x10, 0x0, 0xef, 0xff,
    0xff, 0x99, 0xff, 0xff, 0xfe, 0x4, 0xff, 0xff,
    0xf6, 0x0, 0xe, 0xff, 0xff, 0xf9, 0x9f, 0xff,
    0xff, 0xe0, 0xe, 0xff, 0xff, 0xa0, 0x0, 0xef,
    0xff, 0xff, 0x99, 0xff, 0xff, 0xfe, 0x0, 0xaf,
    0xff, 0xff, 0x0, 0xe, 0xff, 0xff, 0xf9, 0x9f,
    0xff, 0xff, 0xe0, 0x5, 0xff, 0xff, 0xf4, 0x0,
    0xef, 0xff, 0xff, 0x99, 0xff, 0xff, 0xfe, 0x0,
    0xf, 0xff, 0xff, 0x90, 0xe, 0xff, 0xff, 0xf9,
    0x9f, 0xff, 0xff, 0xe0, 0x0, 0xbf, 0xff, 0xfe,
    0x0, 0xef, 0xff, 0xff, 0x99, 0xff, 0xff, 0xfe,
    0x0, 0x6, 0xff, 0xff, 0xf3, 0xe, 0xff, 0xff,
    0xf9, 0x9f, 0xff, 0xff, 0xe0, 0x0, 0x1f, 0xff,
    0xff, 0x70, 0xef, 0xff, 0xff, 0x99, 0xff, 0xff,
    0xfe, 0x0, 0x0, 0xcf, 0xff, 0xfc, 0xe, 0xff,
    0xff, 0xf9, 0x9f, 0xff, 0xff, 0xe0, 0x0, 0x7,
    0xff, 0xff, 0xf1, 0xef, 0xff, 0xff, 0x99, 0xff,
    0xff, 0xfe, 0x0, 0x0, 0x2f, 0xff, 0xff, 0x6e,
    0xff, 0xff, 0xf9, 0x9f, 0xff, 0xff, 0xe0, 0x0,
    0x0, 0xdf, 0xff, 0xfe, 0xff, 0xff, 0xff, 0x99,
    0xff, 0xff, 0xfe, 0x0, 0x0, 0x8, 0xff, 0xff,
    0xff, 0xff, 0xff, 0xf9, 0x9f, 0xff, 0xff, 0xe0,
    0x0, 0x0, 0x3f, 0xff, 0xff, 0xff, 0xff, 0xff,
    0x99, 0xff, 0xff, 0xfe, 0x0, 0x0, 0x0, 0xef,
    0xff, 0xff, 0xff, 0xff, 0xf9, 0x9f, 0xff, 0xff,
    0xe0, 0x0, 0x0, 0x9, 0xff, 0xff, 0xff, 0xff,
    0xff, 0x99, 0xff, 0xff, 0xfe, 0x0, 0x0, 0x0,
    0x5f, 0xff, 0xff, 0xff, 0xff, 0xf9,

    /* U+004F "O" */
    0x0, 0x0, 0x0, 0x0, 0x0, 0x2, 0x56, 0x77,
    0x64, 0x20, 0x0, 0x0, 0x0, 0x0, 0x0, 0x0,
    0x0, 0x0, 0x0, 0x4a, 0xff, 0xff, 0xff, 0xff,
    0xfe, 0x92, 0x0, 0x0, 0x0, 0x0, 0x0, 0x0,
    0x0, 0x3c, 0xff, 0xff, 0xff, 0xff, 0xff, 0xff,
    0xff, 0xa1, 0x0, 0x0, 0x0, 0x0, 0x0, 0x7,
    0xff, 0xff, 0xff, 0xff, 0xff, 0xff, 0xff, 0xff,
    0xfe, 0x40, 0x0, 0x0, 0x0, 0x0, 0x8f, 0xff,
    0xff, 0xff, 0xff, 0xff, 0xff, 0xff, 0xff, 0xff,
    0xf4, 0x0, 0x0, 0x0, 0x6, 0xff, 0xff, 0xff,
    0xff, 0xe9, 0x77, 0xaf, 0xff, 0xff, 0xff, 0xff,
    0x20, 0x0, 0x0, 0x2f, 0xff, 0xff, 0xff, 0xf6,
    0x0, 0x0, 0x0, 0x8f, 0xff, 0xff, 0xff, 0xc0,
    0x0, 0x0, 0xbf, 0xff, 0xff, 0xff, 0x40, 0x0,
    0x0, 0x0, 0x7, 0xff, 0xff, 0xff, 0xf6, 0x0,
    0x2, 0xff, 0xff, 0xff, 0xf6, 0x0, 0x0, 0x0,
    0x0, 0x0, 0xaf, 0xff, 0xff, 0xfd, 0x0, 0x8,
    0xff, 0xff, 0xff, 0xd0, 0x0, 0x0, 0x0, 0x0,
    0x0, 0x2f, 0xff, 0xff, 0xff, 0x30, 0xd, 0xff,
    0xff, 0xff, 0x60, 0x0, 0x0, 0x0, 0x0, 0x0,
    0xa, 0xff, 0xff, 0xff, 0x80, 0xf, 0xff, 0xff,
    0xff, 0x10, 0x0, 0x0, 0x0, 0x0, 0x0, 0x6,
    0xff, 0xff, 0xff, 0xc0, 0x3f, 0xff, 0xff, 0xfd,
    0x0, 0x0, 0x0, 0x0, 0x0, 0x0, 0x2, 0xff,
    0xff, 0xff, 0xe0, 0x5f, 0xff, 0xff, 0xfb, 0x0,
    0x0, 0x0, 0x0, 0x0, 0x0, 0x0, 0xff, 0xff,
    0xff, 0xf0, 0x5f, 0xff, 0xff, 0xfa, 0x0, 0x0,
    0x0, 0x0, 0x0, 0x0, 0x0, 0xff, 0xff, 0xff,
    0xf1, 0x6f, 0xff, 0xff, 0xf9, 0x0, 0x0, 0x0,
    0x0, 0x0, 0x0, 0x0, 0xef, 0xff, 0xff, 0xf1,
    0x5f, 0xff, 0xff, 0xfa, 0x0, 0x0, 0x0, 0x0,
    0x0, 0x0, 0x0, 0xff, 0xff, 0xff, 0xf1, 0x4f,
    0xff, 0xff, 0xfb, 0x0, 0x0, 0x0, 0x0, 0x0,
    0x0, 0x0, 0xff, 0xff, 0xff, 0xf0, 0x2f, 0xff,
    0xff, 0xfe, 0x0, 0x0, 0x0, 0x0, 0x0, 0x0,
    0x3, 0xff, 0xff, 0xff, 0xd0, 0xf, 0xff, 0xff,
    0xff, 0x30, 0x0, 0x0, 0x0, 0x0, 0x0, 0x7,
    0xff, 0xff, 0xff, 0xa0, 0xa, 0xff, 0xff, 0xff,
    0x90, 0x0, 0x0, 0x0, 0x0, 0x0, 0xd, 0xff,
    0xff, 0xff, 0x60, 0x5, 0xff, 0xff, 0xff, 0xf2,
    0x0, 0x0, 0x0, 0x0, 0x0, 0x6f, 0xff, 0xff,
    0xff, 0x10, 0x0, 0xef, 0xff, 0xff, 0xfc, 0x0,
    0x0, 0x0, 0x0, 0x3, 0xff, 0xff, 0xff, 0xf9,
    0x0, 0x0, 0x5f, 0xff, 0xff, 0xff, 0xc2, 0x0,
    0x0, 0x0, 0x5e, 0xff, 0xff, 0xff, 0xf1, 0x0,
    0x0, 0xa, 0xff, 0xff, 0xff, 0xff, 0xb7, 0x66,
    0x8d, 0xff, 0xff, 0xff, 0xff, 0x60, 0x0, 0x0,
    0x0, 0xcf, 0xff, 0xff, 0xff, 0xff, 0xff, 0xff,
    0xff, 0xff, 0xff, 0xf8, 0x0, 0x0, 0x0, 0x0,
    0xa, 0xff, 0xff, 0xff, 0xff, 0xff, 0xff, 0xff,
    0xff, 0xff, 0x70, 0x0, 0x0, 0x0, 0x0, 0x0,
    0x5e, 0xff, 0xff, 0xff, 0xff, 0xff, 0xff, 0xff,
    0xc3, 0x0, 0x0, 0x0, 0x0, 0x0, 0x0, 0x0,
    0x5b, 0xff, 0xff, 0xff, 0xff, 0xfe, 0xa4, 0x0,
    0x0, 0x0, 0x0, 0x0, 0x0, 0x0, 0x0, 0x0,
    0x3, 0x57, 0x77, 0x65, 0x20, 0x0, 0x0, 0x0,
    0x0, 0x0,

    /* U+0050 "P" */
    0x9f, 0xff, 0xff, 0xff, 0xff, 0xff, 0xff, 0xfd,
    0xb7, 0x10, 0x0, 0x0, 0x9f, 0xff, 0xff, 0xff,
    0xff, 0xff, 0xff, 0xff, 0xff, 0xf8, 0x0, 0x0,
    0x9f, 0xff, 0xff, 0xff, 0xff, 0xff, 0xff, 0xff,
    0xff, 0xff, 0xc0, 0x0, 0x9f, 0xff, 0xff, 0xff,
    0xff, 0xff, 0xff, 0xff, 0xff, 0xff, 0xfa, 0x0,
    0x9f, 0xff, 0xff, 0xff, 0xff, 0xff, 0xff, 0xff,
    0xff, 0xff, 0xff, 0x30, 0x9f, 0xff, 0xff, 0xf4,
    0x44, 0x44, 0x44, 0x6c, 0xff, 0xff, 0xff, 0xb0,
    0x9f, 0xff, 0xff, 0xf0, 0x0, 0x0, 0x0, 0x0,
    0xaf, 0xff, 0xff, 0xf0, 0x9f, 0xff, 0xff, 0xf0,
    0x0, 0x0, 0x0, 0x0, 0xf, 0xff, 0xff, 0xf2,
    0x9f, 0xff, 0xff, 0xf0, 0x0, 0x0, 0x0, 0x0,
    0xb, 0xff, 0xff, 0xf3, 0x9f, 0xff, 0xff, 0xf0,
    0x0, 0x0, 0x0, 0x0, 0xa, 0xff, 0xff, 0xf4,
    0x9f, 0xff, 0xff, 0xf0, 0x0, 0x0, 0x0, 0x0,
    0xd, 0xff, 0xff, 0xf2, 0x9f, 0xff, 0xff, 0xf0,
    0x0, 0x0, 0x0, 0x0, 0x6f, 0xff, 0xff, 0xf0,
    0x9f, 0xff, 0xff, 0xf0, 0x0, 0x0, 0x0, 0x28,
    0xff, 0xff, 0xff, 0xc0, 0x9f, 0xff, 0xff, 0xff,
    0xff, 0xff, 0xff, 0xff, 0xff, 0xff, 0xff, 0x60,
    0x9f, 0xff, 0xff, 0xff, 0xff, 0xff, 0xff, 0xff,
    0xff, 0xff, 0xfd, 0x0, 0x9f, 0xff, 0xff, 0xff,
    0xff, 0xff, 0xff, 0xff, 0xff, 0xff, 0xe2, 0x0,
    0x9f, 0xff, 0xff, 0xff, 0xff, 0xff, 0xff, 0xff,
    0xff, 0xfc, 0x10, 0x0, 0x9f, 0xff, 0xff, 0xff,
    0xff, 0xff, 0xff, 0xff, 0xfb, 0x40, 0x0, 0x0,
    0x9f, 0xff, 0xff, 0xf4, 0x44, 0x44, 0x43, 0x32,
    0x0, 0x0, 0x0, 0x0, 0x9f, 0xff, 0xff, 0xf0,
    0x0, 0x0, 0x0, 0x0, 0x0, 0x0, 0x0, 0x0,
    0x9f, 0xff, 0xff, 0xf0, 0x0, 0x0, 0x0, 0x0,
    0x0, 0x0, 0x0, 0x0, 0x9f, 0xff, 0xff, 0xf0,
    0x0, 0x0, 0x0, 0x0, 0x0, 0x0, 0x0, 0x0,
    0x9f, 0xff, 0xff, 0xf0, 0x0, 0x0, 0x0, 0x0,
    0x0, 0x0, 0x0, 0x0, 0x9f, 0xff, 0xff, 0xf0,
    0x0, 0x0, 0x0, 0x0, 0x0, 0x0, 0x0, 0x0,
    0x9f, 0xff, 0xff, 0xf0, 0x0, 0x0, 0x0, 0x0,
    0x0, 0x0, 0x0, 0x0, 0x9f, 0xff, 0xff, 0xf0,
    0x0, 0x0, 0x0, 0x0, 0x0, 0x0, 0x0, 0x0,
    0x9f, 0xff, 0xff, 0xf0, 0x0, 0x0, 0x0, 0x0,
    0x0, 0x0, 0x0, 0x0, 0x9f, 0xff, 0xff, 0xf0,
    0x0, 0x0, 0x0, 0x0, 0x0, 0x0, 0x0, 0x0,

    /* U+0051 "Q" */
    0x0, 0x0, 0x0, 0x0, 0x0, 0x1, 0x46, 0x77,
    0x64, 0x10, 0x0, 0x0, 0x0, 0x0, 0x0, 0x0,
    0x0, 0x0, 0x0, 0x28, 0xdf, 0xff, 0xff, 0xff,
    0xfd, 0x81, 0x0, 0x0, 0x0, 0x0, 0x0, 0x0,
    0x0, 0x1a, 0xff, 0xff, 0xff, 0xff, 0xff, 0xff,
    0xff, 0x91, 0x0, 0x0, 0x0, 0x0, 0x0, 0x4,
    0xef, 0xff, 0xff, 0xff, 0xff, 0xff, 0xff, 0xff,
    0xfe, 0x40, 0x0, 0x0, 0x0, 0x0, 0x5f, 0xff,
    0xff, 0xff, 0xff, 0xff, 0xff, 0xff, 0xff, 0xff,
    0xf5, 0x0, 0x0, 0x0, 0x3, 0xff, 0xff, 0xff,
    0xff, 0xc7, 0x55, 0x7c, 0xff, 0xff, 0xff, 0xff,
    0x30, 0x0, 0x0, 0xe, 0xff, 0xff, 0xff, 0xe4,
    0x0, 0x0, 0x0, 0x3d, 0xff, 0xff, 0xff, 0xe0,
    0x0, 0x0, 0x9f, 0xff, 0xff, 0xfd, 0x10, 0x0,
    0x0, 0x0, 0x1, 0xdf, 0xff, 0xff, 0xf9, 0x0,
    0x1, 0xff, 0xff, 0xff, 0xf2, 0x0, 0x0, 0x0,
    0x0, 0x0, 0x1f, 0xff, 0xff, 0xff, 0x10, 0x7,
    0xff, 0xff, 0xff, 0x70, 0x0, 0x0, 0x0, 0x0,
    0x0, 0x7, 0xff, 0xff, 0xff, 0x70, 0xc, 0xff,
    0xff, 0xfd, 0x0, 0x0, 0x0, 0x0, 0x0, 0x0,
    0x0, 0xef, 0xff, 0xff, 0xc0, 0xf, 0xff, 0xff,
    0xf7, 0x0, 0x0, 0x0, 0x0, 0x0, 0x0, 0x0,
    0x9f, 0xff, 0xff, 0xf0, 0x3f, 0xff, 0xff, 0xf3,
    0x0, 0x0, 0x0, 0x0, 0x0, 0x0, 0x0, 0x3f,
    0xff, 0xff, 0xf3, 0x5f, 0xff, 0xff, 0xf0, 0x0,
    0x0, 0x0, 0x0, 0x0, 0x0, 0x0, 0x1f, 0xff,
    0xff, 0xf5, 0x5f, 0xff, 0xff, 0xf0, 0x0, 0x0,
    0x0, 0x0, 0x0, 0x0, 0x0, 0xf, 0xff, 0xff,
    0xf6, 0x6f, 0xff, 0xff, 0xe0, 0x0, 0x0, 0x0,
    0x0, 0x0, 0x0, 0x0, 0xf, 0xff, 0xff, 0xf6,
    0x5f, 0xff, 0xff, 0xf0, 0x0, 0x0, 0x0, 0x0,
    0x0, 0x0, 0x0, 0xf, 0xff, 0xff, 0xf5, 0x4f,
    0xff, 0xff, 0xf2, 0x0, 0x0, 0x0, 0x0, 0x0,
    0x0, 0x0, 0x2f, 0xff, 0xff, 0xf4, 0x1f, 0xff,
    0xff, 0xf5, 0x0, 0x0, 0x0, 0x0, 0x0, 0x0,
    0x0, 0x5f, 0xff, 0xff, 0xf2, 0xe, 0xff, 0xff,
    0xfb, 0x0, 0x0, 0x0, 0x0, 0x0, 0x0, 0x0,
    0xbf, 0xff, 0xff, 0xe0, 0x9, 0xff, 0xff, 0xff,
    0x30, 0x0, 0x0, 0x0, 0x0, 0x0, 0x3, 0xff,
    0xff, 0xff, 0xa0, 0x3, 0xff, 0xff, 0xff, 0xd0,
    0x0, 0x0, 0x0, 0x0, 0x0, 0xd, 0xff, 0xff,
    0xff, 0x40, 0x0, 0xcf, 0xff, 0xff, 0xfb, 0x0,
    0x0, 0x0, 0x0, 0x0, 0xbf, 0xff, 0xff, 0xfc,
    0x0, 0x0, 0x3f, 0xff, 0xff, 0xff, 0xc3, 0x0,
    0x0, 0x0, 0x3c, 0xff, 0xff, 0xff, 0xf3, 0x0,
    0x0, 0x8, 0xff, 0xff, 0xff, 0xff, 0xd9, 0x77,
    0x9c, 0xff, 0xff, 0xff, 0xff, 0x80, 0x0, 0x0,
    0x0, 0x9f, 0xff, 0xff, 0xff, 0xff, 0xff, 0xff,
    0xff, 0xff, 0xff, 0xf9, 0x0, 0x0, 0x0, 0x0,
    0x8, 0xff, 0xff, 0xff, 0xff, 0xff, 0xff, 0xff,
    0xff, 0xff, 0x70, 0x0, 0x0, 0x0, 0x0, 0x0,
    0x3c, 0xff, 0xff, 0xff, 0xff, 0xff, 0xff, 0xff,
    0xb3, 0x0, 0x0, 0x0, 0x0, 0x0, 0x0, 0x0,
    0x4a, 0xef, 0xff, 0xff, 0xff, 0xff, 0xff, 0x10,
    0x0, 0x0, 0x0, 0x0, 0x0, 0x0, 0x0, 0x0,
    0x2, 0x56, 0x77, 0xaf, 0xff, 0xff, 0x90, 0x0,
    0x0, 0x0, 0x0, 0x0, 0x0, 0x0, 0x0, 0x0,
    0x0, 0x0, 0xe, 0xff, 0xff, 0xf1, 0x0, 0x0,
    0x0, 0x0, 0x0, 0x0, 0x0, 0x0, 0x0, 0x0,
    0x0, 0x7, 0xff, 0xff, 0xf7, 0x0, 0x0, 0x0,
    0x0, 0x0, 0x0, 0x0, 0x0, 0x0, 0x0, 0x0,
    0x0, 0x88, 0x88, 0x86, 0x0, 0x0, 0x0,

    /* U+0052 "R" */
    0x9f, 0xff, 0xff, 0xff, 0xff, 0xff, 0xff, 0xed,
    0x94, 0x0, 0x0, 0x0, 0x9f, 0xff, 0xff, 0xff,
    0xff, 0xff, 0xff, 0xff, 0xff, 0xd3, 0x0, 0x0,
    0x9f, 0xff, 0xff, 0xff, 0xff, 0xff, 0xff, 0xff,
    0xff, 0xff, 0x50, 0x0, 0x9f, 0xff, 0xff, 0xff,
    0xff, 0xff, 0xff, 0xff, 0xff, 0xff, 0xf2, 0x0,
    0x9f, 0xff, 0xff, 0xf9, 0x99, 0x99, 0x9a, 0xdf,
    0xff, 0xff, 0xfb, 0x0, 0x9f, 0xff, 0xff, 0xf0,
    0x0, 0x0, 0x0, 0x4, 0xff, 0xff, 0xff, 0x10,
    0x9f, 0xff, 0xff, 0xf0, 0x0, 0x0, 0x0, 0x0,
    0x5f, 0xff, 0xff, 0x50, 0x9f, 0xff, 0xff, 0xf0,
    0x0, 0x0, 0x0, 0x0, 0xf, 0xff, 0xff, 0x70,
    0x9f, 0xff, 0xff, 0xf0, 0x0, 0x0, 0x0, 0x0,
    0xd, 0xff, 0xff, 0x70, 0x9f, 0xff, 0xff, 0xf0,
    0x0, 0x0, 0x0, 0x0, 0x1f, 0xff, 0xff, 0x60,
    0x9f, 0xff, 0xff, 0xf0, 0x0, 0x0, 0x0, 0x0,
    0x9f, 0xff, 0xff, 0x40, 0x9f, 0xff, 0xff, 0xf0,
    0x0, 0x0, 0x0, 0x3b, 0xff, 0xff, 0xff, 0x0,
    0x9f, 0xff, 0xff, 0xff, 0xff, 0xff, 0xff, 0xff,
    0xff, 0xff, 0xf8, 0x0, 0x9f, 0xff, 0xff, 0xff,
    0xff, 0xff, 0xff, 0xff, 0xff, 0xff, 0xd0, 0x0,
    0x9f, 0xff, 0xff, 0xff, 0xff, 0xff, 0xff, 0xff,
    0xff, 0xfc, 0x10, 0x0, 0x9f, 0xff, 0xff, 0xff,
    0xff, 0xff, 0xff, 0xff, 0xfe, 0x70, 0x0, 0x0,
    0x9f, 0xff, 0xff, 0xf9, 0x9e, 0xff, 0xff, 0xff,
    0x60, 0x0, 0x0, 0x0, 0x9f, 0xff, 0xff, 0xf0,
    0x2, 0xef, 0xff, 0xff, 0xe2, 0x0, 0x0, 0x0,
    0x9f, 0xff, 0xff, 0xf0, 0x0, 0x3f, 0xff, 0xff,
    0xfd, 0x0, 0x0, 0x0, 0x9f, 0xff, 0xff, 0xf0,
    0x0, 0x5, 0xff, 0xff, 0xff, 0xa0, 0x0, 0x0,
    0x9f, 0xff, 0xff, 0xf0, 0x0, 0x0, 0xaf, 0xff,
    0xff, 0xf5, 0x0, 0x0, 0x9f, 0xff, 0xff, 0xf0,
    0x0, 0x0, 0xd, 0xff, 0xff, 0xfe, 0x10, 0x0,
    0x9f, 0xff, 0xff, 0xf0, 0x0, 0x0, 0x4, 0xff,
    0xff, 0xff, 0xa0, 0x0, 0x9f, 0xff, 0xff, 0xf0,
    0x0, 0x0, 0x0, 0xaf, 0xff, 0xff, 0xf3, 0x0,
    0x9f, 0xff, 0xff, 0xf0, 0x0, 0x0, 0x0, 0x2f,
    0xff, 0xff, 0xfd, 0x0, 0x9f, 0xff, 0xff, 0xf0,
    0x0, 0x0, 0x0, 0x9, 0xff, 0xff, 0xff, 0x50,
    0x9f, 0xff, 0xff, 0xf0, 0x0, 0x0, 0x0, 0x1,
    0xff, 0xff, 0xff, 0xd0, 0x9f, 0xff, 0xff, 0xf0,
    0x0, 0x0, 0x0, 0x0, 0x8f, 0xff, 0xff, 0xf5,

    /* U+0053 "S" */
    0x0, 0x0, 0x0, 0x14, 0x67, 0x77, 0x65, 0x20,
    0x0, 0x0, 0x0, 0x0, 0x2, 0xbf, 0xff, 0xff,
    0xff, 0xff, 0xfc, 0x71, 0x0, 0x0, 0x6, 0xff,
    0xff, 0xff, 0xff, 0xff, 0xff, 0xff, 0x80, 0x0,
    0x6, 0xff, 0xff, 0xff, 0xff, 0xff, 0xff, 0xff,
    0xf8, 0x0, 0x3, 0xff, 0xff, 0xff, 0xff, 0xff,
    0xff, 0xff, 0xff, 0x80, 0x0, 0xaf, 0xff, 0xff,
    0xff, 0x97, 0x78, 0xac, 0xff, 0xf8, 0x0, 0xf,
    0xff, 0xff, 0xfb, 0x0, 0x0, 0x0, 0x0, 0x4a,
    0x70, 0x2, 0xff, 0xff, 0xff, 0x10, 0x0, 0x0,
    0x0, 0x0, 0x0, 0x0, 0x3f, 0xff, 0xff, 0xf0,
    0x0, 0x0, 0x0, 0x0, 0x0, 0x0, 0x2, 0xff,
    0xff, 0xff, 0x70, 0x0, 0x0, 0x0, 0x0, 0x0,
    0x0, 0xf, 0xff, 0xff, 0xff, 0x70, 0x0, 0x0,
    0x0, 0x0, 0x0, 0x0, 0xaf, 0xff, 0xff, 0xff,
    0xd6, 0x10, 0x0, 0x0, 0x0, 0x0, 0x2, 0xff,
    0xff, 0xff, 0xff, 0xff, 0xb5, 0x0, 0x0, 0x0,
    0x0, 0x5, 0xff, 0xff, 0xff, 0xff, 0xff, 0xff,
    0x81, 0x0, 0x0, 0x0, 0x3, 0xdf, 0xff, 0xff,
    0xff, 0xff, 0xff, 0xe4, 0x0, 0x0, 0x0, 0x0,
    0x5c, 0xff, 0xff, 0xff, 0xff, 0xff, 0xf5, 0x0,
    0x0, 0x0, 0x0, 0x2, 0x7d, 0xff, 0xff, 0xff,
    0xff, 0xf3, 0x0, 0x0, 0x0, 0x0, 0x0, 0x3,
    0xbf, 0xff, 0xff, 0xff, 0xb0, 0x0, 0x0, 0x0,
    0x0, 0x0, 0x0, 0x6f, 0xff, 0xff, 0xff, 0x10,
    0x0, 0x0, 0x0, 0x0, 0x0, 0x0, 0x7f, 0xff,
    0xff, 0xf4, 0x0, 0x0, 0x0, 0x0, 0x0, 0x0,
    0x0, 0xff, 0xff, 0xff, 0x64, 0x20, 0x0, 0x0,
    0x0, 0x0, 0x0, 0xf, 0xff, 0xff, 0xf6, 0x7f,
    0xa2, 0x0, 0x0, 0x0, 0x0, 0x3, 0xff, 0xff,
    0xff, 0x57, 0xff, 0xfc, 0x62, 0x0, 0x0, 0x3,
    0xef, 0xff, 0xff, 0xf1, 0x7f, 0xff, 0xff, 0xfe,
    0xba, 0xac, 0xff, 0xff, 0xff, 0xfc, 0x7, 0xff,
    0xff, 0xff, 0xff, 0xff, 0xff, 0xff, 0xff, 0xff,
    0x40, 0x7f, 0xff, 0xff, 0xff, 0xff, 0xff, 0xff,
    0xff, 0xff, 0x70, 0x2, 0xaf, 0xff, 0xff, 0xff,
    0xff, 0xff, 0xff, 0xff, 0x70, 0x0, 0x0, 0x17,
    0xcf, 0xff, 0xff, 0xff, 0xff, 0xfb, 0x30, 0x0,
    0x0, 0x0, 0x0, 0x2, 0x56, 0x77, 0x77, 0x51,
    0x0, 0x0, 0x0,

    /* U+0054 "T" */
    0x5f, 0xff, 0xff, 0xff, 0xff, 0xff, 0xff, 0xff,
    0xff, 0xff, 0xfb, 0x5f, 0xff, 0xff, 0xff, 0xff,
    0xff, 0xff, 0xff, 0xff, 0xff, 0xfb, 0x5f, 0xff,
    0xff, 0xff, 0xff, 0xff, 0xff, 0xff, 0xff, 0xff,
    0xfb, 0x5f, 0xff, 0xff, 0xff, 0xff, 0xff, 0xff,
    0xff, 0xff, 0xff, 0xfb, 0x5f, 0xff, 0xff, 0xff,
    0xff, 0xff, 0xff, 0xff, 0xff, 0xff, 0xfb, 0x16,
    0x66, 0x66, 0x67, 0xff, 0xff, 0xff, 0xb6, 0x66,
    0x66, 0x64, 0x0, 0x0, 0x0, 0x2, 0xff, 0xff,
    0xff, 0x80, 0x0, 0x0, 0x0, 0x0, 0x0, 0x0,
    0x2, 0xff, 0xff, 0xff, 0x80, 0x0, 0x0, 0x0,
    0x0, 0x0, 0x0, 0x2, 0xff, 0xff, 0xff, 0x80,
    0x0, 0x0, 0x0, 0x0, 0x0, 0x0, 0x2, 0xff,
    0xff, 0xff, 0x80, 0x0, 0x0, 0x0, 0x0, 0x0,
    0x0, 0x2, 0xff, 0xff, 0xff, 0x80, 0x0, 0x0,
    0x0, 0x0, 0x0, 0x0, 0x2, 0xff, 0xff, 0xff,
    0x80, 0x0, 0x0, 0x0, 0x0, 0x0, 0x0, 0x2,
    0xff, 0xff, 0xff, 0x80, 0x0, 0x0, 0x0, 0x0,
    0x0, 0x0, 0x2, 0xff, 0xff, 0xff, 0x80, 0x0,
    0x0, 0x0, 0x0, 0x0, 0x0, 0x2, 0xff, 0xff,
    0xff, 0x80, 0x0, 0x0, 0x0, 0x0, 0x0, 0x0,
    0x2, 0xff, 0xff, 0xff, 0x80, 0x0, 0x0, 0x0,
    0x0, 0x0, 0x0, 0x2, 0xff, 0xff, 0xff, 0x80,
    0x0, 0x0, 0x0, 0x0, 0x0, 0x0, 0x2, 0xff,
    0xff, 0xff, 0x80, 0x0, 0x0, 0x0, 0x0, 0x0,
    0x0, 0x2, 0xff, 0xff, 0xff, 0x80, 0x0, 0x0,
    0x0, 0x0, 0x0, 0x0, 0x2, 0xff, 0xff, 0xff,
    0x80, 0x0, 0x0, 0x0, 0x0, 0x0, 0x0, 0x2,
    0xff, 0xff, 0xff, 0x80, 0x0, 0x0, 0x0, 0x0,
    0x0, 0x0, 0x2, 0xff, 0xff, 0xff, 0x80, 0x0,
    0x0, 0x0, 0x0, 0x0, 0x0, 0x2, 0xff, 0xff,
    0xff, 0x80, 0x0, 0x0, 0x0, 0x0, 0x0, 0x0,
    0x2, 0xff, 0xff, 0xff, 0x80, 0x0, 0x0, 0x0,
    0x0, 0x0, 0x0, 0x2, 0xff, 0xff, 0xff, 0x80,
    0x0, 0x0, 0x0, 0x0, 0x0, 0x0, 0x2, 0xff,
    0xff, 0xff, 0x80, 0x0, 0x0, 0x0, 0x0, 0x0,
    0x0, 0x2, 0xff, 0xff, 0xff, 0x80, 0x0, 0x0,
    0x0, 0x0, 0x0, 0x0, 0x2, 0xff, 0xff, 0xff,
    0x80, 0x0, 0x0, 0x0,

    /* U+0055 "U" */
    0x9f, 0xff, 0xff, 0xf0, 0x0, 0x0, 0x0, 0x0,
    0x0, 0x9f, 0xff, 0xff, 0xf9, 0xff, 0xff, 0xff,
    0x0, 0x0, 0x0, 0x0, 0x0, 0x9, 0xff, 0xff,
    0xff, 0x9f, 0xff, 0xff, 0xf0, 0x0, 0x0, 0x0,
    0x0, 0x0, 0x9f, 0xff, 0xff, 0xf9, 0xff, 0xff,
    0xff, 0x0, 0x0, 0x0, 0x0, 0x0, 0x9, 0xff,
    0xff, 0xff, 0x9f, 0xff, 0xff, 0xf0, 0x0, 0x0,
    0x0, 0x0, 0x0, 0x9f, 0xff, 0xff, 0xf9, 0xff,
    0xff, 0xff, 0x0, 0x0, 0x0, 0x0, 0x0, 0x9,
    0xff, 0xff, 0xff, 0x9f, 0xff, 0xff, 0xf0, 0x0,
    0x0, 0x0, 0x0, 0x0, 0x9f, 0xff, 0xff, 0xf9,
    0xff, 0xff, 0xff, 0x0, 0x0, 0x0, 0x0, 0x0,
    0x9, 0xff, 0xff, 0xff, 0x9f, 0xff, 0xff, 0xf0,
    0x0, 0x0, 0x0, 0x0, 0x0, 0x9f, 0xff, 0xff,
    0xf9, 0xff, 0xff, 0xff, 0x0, 0x0, 0x0, 0x0,
    0x0, 0x9, 0xff, 0xff, 0xff, 0x9f, 0xff, 0xff,
    0xf0, 0x0, 0x0, 0x0, 0x0, 0x0, 0x9f, 0xff,
    0xff, 0xf9, 0xff, 0xff, 0xff, 0x0, 0x0, 0x0,
    0x0, 0x0, 0x9, 0xff, 0xff, 0xff, 0x9f, 0xff,
    0xff, 0xf0, 0x0, 0x0, 0x0, 0x0, 0x0, 0x9f,
    0xff, 0xff, 0xf9, 0xff, 0xff, 0xff, 0x0, 0x0,
    0x0, 0x0, 0x0, 0x9, 0xff, 0xff, 0xff, 0x9f,
    0xff, 0xff, 0xf0, 0x0, 0x0, 0x0, 0x0, 0x0,
    0x9f, 0xff, 0xff, 0xf9, 0xff, 0xff, 0xff, 0x0,
    0x0, 0x0, 0x0, 0x0, 0x9, 0xff, 0xff, 0xff,
    0x9f, 0xff, 0xff, 0xf0, 0x0, 0x0, 0x0, 0x0,
    0x0, 0x9f, 0xff, 0xff, 0xf8, 0xff, 0xff, 0xff,
    0x0, 0x0, 0x0, 0x0, 0x0, 0xa, 0xff, 0xff,
    0xff, 0x7f, 0xff, 0xff, 0xf2, 0x0, 0x0, 0x0,
    0x0, 0x0, 0xcf, 0xff, 0xff, 0xe6, 0xff, 0xff,
    0xff, 0x70, 0x0, 0x0, 0x0, 0x0, 0x1f, 0xff,
    0xff, 0xfc, 0x2f, 0xff, 0xff, 0xfe, 0x10, 0x0,
    0x0, 0x0, 0xa, 0xff, 0xff, 0xff, 0x80, 0xdf,
    0xff, 0xff, 0xfd, 0x20, 0x0, 0x0, 0x8, 0xff,
    0xff, 0xff, 0xf4, 0x6, 0xff, 0xff, 0xff, 0xff,
    0x94, 0x23, 0x6d, 0xff, 0xff, 0xff, 0xfc, 0x0,
    0xd, 0xff, 0xff, 0xff, 0xff, 0xff, 0xff, 0xff,
    0xff, 0xff, 0xff, 0x40, 0x0, 0x2f, 0xff, 0xff,
    0xff, 0xff, 0xff, 0xff, 0xff, 0xff, 0xff, 0x80,
    0x0, 0x0, 0x3e, 0xff, 0xff, 0xff, 0xff, 0xff,
    0xff, 0xff, 0xff, 0x80, 0x0, 0x0, 0x0, 0x1b,
    0xff, 0xff, 0xff, 0xff, 0xff, 0xff, 0xfe, 0x50,
    0x0, 0x0, 0x0, 0x0, 0x3, 0xae, 0xff, 0xff,
    0xff, 0xff, 0xc6, 0x0, 0x0, 0x0, 0x0, 0x0,
    0x0, 0x0, 0x2, 0x56, 0x77, 0x64, 0x0, 0x0,
    0x0, 0x0, 0x0,

    /* U+0056 "V" */
    0x7f, 0xff, 0xff, 0xfb, 0x0, 0x0, 0x0, 0x0,
    0x0, 0x0, 0xf, 0xff, 0xff, 0xff, 0x22, 0xff,
    0xff, 0xff, 0xf0, 0x0, 0x0, 0x0, 0x0, 0x0,
    0x4, 0xff, 0xff, 0xff, 0xd0, 0xd, 0xff, 0xff,
    0xff, 0x40, 0x0, 0x0, 0x0, 0x0, 0x0, 0x8f,
    0xff, 0xff, 0xf8, 0x0, 0x8f, 0xff, 0xff, 0xf8,
    0x0, 0x0, 0x0, 0x0, 0x0, 0xd, 0xff, 0xff,
    0xff, 0x30, 0x3, 0xff, 0xff, 0xff, 0xd0, 0x0,
    0x0, 0x0, 0x0, 0x2, 0xff, 0xff, 0xff, 0xe0,
    0x0, 0xe, 0xff, 0xff, 0xff, 0x20, 0x0, 0x0,
    0x0, 0x0, 0x6f, 0xff, 0xff, 0xf9, 0x0, 0x0,
    0x9f, 0xff, 0xff, 0xf6, 0x0, 0x0, 0x0, 0x0,
    0xb, 0xff, 0xff, 0xff, 0x40, 0x0, 0x4, 0xff,
    0xff, 0xff, 0xb0, 0x0, 0x0, 0x0, 0x0, 0xff,
    0xff, 0xff, 0xf0, 0x0, 0x0, 0xf, 0xff, 0xff,
    0xff, 0x0, 0x0, 0x0, 0x0, 0x4f, 0xff, 0xff,
    0xfb, 0x0, 0x0, 0x0, 0xaf, 0xff, 0xff, 0xf4,
    0x0, 0x0, 0x0, 0x8, 0xff, 0xff, 0xff, 0x60,
    0x0, 0x0, 0x5, 0xff, 0xff, 0xff, 0x80, 0x0,
    0x0, 0x0, 0xdf, 0xff, 0xff, 0xf1, 0x0, 0x0,
    0x0, 0x1f, 0xff, 0xff, 0xfd, 0x0, 0x0, 0x0,
    0x1f, 0xff, 0xff, 0xfc, 0x0, 0x0, 0x0, 0x0,
    0xbf, 0xff, 0xff, 0xf2, 0x0, 0x0, 0x6, 0xff,
    0xff, 0xff, 0x70, 0x0, 0x0, 0x0, 0x6, 0xff,
    0xff, 0xff, 0x60, 0x0, 0x0, 0xbf, 0xff, 0xff,
    0xf2, 0x0, 0x0, 0x0, 0x0, 0x1f, 0xff, 0xff,
    0xfb, 0x0, 0x0, 0xf, 0xff, 0xff, 0xfd, 0x0,
    0x0, 0x0, 0x0, 0x0, 0xdf, 0xff, 0xff, 0xf0,
    0x0, 0x4, 0xff, 0xff, 0xff, 0x80, 0x0, 0x0,
    0x0, 0x0, 0x8, 0xff, 0xff, 0xff, 0x40, 0x0,
    0x8f, 0xff, 0xff, 0xf3, 0x0, 0x0, 0x0, 0x0,
    0x0, 0x3f, 0xff, 0xff, 0xf8, 0x0, 0xd, 0xff,
    0xff, 0xfe, 0x0, 0x0, 0x0, 0x0, 0x0, 0x0,
    0xef, 0xff, 0xff, 0xd0, 0x1, 0xff, 0xff, 0xff,
    0x90, 0x0, 0x0, 0x0, 0x0, 0x0, 0x9, 0xff,
    0xff, 0xff, 0x10, 0x6f, 0xff, 0xff, 0xf4, 0x0,
    0x0, 0x0, 0x0, 0x0, 0x0, 0x4f, 0xff, 0xff,
    0xf6, 0xb, 0xff, 0xff, 0xff, 0x0, 0x0, 0x0,
    0x0, 0x0, 0x0, 0x0, 0xff, 0xff, 0xff, 0xb0,
    0xff, 0xff, 0xff, 0xb0, 0x0, 0x0, 0x0, 0x0,
    0x0, 0x0, 0xa, 0xff, 0xff, 0xff, 0x4f, 0xff,
    0xff, 0xf6, 0x0, 0x0, 0x0, 0x0, 0x0, 0x0,
    0x0, 0x5f, 0xff, 0xff, 0xfd, 0xff, 0xff, 0xff,
    0x10, 0x0, 0x0, 0x0, 0x0, 0x0, 0x0, 0x0,
    0xff, 0xff, 0xff, 0xff, 0xff, 0xff, 0xc0, 0x0,
    0x0, 0x0, 0x0, 0x0, 0x0, 0x0, 0xb, 0xff,
    0xff, 0xff, 0xff, 0xff, 0xf7, 0x0, 0x0, 0x0,
    0x0, 0x0, 0x0, 0x0, 0x0, 0x6f, 0xff, 0xff,
    0xff, 0xff, 0xff, 0x20, 0x0, 0x0, 0x0, 0x0,
    0x0, 0x0, 0x0, 0x1, 0xff, 0xff, 0xff, 0xff,
    0xff, 0xd0, 0x0, 0x0, 0x0, 0x0,

    /* U+0057 "W" */
    0x4f, 0xff, 0xff, 0xf9, 0x0, 0x0, 0x0, 0x7,
    0xff, 0xff, 0xfc, 0x0, 0x0, 0x0, 0x4, 0xff,
    0xff, 0xff, 0x90, 0xff, 0xff, 0xff, 0xc0, 0x0,
    0x0, 0x0, 0xaf, 0xff, 0xff, 0xf0, 0x0, 0x0,
    0x0, 0x7f, 0xff, 0xff, 0xf5, 0xc, 0xff, 0xff,
    0xff, 0x0, 0x0, 0x0, 0xd, 0xff, 0xff, 0xff,
    0x20, 0x0, 0x0, 0xa, 0xff, 0xff, 0xff, 0x10,
    0x8f, 0xff, 0xff, 0xf2, 0x0, 0x0, 0x0, 0xff,
    0xff, 0xff, 0xf5, 0x0, 0x0, 0x0, 0xdf, 0xff,
    0xff, 0xd0, 0x5, 0xff, 0xff, 0xff, 0x50, 0x0,
    0x0, 0x3f, 0xff, 0xff, 0xff, 0x80, 0x0, 0x0,
    0xf, 0xff, 0xff, 0xfa, 0x0, 0x1f, 0xff, 0xff,
    0xf8, 0x0, 0x0, 0x6, 0xff, 0xff, 0xff, 0xfb,
    0x0, 0x0, 0x3, 0xff, 0xff, 0xff, 0x60, 0x0,
    0xdf, 0xff, 0xff, 0xb0, 0x0, 0x0, 0x9f, 0xff,
    0xff, 0xff, 0xe0, 0x0, 0x0, 0x6f, 0xff, 0xff,
    0xf2, 0x0, 0x9, 0xff, 0xff, 0xfe, 0x0, 0x0,
    0xc, 0xff, 0xff, 0xff, 0xff, 0x10, 0x0, 0x9,
    0xff, 0xff, 0xfe, 0x0, 0x0, 0x5f, 0xff, 0xff,
    0xf1, 0x0, 0x0, 0xff, 0xff, 0xff, 0xff, 0xf4,
    0x0, 0x0, 0xcf, 0xff, 0xff, 0xa0, 0x0, 0x1,
    0xff, 0xff, 0xff, 0x40, 0x0, 0x2f, 0xff, 0xff,
    0xff, 0xff, 0x70, 0x0, 0xf, 0xff, 0xff, 0xf6,
    0x0, 0x0, 0xd, 0xff, 0xff, 0xf7, 0x0, 0x5,
    0xff, 0xff, 0xaf, 0xff, 0xfa, 0x0, 0x2, 0xff,
    0xff, 0xff, 0x20, 0x0, 0x0, 0x9f, 0xff, 0xff,
    0xa0, 0x0, 0x8f, 0xff, 0xf5, 0xff, 0xff, 0xd0,
    0x0, 0x5f, 0xff, 0xff, 0xe0, 0x0, 0x0, 0x5,
    0xff, 0xff, 0xfd, 0x0, 0xb, 0xff, 0xff, 0x2c,
    0xff, 0xff, 0x0, 0x8, 0xff, 0xff, 0xfa, 0x0,
    0x0, 0x0, 0x1f, 0xff, 0xff, 0xf0, 0x0, 0xef,
    0xff, 0xf0, 0xaf, 0xff, 0xf3, 0x0, 0xbf, 0xff,
    0xff, 0x70, 0x0, 0x0, 0x0, 0xef, 0xff, 0xff,
    0x30, 0x1f, 0xff, 0xfc, 0x7, 0xff, 0xff, 0x60,
    0xe, 0xff, 0xff, 0xf3, 0x0, 0x0, 0x0, 0xa,
    0xff, 0xff, 0xf6, 0x4, 0xff, 0xff, 0xa0, 0x4f,
    0xff, 0xf9, 0x1, 0xff, 0xff, 0xff, 0x0, 0x0,
    0x0, 0x0, 0x6f, 0xff, 0xff, 0x90, 0x7f, 0xff,
    0xf7, 0x1, 0xff, 0xff, 0xc0, 0x4f, 0xff, 0xff,
    0xb0, 0x0, 0x0, 0x0, 0x2, 0xff, 0xff, 0xfc,
    0xa, 0xff, 0xff, 0x40, 0xe, 0xff, 0xff, 0x7,
    0xff, 0xff, 0xf7, 0x0, 0x0, 0x0, 0x0, 0xe,
    0xff, 0xff, 0xf0, 0xdf, 0xff, 0xf1, 0x0, 0xcf,
    0xff, 0xf3, 0xaf, 0xff, 0xff, 0x30, 0x0, 0x0,
    0x0, 0x0, 0xaf, 0xff, 0xff, 0x3f, 0xff, 0xfe,
    0x0, 0x9, 0xff, 0xff, 0x6d, 0xff, 0xff, 0xf0,
    0x0, 0x0, 0x0, 0x0, 0x6, 0xff, 0xff, 0xf9,
    0xff, 0xff, 0xb0, 0x0, 0x6f, 0xff, 0xf9, 0xff,
    0xff, 0xfb, 0x0, 0x0, 0x0, 0x0, 0x0, 0x2f,
    0xff, 0xff, 0xff, 0xff, 0xf9, 0x0, 0x4, 0xff,
    0xff, 0xff, 0xff, 0xff, 0x70, 0x0, 0x0, 0x0,
    0x0, 0x0, 0xef, 0xff, 0xff, 0xff, 0xff, 0x60,
    0x0, 0x1f, 0xff, 0xff, 0xff, 0xff, 0xf4, 0x0,
    0x0, 0x0, 0x0, 0x0, 0xb, 0xff, 0xff, 0xff,
    0xff, 0xf3, 0x0, 0x0, 0xef, 0xff, 0xff, 0xff,
    0xff, 0x0, 0x0, 0x0, 0x0, 0x0, 0x0, 0x7f,
    0xff, 0xff, 0xff, 0xff, 0x0, 0x0, 0xb, 0xff,
    0xff, 0xff, 0xff, 0xc0, 0x0, 0x0, 0x0, 0x0,
    0x0, 0x3, 0xff, 0xff, 0xff, 0xff, 0xd0, 0x0,
    0x0, 0x8f, 0xff, 0xff, 0xff, 0xf8, 0x0, 0x0,
    0x0, 0x0, 0x0, 0x0, 0xf, 0xff, 0xff, 0xff,
    0xfb, 0x0, 0x0, 0x6, 0xff, 0xff, 0xff, 0xff,
    0x40, 0x0, 0x0, 0x0, 0x0, 0x0, 0x0, 0xbf,
    0xff, 0xff, 0xff, 0x80, 0x0, 0x0, 0x3f, 0xff,
    0xff, 0xff, 0xf0, 0x0, 0x0, 0x0,

    /* U+0058 "X" */
    0x1e, 0xff, 0xff, 0xff, 0x80, 0x0, 0x0, 0x0,
    0x0, 0x0, 0x4f, 0xff, 0xff, 0xff, 0x30, 0x5f,
    0xff, 0xff, 0xff, 0x30, 0x0, 0x0, 0x0, 0x0,
    0x1e, 0xff, 0xff, 0xff, 0x80, 0x0, 0xaf, 0xff,
    0xff, 0xfd, 0x0, 0x0, 0x0, 0x0, 0xb, 0xff,
    0xff, 0xff, 0xd0, 0x0, 0x0, 0xef, 0xff, 0xff,
    0xf9, 0x0, 0x0, 0x0, 0x6, 0xff, 0xff, 0xff,
    0xf2, 0x0, 0x0, 0x3, 0xff, 0xff, 0xff, 0xf4,
    0x0, 0x0, 0x2, 0xff, 0xff, 0xff, 0xf6, 0x0,
    0x0, 0x0, 0x8, 0xff, 0xff, 0xff, 0xe1, 0x0,
    0x0, 0xcf, 0xff, 0xff, 0xfb, 0x0, 0x0, 0x0,
    0x0, 0xc, 0xff, 0xff, 0xff, 0xa0, 0x0, 0x7f,
    0xff, 0xff, 0xfe, 0x10, 0x0, 0x0, 0x0, 0x0,
    0x2f, 0xff, 0xff, 0xff, 0x50, 0x2f, 0xff, 0xff,
    0xff, 0x50, 0x0, 0x0, 0x0, 0x0, 0x0, 0x6f,
    0xff, 0xff, 0xff, 0x2d, 0xff, 0xff, 0xff, 0xa0,
    0x0, 0x0, 0x0, 0x0, 0x0, 0x0, 0xbf, 0xff,
    0xff, 0xff, 0xff, 0xff, 0xff, 0xd0, 0x0, 0x0,
    0x0, 0x0, 0x0, 0x0, 0x1, 0xef, 0xff, 0xff,
    0xff, 0xff, 0xff, 0xf3, 0x0, 0x0, 0x0, 0x0,
    0x0, 0x0, 0x0, 0x4, 0xff, 0xff, 0xff, 0xff,
    0xff, 0xf8, 0x0, 0x0, 0x0, 0x0, 0x0, 0x0,
    0x0, 0x0, 0x9, 0xff, 0xff, 0xff, 0xff, 0xfc,
    0x0, 0x0, 0x0, 0x0, 0x0, 0x0, 0x0, 0x0,
    0x0, 0xd, 0xff, 0xff, 0xff, 0xff, 0x20, 0x0,
    0x0, 0x0, 0x0, 0x0, 0x0, 0x0, 0x0, 0x0,
    0xbf, 0xff, 0xff, 0xff, 0xe1, 0x0, 0x0, 0x0,
    0x0, 0x0, 0x0, 0x0, 0x0, 0x0, 0x6f, 0xff,
    0xff, 0xff, 0xff, 0xa0, 0x0, 0x0, 0x0, 0x0,
    0x0, 0x0, 0x0, 0x0, 0x2f, 0xff, 0xff, 0xff,
    0xff, 0xff, 0x50, 0x0, 0x0, 0x0, 0x0, 0x0,
    0x0, 0x0, 0xc, 0xff, 0xff, 0xff, 0xff, 0xff,
    0xff, 0x10, 0x0, 0x0, 0x0, 0x0, 0x0, 0x0,
    0x8, 0xff, 0xff, 0xff, 0xff, 0xff, 0xff, 0xfc,
    0x0, 0x0, 0x0, 0x0, 0x0, 0x0, 0x3, 0xff,
    0xff, 0xff, 0xf6, 0xff, 0xff, 0xff, 0xf7, 0x0,
    0x0, 0x0, 0x0, 0x0, 0x0, 0xdf, 0xff, 0xff,
    0xf9, 0x5, 0xff, 0xff, 0xff, 0xf3, 0x0, 0x0,
    0x0, 0x0, 0x0, 0xaf, 0xff, 0xff, 0xfd, 0x0,
    0xa, 0xff, 0xff, 0xff, 0xd0, 0x0, 0x0, 0x0,
    0x0, 0x5f, 0xff, 0xff, 0xff, 0x30, 0x0, 0x1e,
    0xff, 0xff, 0xff, 0x90, 0x0, 0x0, 0x0, 0x1e,
    0xff, 0xff, 0xff, 0x80, 0x0, 0x0, 0x5f, 0xff,
    0xff, 0xff, 0x40, 0x0, 0x0, 0xb, 0xff, 0xff,
    0xff, 0xc0, 0x0, 0x0, 0x0, 0xaf, 0xff, 0xff,
    0xfe, 0x10, 0x0, 0x7, 0xff, 0xff, 0xff, 0xf2,
    0x0, 0x0, 0x0, 0x0, 0xef, 0xff, 0xff, 0xfa,
    0x0, 0x2, 0xff, 0xff, 0xff, 0xf7, 0x0, 0x0,
    0x0, 0x0, 0x4, 0xff, 0xff, 0xff, 0xf6, 0x0,
    0xdf, 0xff, 0xff, 0xfc, 0x0, 0x0, 0x0, 0x0,
    0x0, 0x9, 0xff, 0xff, 0xff, 0xf2,

    /* U+0059 "Y" */
    0x5f, 0xff, 0xff, 0xfe, 0x0, 0x0, 0x0, 0x0,
    0x1, 0xff, 0xff, 0xff, 0xf3, 0xc, 0xff, 0xff,
    0xff, 0x60, 0x0, 0x0, 0x0, 0x8, 0xff, 0xff,
    0xff, 0xa0, 0x3, 0xff, 0xff, 0xff, 0xe0, 0x0,
    0x0, 0x0, 0xe, 0xff, 0xff, 0xff, 0x20, 0x0,
    0xaf, 0xff, 0xff, 0xf6, 0x0, 0x0, 0x0, 0x7f,
    0xff, 0xff, 0xf9, 0x0, 0x0, 0x2f, 0xff, 0xff,
    0xfd, 0x0, 0x0, 0x0, 0xef, 0xff, 0xff, 0xf1,
    0x0, 0x0, 0x8, 0xff, 0xff, 0xff, 0x60, 0x0,
    0x7, 0xff, 0xff, 0xff, 0x70, 0x0, 0x0, 0x1,
    0xef, 0xff, 0xff, 0xd0, 0x0, 0xe, 0xff, 0xff,
    0xfe, 0x0, 0x0, 0x0, 0x0, 0x6f, 0xff, 0xff,
    0xf5, 0x0, 0x7f, 0xff, 0xff, 0xf5, 0x0, 0x0,
    0x0, 0x0, 0xd, 0xff, 0xff, 0xfd, 0x0, 0xef,
    0xff, 0xff, 0xc0, 0x0, 0x0, 0x0, 0x0, 0x5,
    0xff, 0xff, 0xff, 0x56, 0xff, 0xff, 0xff, 0x30,
    0x0, 0x0, 0x0, 0x0, 0x0, 0xcf, 0xff, 0xff,
    0xde, 0xff, 0xff, 0xfb, 0x0, 0x0, 0x0, 0x0,
    0x0, 0x0, 0x3f, 0xff, 0xff, 0xff, 0xff, 0xff,
    0xf2, 0x0, 0x0, 0x0, 0x0, 0x0, 0x0, 0xa,
    0xff, 0xff, 0xff, 0xff, 0xff, 0x90, 0x0, 0x0,
    0x0, 0x0, 0x0, 0x0, 0x2, 0xff, 0xff, 0xff,
    0xff, 0xff, 0x10, 0x0, 0x0, 0x0, 0x0, 0x0,
    0x0, 0x0, 0x8f, 0xff, 0xff, 0xff, 0xf7, 0x0,
    0x0, 0x0, 0x0, 0x0, 0x0, 0x0, 0x0, 0x1e,
    0xff, 0xff, 0xff, 0xe0, 0x0, 0x0, 0x0, 0x0,
    0x0, 0x0, 0x0, 0x0, 0x7, 0xff, 0xff, 0xff,
    0x60, 0x0, 0x0, 0x0, 0x0, 0x0, 0x0, 0x0,
    0x0, 0x5, 0xff, 0xff, 0xff, 0x40, 0x0, 0x0,
    0x0, 0x0, 0x0, 0x0, 0x0, 0x0, 0x5, 0xff,
    0xff, 0xff, 0x40, 0x0, 0x0, 0x0, 0x0, 0x0,
    0x0, 0x0, 0x0, 0x5, 0xff, 0xff, 0xff, 0x40,
    0x0, 0x0, 0x0, 0x0, 0x0, 0x0, 0x0, 0x0,
    0x5, 0xff, 0xff, 0xff, 0x40, 0x0, 0x0, 0x0,
    0x0, 0x0, 0x0, 0x0, 0x0, 0x5, 0xff, 0xff,
    0xff, 0x40, 0x0, 0x0, 0x0, 0x0, 0x0, 0x0,
    0x0, 0x0, 0x5, 0xff, 0xff, 0xff, 0x40, 0x0,
    0x0, 0x0, 0x0, 0x0, 0x0, 0x0, 0x0, 0x5,
    0xff, 0xff, 0xff, 0x40, 0x0, 0x0, 0x0, 0x0,
    0x0, 0x0, 0x0, 0x0, 0x5, 0xff, 0xff, 0xff,
    0x40, 0x0, 0x0, 0x0, 0x0, 0x0, 0x0, 0x0,
    0x0, 0x5, 0xff, 0xff, 0xff, 0x40, 0x0, 0x0,
    0x0, 0x0, 0x0, 0x0, 0x0, 0x0, 0x5, 0xff,
    0xff, 0xff, 0x40, 0x0, 0x0, 0x0, 0x0, 0x0,
    0x0, 0x0, 0x0, 0x5, 0xff, 0xff, 0xff, 0x40,
    0x0, 0x0, 0x0, 0x0,

    /* U+005A "Z" */
    0xf, 0xff, 0xff, 0xff, 0xff, 0xff, 0xff, 0xff,
    0xff, 0xff, 0xff, 0xf8, 0xf, 0xff, 0xff, 0xff,
    0xff, 0xff, 0xff, 0xff, 0xff, 0xff, 0xff, 0xf8,
    0xf, 0xff, 0xff, 0xff, 0xff, 0xff, 0xff, 0xff,
    0xff, 0xff, 0xff, 0xf8, 0xf, 0xff, 0xff, 0xff,
    0xff, 0xff, 0xff, 0xff, 0xff, 0xff, 0xff, 0xf8,
    0xf, 0xff, 0xff, 0xff, 0xff, 0xff, 0xff, 0xff,
    0xff, 0xff, 0xff, 0xf8, 0x5, 0x55, 0x55, 0x55,
    0x55, 0x55, 0x55, 0x5e, 0xff, 0xff, 0xff, 0xf5,
    0x0, 0x0, 0x0, 0x0, 0x0, 0x0, 0x0, 0x9f,
    0xff, 0xff, 0xff, 0x80, 0x0, 0x0, 0x0, 0x0,
    0x0, 0x0, 0x7, 0xff, 0xff, 0xff, 0xfa, 0x0,
    0x0, 0x0, 0x0, 0x0, 0x0, 0x0, 0x5f, 0xff,
    0xff, 0xff, 0xc0, 0x0, 0x0, 0x0, 0x0, 0x0,
    0x0, 0x3, 0xff, 0xff, 0xff, 0xfe, 0x10, 0x0,
    0x0, 0x0, 0x0, 0x0, 0x0, 0x2e, 0xff, 0xff,
    0xff, 0xf2, 0x0, 0x0, 0x0, 0x0, 0x0, 0x0,
    0x1, 0xdf, 0xff, 0xff, 0xff, 0x40, 0x0, 0x0,
    0x0, 0x0, 0x0, 0x0, 0xc, 0xff, 0xff, 0xff,
    0xf6, 0x0, 0x0, 0x0, 0x0, 0x0, 0x0, 0x0,
    0xaf, 0xff, 0xff, 0xff, 0x80, 0x0, 0x0, 0x0,
    0x0, 0x0, 0x0, 0x8, 0xff, 0xff, 0xff, 0xfb,
    0x0, 0x0, 0x0, 0x0, 0x0, 0x0, 0x0, 0x6f,
    0xff, 0xff, 0xff, 0xc0, 0x0, 0x0, 0x0, 0x0,
    0x0, 0x0, 0x4, 0xff, 0xff, 0xff, 0xfe, 0x10,
    0x0, 0x0, 0x0, 0x0, 0x0, 0x0, 0x3f, 0xff,
    0xff, 0xff, 0xf3, 0x0, 0x0, 0x0, 0x0, 0x0,
    0x0, 0x1, 0xef, 0xff, 0xff, 0xff, 0x50, 0x0,
    0x0, 0x0, 0x0, 0x0, 0x0, 0xd, 0xff, 0xff,
    0xff, 0xf7, 0x0, 0x0, 0x0, 0x0, 0x0, 0x0,
    0x0, 0xbf, 0xff, 0xff, 0xff, 0x90, 0x0, 0x0,
    0x0, 0x0, 0x0, 0x0, 0x9, 0xff, 0xff, 0xff,
    0xfb, 0x0, 0x0, 0x0, 0x0, 0x0, 0x0, 0x0,
    0x6f, 0xff, 0xff, 0xff, 0xf7, 0x66, 0x66, 0x66,
    0x66, 0x66, 0x66, 0x65, 0x9f, 0xff, 0xff, 0xff,
    0xff, 0xff, 0xff, 0xff, 0xff, 0xff, 0xff, 0xfe,
    0x9f, 0xff, 0xff, 0xff, 0xff, 0xff, 0xff, 0xff,
    0xff, 0xff, 0xff, 0xfe, 0x9f, 0xff, 0xff, 0xff,
    0xff, 0xff, 0xff, 0xff, 0xff, 0xff, 0xff, 0xfe,
    0x9f, 0xff, 0xff, 0xff, 0xff, 0xff, 0xff, 0xff,
    0xff, 0xff, 0xff, 0xfe, 0x9f, 0xff, 0xff, 0xff,
    0xff, 0xff, 0xff, 0xff, 0xff, 0xff, 0xff, 0xfe,

    /* U+005B "[" */
    0x3f, 0xff, 0xff, 0xff, 0xff, 0x53, 0xff, 0xff,
    0xff, 0xff, 0xf5, 0x3f, 0xff, 0xff, 0xff, 0xff,
    0x53, 0xff, 0xff, 0xff, 0xff, 0xf5, 0x3f, 0xff,
    0xff, 0xff, 0xff, 0x53, 0xff, 0xff, 0xfe, 0xcc,
    0xc4, 0x3f, 0xff, 0xff, 0x90, 0x0, 0x3, 0xff,
    0xff, 0xf9, 0x0, 0x0, 0x3f, 0xff, 0xff, 0x90,
    0x0, 0x3, 0xff, 0xff, 0xf9, 0x0, 0x0, 0x3f,
    0xff, 0xff, 0x90, 0x0, 0x3, 0xff, 0xff, 0xf9,
    0x0, 0x0, 0x3f, 0xff, 0xff, 0x90, 0x0, 0x3,
    0xff, 0xff, 0xf9, 0x0, 0x0, 0x3f, 0xff, 0xff,
    0x90, 0x0, 0x3, 0xff, 0xff, 0xf9, 0x0, 0x0,
    0x3f, 0xff, 0xff, 0x90, 0x0, 0x3, 0xff, 0xff,
    0xf9, 0x0, 0x0, 0x3f, 0xff, 0xff, 0x90, 0x0,
    0x3, 0xff, 0xff, 0xf9, 0x0, 0x0, 0x3f, 0xff,
    0xff, 0x90, 0x0, 0x3, 0xff, 0xff, 0xf9, 0x0,
    0x0, 0x3f, 0xff, 0xff, 0x90, 0x0, 0x3, 0xff,
    0xff, 0xf9, 0x0, 0x0, 0x3f, 0xff, 0xff, 0x90,
    0x0, 0x3, 0xff, 0xff, 0xf9, 0x0, 0x0, 0x3f,
    0xff, 0xff, 0x90, 0x0, 0x3, 0xff, 0xff, 0xf9,
    0x0, 0x0, 0x3f, 0xff, 0xff, 0x90, 0x0, 0x3,
    0xff, 0xff, 0xf9, 0x0, 0x0, 0x3f, 0xff, 0xff,
    0x90, 0x0, 0x3, 0xff, 0xff, 0xf9, 0x0, 0x0,
    0x3f, 0xff, 0xff, 0xec, 0xcc, 0x43, 0xff, 0xff,
    0xff, 0xff, 0xf5, 0x3f, 0xff, 0xff, 0xff, 0xff,
    0x53, 0xff, 0xff, 0xff, 0xff, 0xf5, 0x3f, 0xff,
    0xff, 0xff, 0xff, 0x53, 0xff, 0xff, 0xff, 0xff,
    0xf5,

    /* U+005C "\\" */
    0x3f, 0xff, 0xfe, 0x0, 0x0, 0x0, 0x0, 0x0,
    0x0, 0x0, 0xd, 0xff, 0xff, 0x50, 0x0, 0x0,
    0x0, 0x0, 0x0, 0x0, 0x6, 0xff, 0xff, 0xb0,
    0x0, 0x0, 0x0, 0x0, 0x0, 0x0, 0x0, 0xff,
    0xff, 0xf2, 0x0, 0x0, 0x0, 0x0, 0x0, 0x0,
    0x0, 0x9f, 0xff, 0xf9, 0x0, 0x0, 0x0, 0x0,
    0x0, 0x0, 0x0, 0x2f, 0xff, 0xfe, 0x0, 0x0,
    0x0, 0x0, 0x0, 0x0, 0x0, 0xc, 0xff, 0xff,
    0x60, 0x0, 0x0, 0x0, 0x0, 0x0, 0x0, 0x5,
    0xff, 0xff, 0xc0, 0x0, 0x0, 0x0, 0x0, 0x0,
    0x0, 0x0, 0xef, 0xff, 0xf3, 0x0, 0x0, 0x0,
    0x0, 0x0, 0x0, 0x0, 0x8f, 0xff, 0xf9, 0x0,
    0x0, 0x0, 0x0, 0x0, 0x0, 0x0, 0x2f, 0xff,
    0xff, 0x10, 0x0, 0x0, 0x0, 0x0, 0x0, 0x0,
    0xb, 0xff, 0xff, 0x70, 0x0, 0x0, 0x0, 0x0,
    0x0, 0x0, 0x4, 0xff, 0xff, 0xd0, 0x0, 0x0,
    0x0, 0x0, 0x0, 0x0, 0x0, 0xef, 0xff, 0xf4,
    0x0, 0x0, 0x0, 0x0, 0x0, 0x0, 0x0, 0x7f,
    0xff, 0xfa, 0x0, 0x0, 0x0, 0x0, 0x0, 0x0,
    0x0, 0x1f, 0xff, 0xff, 0x10, 0x0, 0x0, 0x0,
    0x0, 0x0, 0x0, 0xa, 0xff, 0xff, 0x70, 0x0,
    0x0, 0x0, 0x0, 0x0, 0x0, 0x4, 0xff, 0xff,
    0xe0, 0x0, 0x0, 0x0, 0x0, 0x0, 0x0, 0x0,
    0xdf, 0xff, 0xf5, 0x0, 0x0, 0x0, 0x0, 0x0,
    0x0, 0x0, 0x6f, 0xff, 0xfb, 0x0, 0x0, 0x0,
    0x0, 0x0, 0x0, 0x0, 0x1f, 0xff, 0xff, 0x20,
    0x0, 0x0, 0x0, 0x0, 0x0, 0x0, 0x9, 0xff,
    0xff, 0x80, 0x0, 0x0, 0x0, 0x0, 0x0, 0x0,
    0x3, 0xff, 0xff, 0xe0, 0x0, 0x0, 0x0, 0x0,
    0x0, 0x0, 0x0, 0xcf, 0xff, 0xf5, 0x0, 0x0,
    0x0, 0x0, 0x0, 0x0, 0x0, 0x6f, 0xff, 0xfc,
    0x0, 0x0, 0x0, 0x0, 0x0, 0x0, 0x0, 0xe,
    0xff, 0xff, 0x30, 0x0, 0x0, 0x0, 0x0, 0x0,
    0x0, 0x9, 0xff, 0xff, 0x90, 0x0, 0x0, 0x0,
    0x0, 0x0, 0x0, 0x2, 0xff, 0xff, 0xf0, 0x0,
    0x0, 0x0, 0x0, 0x0, 0x0, 0x0, 0xbf, 0xff,
    0xf6, 0x0, 0x0, 0x0, 0x0, 0x0, 0x0, 0x0,
    0x5f, 0xff, 0xfd, 0x0, 0x0, 0x0, 0x0, 0x0,
    0x0, 0x0, 0xe, 0xff, 0xff, 0x30, 0x0, 0x0,
    0x0, 0x0, 0x0, 0x0, 0x8, 0xff, 0xff, 0xa0,
    0x0, 0x0, 0x0, 0x0, 0x0, 0x0, 0x1, 0xff,
    0xff, 0xf1, 0x0, 0x0, 0x0, 0x0, 0x0, 0x0,
    0x0, 0xbf, 0xff, 0xf7,

    /* U+005D "]" */
    0x2f, 0xff, 0xff, 0xff, 0xff, 0x72, 0xff, 0xff,
    0xff, 0xff, 0xf7, 0x2f, 0xff, 0xff, 0xff, 0xff,
    0x72, 0xff, 0xff, 0xff, 0xff, 0xf7, 0x2f, 0xff,
    0xff, 0xff, 0xff, 0x71, 0xcc, 0xce, 0xff, 0xff,
    0xf7, 0x0, 0x0, 0x6f, 0xff, 0xff, 0x70, 0x0,
    0x6, 0xff, 0xff, 0xf7, 0x0, 0x0, 0x6f, 0xff,
    0xff, 0x70, 0x0, 0x6, 0xff, 0xff, 0xf7, 0x0,
    0x0, 0x6f, 0xff, 0xff, 0x70, 0x0, 0x6, 0xff,
    0xff, 0xf7, 0x0, 0x0, 0x6f, 0xff, 0xff, 0x70,
    0x0, 0x6, 0xff, 0xff, 0xf7, 0x0, 0x0, 0x6f,
    0xff, 0xff, 0x70, 0x0, 0x6, 0xff, 0xff, 0xf7,
    0x0, 0x0, 0x6f, 0xff, 0xff, 0x70, 0x0, 0x6,
    0xff, 0xff, 0xf7, 0x0, 0x0, 0x6f, 0xff, 0xff,
    0x70, 0x0, 0x6, 0xff, 0xff, 0xf7, 0x0, 0x0,
    0x6f, 0xff, 0xff, 0x70, 0x0, 0x6, 0xff, 0xff,
    0xf7, 0x0, 0x0, 0x6f, 0xff, 0xff, 0x70, 0x0,
    0x6, 0xff, 0xff, 0xf7, 0x0, 0x0, 0x6f, 0xff,
    0xff, 0x70, 0x0, 0x6, 0xff, 0xff, 0xf7, 0x0,
    0x0, 0x6f, 0xff, 0xff, 0x70, 0x0, 0x6, 0xff,
    0xff, 0xf7, 0x0, 0x0, 0x6f, 0xff, 0xff, 0x70,
    0x0, 0x6, 0xff, 0xff, 0xf7, 0x0, 0x0, 0x6f,
    0xff, 0xff, 0x70, 0x0, 0x6, 0xff, 0xff, 0xf7,
    0x1c, 0xcc, 0xef, 0xff, 0xff, 0x72, 0xff, 0xff,
    0xff, 0xff, 0xf7, 0x2f, 0xff, 0xff, 0xff, 0xff,
    0x72, 0xff, 0xff, 0xff, 0xff, 0xf7, 0x2f, 0xff,
    0xff, 0xff, 0xff, 0x72, 0xff, 0xff, 0xff, 0xff,
    0xf7,

    /* U+005E "^" */
    0x0, 0x0, 0x0, 0xbf, 0xff, 0xff, 0xe0, 0x0,
    0x0, 0x0, 0x0, 0x0, 0x2f, 0xff, 0xff, 0xff,
    0x40, 0x0, 0x0, 0x0, 0x0, 0x8, 0xff, 0xff,
    0xff, 0xfb, 0x0, 0x0, 0x0, 0x0, 0x0, 0xef,
    0xff, 0xff, 0xff, 0xf2, 0x0, 0x0, 0x0, 0x0,
    0x5f, 0xff, 0xfd, 0xff, 0xff, 0x80, 0x0, 0x0,
    0x0, 0xc, 0xff, 0xff, 0x3f, 0xff, 0xfe, 0x0,
    0x0, 0x0, 0x2, 0xff, 0xff, 0xc0, 0x9f, 0xff,
    0xf5, 0x0, 0x0, 0x0, 0x9f, 0xff, 0xf6, 0x3,
    0xff, 0xff, 0xc0, 0x0, 0x0, 0xf, 0xff, 0xff,
    0x0, 0xd, 0xff, 0xff, 0x20, 0x0, 0x6, 0xff,
    0xff, 0xa0, 0x0, 0x6f, 0xff, 0xf9, 0x0, 0x0,
    0xcf, 0xff, 0xf3, 0x0, 0x1, 0xff, 0xff, 0xf0,
    0x0, 0x3f, 0xff, 0xfd, 0x0, 0x0, 0xa, 0xff,
    0xff, 0x60, 0x9, 0xff, 0xff, 0x70, 0x0, 0x0,
    0x4f, 0xff, 0xfd, 0x1, 0xff, 0xff, 0xf1, 0x0,
    0x0, 0x0, 0xef, 0xff, 0xf3, 0x7f, 0xff, 0xfb,
    0x0, 0x0, 0x0, 0x8, 0xff, 0xff, 0xa0,

    /* U+005F "_" */
    0xff, 0xff, 0xff, 0xff, 0xff, 0xff, 0xff, 0xff,
    0xff, 0xff, 0xff, 0xff, 0xff, 0xff, 0xff, 0xff,
    0xff, 0xff, 0xff, 0xff, 0xff, 0xff, 0xff, 0xff,
    0xff, 0xff, 0xff, 0xff, 0xff, 0xff, 0xff, 0xff,
    0xff, 0xff, 0xff, 0xff, 0xff, 0xff, 0xff, 0xff,

    /* U+0060 "`" */
    0x29, 0x99, 0x99, 0x80, 0x0, 0x0, 0x5f, 0xff,
    0xff, 0x70, 0x0, 0x0, 0x5f, 0xff, 0xff, 0x20,
    0x0, 0x0, 0x4f, 0xff, 0xfc, 0x0, 0x0, 0x0,
    0x3f, 0xff, 0xf6, 0x0, 0x0, 0x0, 0x3e, 0xff,
    0xf2,

    /* U+0061 "a" */
    0x0, 0x0, 0x0, 0x2, 0x67, 0x75, 0x10, 0x0,
    0x0, 0x0, 0x0, 0x0, 0x0, 0x0, 0x6d, 0xff,
    0xff, 0xff, 0xa3, 0xaf, 0xff, 0xff, 0xc0, 0x0,
    0x2, 0xcf, 0xff, 0xff, 0xff, 0xff, 0xfe, 0xff,
    0xff, 0xfc, 0x0, 0x1, 0xef, 0xff, 0xff, 0xff,
    0xff, 0xff, 0xff, 0xff, 0xff, 0xc0, 0x0, 0xcf,
    0xff, 0xff, 0xff, 0xff, 0xff, 0xff, 0xff, 0xff,
    0xfc, 0x0, 0x6f, 0xff, 0xff, 0xff, 0xb5, 0x23,
    0x7e, 0xff, 0xff, 0xff, 0xc0, 0xd, 0xff, 0xff,
    0xff, 0x70, 0x0, 0x0, 0xc, 0xff, 0xff, 0xfc,
    0x3, 0xff, 0xff, 0xff, 0x80, 0x0, 0x0, 0x0,
    0x2f, 0xff, 0xff, 0xc0, 0x7f, 0xff, 0xff, 0xf0,
    0x0, 0x0, 0x0, 0x2, 0xff, 0xff, 0xfc, 0xa,
    0xff, 0xff, 0xf9, 0x0, 0x0, 0x0, 0x0, 0x2f,
    0xff, 0xff, 0xc0, 0xcf, 0xff, 0xff, 0x60, 0x0,
    0x0, 0x0, 0x2, 0xff, 0xff, 0xfc, 0xc, 0xff,
    0xff, 0xf5, 0x0, 0x0, 0x0, 0x0, 0x2f, 0xff,
    0xff, 0xc0, 0xcf, 0xff, 0xff, 0x60, 0x0, 0x0,
    0x0, 0x2, 0xff, 0xff, 0xfc, 0xa, 0xff, 0xff,
    0xf9, 0x0, 0x0, 0x0, 0x0, 0x2f, 0xff, 0xff,
    0xc0, 0x8f, 0xff, 0xff, 0xe0, 0x0, 0x0, 0x0,
    0x2, 0xff, 0xff, 0xfc, 0x3, 0xff, 0xff, 0xff,
    0x80, 0x0, 0x0, 0x0, 0x2f, 0xff, 0xff, 0xc0,
    0xe, 0xff, 0xff, 0xff, 0x60, 0x0, 0x0, 0xc,
    0xff, 0xff, 0xfc, 0x0, 0x6f, 0xff, 0xff, 0xff,
    0xb4, 0x12, 0x6d, 0xff, 0xff, 0xff, 0xc0, 0x0,
    0xcf, 0xff, 0xff, 0xff, 0xff, 0xff, 0xff, 0xff,
    0xff, 0xfd, 0x0, 0x2, 0xef, 0xff, 0xff, 0xff,
    0xff, 0xff, 0xff, 0xff, 0xff, 0xe0, 0x0, 0x2,
    0xcf, 0xff, 0xff, 0xff, 0xff, 0xfe, 0xff, 0xff,
    0xff, 0x10, 0x0, 0x0, 0x6d, 0xff, 0xff, 0xff,
    0xe8, 0xa, 0xff, 0xff, 0xf6, 0x0, 0x0, 0x0,
    0x2, 0x57, 0x76, 0x30, 0x0, 0x0, 0x0, 0x0,
    0x0,

    /* U+0062 "b" */
    0xf, 0xff, 0xff, 0xf6, 0x0, 0x0, 0x0, 0x0,
    0x0, 0x0, 0x0, 0x0, 0xff, 0xff, 0xff, 0x60,
    0x0, 0x0, 0x0, 0x0, 0x0, 0x0, 0x0, 0xf,
    0xff, 0xff, 0xf6, 0x0, 0x0, 0x0, 0x0, 0x0,
    0x0, 0x0, 0x0, 0xff, 0xff, 0xff, 0x60, 0x0,
    0x0, 0x0, 0x0, 0x0, 0x0, 0x0, 0xf, 0xff,
    0xff, 0xf6, 0x0, 0x0, 0x0, 0x0, 0x0, 0x0,
    0x0, 0x0, 0xff, 0xff, 0xff, 0x60, 0x0, 0x0,
    0x0, 0x0, 0x0, 0x0, 0x0, 0xf, 0xff, 0xff,
    0xf6, 0x0, 0x0, 0x0, 0x0, 0x0, 0x0, 0x0,
    0x0, 0xff, 0xff, 0xff, 0x60, 0x0, 0x0, 0x0,
    0x0, 0x0, 0x0, 0x0, 0xf, 0xff, 0xff, 0xf6,
    0x0, 0x0, 0x0, 0x0, 0x0, 0x0, 0x0, 0x0,
    0xff, 0xff, 0xff, 0x60, 0x2, 0x67, 0x75, 0x20,
    0x0, 0x0, 0x0, 0xf, 0xff, 0xff, 0xf6, 0x5c,
    0xff, 0xff, 0xff, 0xc4, 0x0, 0x0, 0x0, 0xff,
    0xff, 0xff, 0xef, 0xff, 0xff, 0xff, 0xff, 0xfa,
    0x0, 0x0, 0xf, 0xff, 0xff, 0xff, 0xff, 0xff,
    0xff, 0xff, 0xff, 0xfb, 0x0, 0x0, 0xff, 0xff,
    0xff, 0xff, 0xff, 0xff, 0xff, 0xff, 0xff, 0xf9,
    0x0, 0xf, 0xff, 0xff, 0xff, 0xb5, 0x22, 0x5c,
    0xff, 0xff, 0xff, 0xf2, 0x0, 0xff, 0xff, 0xff,
    0x80, 0x0, 0x0, 0x9, 0xff, 0xff, 0xff, 0x90,
    0xf, 0xff, 0xff, 0xc0, 0x0, 0x0, 0x0, 0xc,
    0xff, 0xff, 0xff, 0x0, 0xff, 0xff, 0xfb, 0x0,
    0x0, 0x0, 0x0, 0x3f, 0xff, 0xff, 0xf3, 0xf,
    0xff, 0xff, 0xb0, 0x0, 0x0, 0x0, 0x0, 0xdf,
    0xff, 0xff, 0x60, 0xff, 0xff, 0xfb, 0x0, 0x0,
    0x0, 0x0, 0xa, 0xff, 0xff, 0xf8, 0xf, 0xff,
    0xff, 0xb0, 0x0, 0x0, 0x0, 0x0, 0x9f, 0xff,
    0xff, 0x80, 0xff, 0xff, 0xfb, 0x0, 0x0, 0x0,
    0x0, 0xa, 0xff, 0xff, 0xf8, 0xf, 0xff, 0xff,
    0xb0, 0x0, 0x0, 0x0, 0x0, 0xdf, 0xff, 0xff,
    0x60, 0xff, 0xff, 0xfb, 0x0, 0x0, 0x0, 0x0,
    0x3f, 0xff, 0xff, 0xf4, 0xf, 0xff, 0xff, 0xc0,
    0x0, 0x0, 0x0, 0xc, 0xff, 0xff, 0xff, 0x0,
    0xff, 0xff, 0xff, 0x60, 0x0, 0x0, 0x9, 0xff,
    0xff, 0xff, 0xa0, 0xf, 0xff, 0xff, 0xff, 0xa4,
    0x11, 0x4c, 0xff, 0xff, 0xff, 0xf3, 0x0, 0xff,
    0xff, 0xff, 0xff, 0xff, 0xff, 0xff, 0xff, 0xff,
    0xf9, 0x0, 0x2f, 0xff, 0xff, 0xff, 0xff, 0xff,
    0xff, 0xff, 0xff, 0xfc, 0x0, 0x5, 0xff, 0xff,
    0xfd, 0xff, 0xff, 0xff, 0xff, 0xff, 0xfb, 0x0,
    0x0, 0xaf, 0xff, 0xff, 0x62, 0x9f, 0xff, 0xff,
    0xff, 0xc5, 0x0, 0x0, 0x0, 0x0, 0x0, 0x0,
    0x0, 0x4, 0x67, 0x75, 0x20, 0x0, 0x0, 0x0,

    /* U+0063 "c" */
    0x0, 0x0, 0x0, 0x0, 0x3, 0x67, 0x77, 0x53,
    0x0, 0x0, 0x0, 0x0, 0x4, 0xbf, 0xff, 0xff,
    0xff, 0xff, 0xc5, 0x0, 0x0, 0x2c, 0xff, 0xff,
    0xff, 0xff, 0xff, 0xff, 0xb0, 0x0, 0x5f, 0xff,
    0xff, 0xff, 0xff, 0xff, 0xff, 0xfb, 0x0, 0x4f,
    0xff, 0xff, 0xff, 0xff, 0xff, 0xff, 0xff, 0xb0,
    0x1e, 0xff, 0xff, 0xff, 0xfe, 0xb8, 0x78, 0xac,
    0xfb, 0x9, 0xff, 0xff, 0xff, 0xd5, 0x0, 0x0,
    0x0, 0x1, 0x41, 0xff, 0xff, 0xff, 0xc1, 0x0,
    0x0, 0x0, 0x0, 0x0, 0x6f, 0xff, 0xff, 0xf2,
    0x0, 0x0, 0x0, 0x0, 0x0, 0x9, 0xff, 0xff,
    0xfb, 0x0, 0x0, 0x0, 0x0, 0x0, 0x0, 0xbf,
    0xff, 0xff, 0x80, 0x0, 0x0, 0x0, 0x0, 0x0,
    0xc, 0xff, 0xff, 0xf6, 0x0, 0x0, 0x0, 0x0,
    0x0, 0x0, 0xbf, 0xff, 0xff, 0x70, 0x0, 0x0,
    0x0, 0x0, 0x0, 0xa, 0xff, 0xff, 0xfb, 0x0,
    0x0, 0x0, 0x0, 0x0, 0x0, 0x6f, 0xff, 0xff,
    0xf4, 0x0, 0x0, 0x0, 0x0, 0x0, 0x1, 0xff,
    0xff, 0xff, 0xf4, 0x0, 0x0, 0x0, 0x0, 0x0,
    0x9, 0xff, 0xff, 0xff, 0xfa, 0x20, 0x0, 0x0,
    0x4, 0xc0, 0x1e, 0xff, 0xff, 0xff, 0xff, 0xda,
    0x99, 0xbe, 0xff, 0x0, 0x3f, 0xff, 0xff, 0xff,
    0xff, 0xff, 0xff, 0xff, 0xf0, 0x0, 0x3e, 0xff,
    0xff, 0xff, 0xff, 0xff, 0xff, 0xff, 0x0, 0x0,
    0x1a, 0xff, 0xff, 0xff, 0xff, 0xff, 0xff, 0xf0,
    0x0, 0x0, 0x2, 0x9e, 0xff, 0xff, 0xff, 0xff,
    0xc7, 0x0, 0x0, 0x0, 0x0, 0x2, 0x57, 0x77,
    0x63, 0x0, 0x0,

    /* U+0064 "d" */
    0x0, 0x0, 0x0, 0x0, 0x0, 0x0, 0x0, 0xa,
    0xff, 0xff, 0xfc, 0x0, 0x0, 0x0, 0x0, 0x0,
    0x0, 0x0, 0x0, 0xaf, 0xff, 0xff, 0xc0, 0x0,
    0x0, 0x0, 0x0, 0x0, 0x0, 0x0, 0xa, 0xff,
    0xff, 0xfc, 0x0, 0x0, 0x0, 0x0, 0x0, 0x0,
    0x0, 0x0, 0xaf, 0xff, 0xff, 0xc0, 0x0, 0x0,
    0x0, 0x0, 0x0, 0x0, 0x0, 0xa, 0xff, 0xff,
    0xfc, 0x0, 0x0, 0x0, 0x0, 0x0, 0x0, 0x0,
    0x0, 0xaf, 0xff, 0xff, 0xc0, 0x0, 0x0, 0x0,
    0x0, 0x0, 0x0, 0x0, 0xa, 0xff, 0xff, 0xfc,
    0x0, 0x0, 0x0, 0x0, 0x0, 0x0, 0x0, 0x0,
    0xaf, 0xff, 0xff, 0xc0, 0x0, 0x0, 0x0, 0x0,
    0x0, 0x0, 0x0, 0xa, 0xff, 0xff, 0xfc, 0x0,
    0x0, 0x0, 0x0, 0x26, 0x77, 0x51, 0x0, 0xaf,
    0xff, 0xff, 0xc0, 0x0, 0x0, 0x6, 0xdf, 0xff,
    0xff, 0xfb, 0x3a, 0xff, 0xff, 0xfc, 0x0, 0x0,
    0x2c, 0xff, 0xff, 0xff, 0xff, 0xff, 0xef, 0xff,
    0xff, 0xc0, 0x0, 0x1e, 0xff, 0xff, 0xff, 0xff,
    0xff, 0xff, 0xff, 0xff, 0xfc, 0x0, 0xc, 0xff,
    0xff, 0xff, 0xff, 0xff, 0xff, 0xff, 0xff, 0xff,
    0xc0, 0x6, 0xff, 0xff, 0xff, 0xfa, 0x41, 0x26,
    0xdf, 0xff, 0xff, 0xfc, 0x0, 0xdf, 0xff, 0xff,
    0xf6, 0x0, 0x0, 0x0, 0xbf, 0xff, 0xff, 0xc0,
    0x3f, 0xff, 0xff, 0xf8, 0x0, 0x0, 0x0, 0x1,
    0xff, 0xff, 0xfc, 0x7, 0xff, 0xff, 0xfe, 0x0,
    0x0, 0x0, 0x0, 0xe, 0xff, 0xff, 0xc0, 0xaf,
    0xff, 0xff, 0x90, 0x0, 0x0, 0x0, 0x0, 0xef,
    0xff, 0xfc, 0xc, 0xff, 0xff, 0xf6, 0x0, 0x0,
    0x0, 0x0, 0xe, 0xff, 0xff, 0xc0, 0xcf, 0xff,
    0xff, 0x50, 0x0, 0x0, 0x0, 0x0, 0xef, 0xff,
    0xfc, 0xc, 0xff, 0xff, 0xf6, 0x0, 0x0, 0x0,
    0x0, 0xe, 0xff, 0xff, 0xc0, 0xaf, 0xff, 0xff,
    0x90, 0x0, 0x0, 0x0, 0x0, 0xef, 0xff, 0xfc,
    0x8, 0xff, 0xff, 0xfe, 0x0, 0x0, 0x0, 0x0,
    0xe, 0xff, 0xff, 0xc0, 0x4f, 0xff, 0xff, 0xf8,
    0x0, 0x0, 0x0, 0x0, 0xff, 0xff, 0xfc, 0x0,
    0xef, 0xff, 0xff, 0xf5, 0x0, 0x0, 0x0, 0xaf,
    0xff, 0xff, 0xc0, 0x7, 0xff, 0xff, 0xff, 0xfa,
    0x31, 0x26, 0xcf, 0xff, 0xff, 0xfc, 0x0, 0xd,
    0xff, 0xff, 0xff, 0xff, 0xff, 0xff, 0xff, 0xff,
    0xff, 0xd0, 0x0, 0x2e, 0xff, 0xff, 0xff, 0xff,
    0xff, 0xff, 0xff, 0xff, 0xfe, 0x0, 0x0, 0x2d,
    0xff, 0xff, 0xff, 0xff, 0xff, 0xef, 0xff, 0xff,
    0xf1, 0x0, 0x0, 0x7, 0xef, 0xff, 0xff, 0xfe,
    0x80, 0xaf, 0xff, 0xff, 0x60, 0x0, 0x0, 0x0,
    0x36, 0x77, 0x63, 0x0, 0x0, 0x0, 0x0, 0x0,

    /* U+0065 "e" */
    0x0, 0x0, 0x0, 0x0, 0x46, 0x77, 0x65, 0x10,
    0x0, 0x0, 0x0, 0x0, 0x0, 0x0, 0x4b, 0xff,
    0xff, 0xff, 0xff, 0xd7, 0x0, 0x0, 0x0, 0x0,
    0x1, 0xbf, 0xff, 0xff, 0xff, 0xff, 0xff, 0xfe,
    0x40, 0x0, 0x0, 0x1, 0xef, 0xff, 0xff, 0xff,
    0xff, 0xff, 0xff, 0xff, 0x60, 0x0, 0x0, 0xcf,
    0xff, 0xff, 0xff, 0xff, 0xff, 0xff, 0xff, 0xff,
    0x40, 0x0, 0x7f, 0xff, 0xff, 0xfb, 0x41, 0x12,
    0x7e, 0xff, 0xff, 0xfd, 0x0, 0xe, 0xff, 0xff,
    0xf8, 0x0, 0x0, 0x0, 0x1d, 0xff, 0xff, 0xf5,
    0x4, 0xff, 0xff, 0xfd, 0x0, 0x0, 0x0, 0x0,
    0x3f, 0xff, 0xff, 0x90, 0x8f, 0xff, 0xff, 0xff,
    0xff, 0xff, 0xff, 0xff, 0xff, 0xff, 0xfd, 0xa,
    0xff, 0xff, 0xff, 0xff, 0xff, 0xff, 0xff, 0xff,
    0xff, 0xff, 0xf0, 0xbf, 0xff, 0xff, 0xff, 0xff,
    0xff, 0xff, 0xff, 0xff, 0xff, 0xff, 0xc, 0xff,
    0xff, 0xff, 0xff, 0xff, 0xff, 0xff, 0xff, 0xff,
    0xff, 0xf0, 0xbf, 0xff, 0xff, 0xb7, 0x77, 0x77,
    0x77, 0x77, 0x77, 0x77, 0x77, 0x9, 0xff, 0xff,
    0xfa, 0x0, 0x0, 0x0, 0x0, 0x0, 0x0, 0x0,
    0x0, 0x6f, 0xff, 0xff, 0xf1, 0x0, 0x0, 0x0,
    0x0, 0x0, 0x0, 0x0, 0x2, 0xff, 0xff, 0xff,
    0xa0, 0x0, 0x0, 0x0, 0x0, 0x0, 0x15, 0x0,
    0xb, 0xff, 0xff, 0xff, 0x90, 0x0, 0x0, 0x0,
    0x0, 0x6e, 0xa0, 0x0, 0x3f, 0xff, 0xff, 0xff,
    0xe8, 0x43, 0x24, 0x6a, 0xef, 0xfa, 0x0, 0x0,
    0x7f, 0xff, 0xff, 0xff, 0xff, 0xff, 0xff, 0xff,
    0xff, 0xa0, 0x0, 0x0, 0x8f, 0xff, 0xff, 0xff,
    0xff, 0xff, 0xff, 0xff, 0xfa, 0x0, 0x0, 0x0,
    0x4e, 0xff, 0xff, 0xff, 0xff, 0xff, 0xff, 0xff,
    0x80, 0x0, 0x0, 0x0, 0x5, 0xbf, 0xff, 0xff,
    0xff, 0xff, 0xea, 0x40, 0x0, 0x0, 0x0, 0x0,
    0x0, 0x2, 0x56, 0x77, 0x65, 0x20, 0x0, 0x0,
    0x0,

    /* U+0066 "f" */
    0x0, 0x0, 0x0, 0x17, 0xbe, 0xff, 0xff, 0xe2,
    0x0, 0x0, 0x4, 0xef, 0xff, 0xff, 0xff, 0xf2,
    0x0, 0x0, 0x1f, 0xff, 0xff, 0xff, 0xff, 0xf2,
    0x0, 0x0, 0x8f, 0xff, 0xff, 0xff, 0xff, 0xf2,
    0x0, 0x0, 0xbf, 0xff, 0xff, 0xff, 0xdd, 0xd2,
    0x0, 0x0, 0xdf, 0xff, 0xff, 0xe1, 0x0, 0x0,
    0x0, 0x0, 0xef, 0xff, 0xff, 0x90, 0x0, 0x0,
    0x0, 0x0, 0xef, 0xff, 0xff, 0x80, 0x0, 0x0,
    0x0, 0x0, 0xef, 0xff, 0xff, 0x70, 0x0, 0x0,
    0x0, 0x0, 0xef, 0xff, 0xff, 0x70, 0x0, 0x0,
    0xbf, 0xff, 0xff, 0xff, 0xff, 0xff, 0xff, 0xfc,
    0xbf, 0xff, 0xff, 0xff, 0xff, 0xff, 0xff, 0xfc,
    0xbf, 0xff, 0xff, 0xff, 0xff, 0xff, 0xff, 0xfc,
    0xbf, 0xff, 0xff, 0xff, 0xff, 0xff, 0xff, 0xfc,
    0x9d, 0xdd, 0xff, 0xff, 0xff, 0xed, 0xdd, 0xda,
    0x0, 0x0, 0xef, 0xff, 0xff, 0x70, 0x0, 0x0,
    0x0, 0x0, 0xef, 0xff, 0xff, 0x70, 0x0, 0x0,
    0x0, 0x0, 0xef, 0xff, 0xff, 0x70, 0x0, 0x0,
    0x0, 0x0, 0xef, 0xff, 0xff, 0x70, 0x0, 0x0,
    0x0, 0x0, 0xef, 0xff, 0xff, 0x70, 0x0, 0x0,
    0x0, 0x0, 0xef, 0xff, 0xff, 0x70, 0x0, 0x0,
    0x0, 0x0, 0xef, 0xff, 0xff, 0x70, 0x0, 0x0,
    0x0, 0x0, 0xef, 0xff, 0xff, 0x70, 0x0, 0x0,
    0x0, 0x0, 0xef, 0xff, 0xff, 0x70, 0x0, 0x0,
    0x0, 0x0, 0xef, 0xff, 0xff, 0x70, 0x0, 0x0,
    0x0, 0x0, 0xef, 0xff, 0xff, 0x70, 0x0, 0x0,
    0x0, 0x0, 0xef, 0xff, 0xff, 0x70, 0x0, 0x0,
    0x0, 0x0, 0xef, 0xff, 0xff, 0x70, 0x0, 0x0,
    0x0, 0x0, 0xef, 0xff, 0xff, 0x70, 0x0, 0x0,
    0x0, 0x0, 0xef, 0xff, 0xff, 0x70, 0x0, 0x0,
    0x0, 0x0, 0xef, 0xff, 0xff, 0x70, 0x0, 0x0,

    /* U+0067 "g" */
    0x0, 0x0, 0x0, 0x2, 0x67, 0x75, 0x10, 0x0,
    0x0, 0x0, 0x0, 0x0, 0x0, 0x6, 0xdf, 0xff,
    0xff, 0xfb, 0x2b, 0xff, 0xff, 0xf8, 0x0, 0x2,
    0xcf, 0xff, 0xff, 0xff, 0xff, 0xfe, 0xff, 0xff,
    0xf8, 0x0, 0x1e, 0xff, 0xff, 0xff, 0xff, 0xff,
    0xff, 0xff, 0xff, 0xf8, 0x0, 0xcf, 0xff, 0xff,
    0xff, 0xff, 0xff, 0xff, 0xff, 0xff, 0xf8, 0x6,
    0xff, 0xff, 0xff, 0xfb, 0x52, 0x37, 0xef, 0xff,
    0xff, 0xf8, 0xd, 0xff, 0xff, 0xff, 0x70, 0x0,
    0x0, 0xb, 0xff, 0xff, 0xf8, 0x3f, 0xff, 0xff,
    0xf8, 0x0, 0x0, 0x0, 0x1, 0xff, 0xff, 0xf8,
    0x7f, 0xff, 0xff, 0xf0, 0x0, 0x0, 0x0, 0x0,
    0xdf, 0xff, 0xf8, 0xaf, 0xff, 0xff, 0x90, 0x0,
    0x0, 0x0, 0x0, 0xdf, 0xff, 0xf8, 0xcf, 0xff,
    0xff, 0x60, 0x0, 0x0, 0x0, 0x0, 0xdf, 0xff,
    0xf8, 0xcf, 0xff, 0xff, 0x50, 0x0, 0x0, 0x0,
    0x0, 0xdf, 0xff, 0xf8, 0xcf, 0xff, 0xff, 0x60,
    0x0, 0x0, 0x0, 0x0, 0xdf, 0xff, 0xf8, 0xaf,
    0xff, 0xff, 0x90, 0x0, 0x0, 0x0, 0x0, 0xdf,
    0xff, 0xf8, 0x8f, 0xff, 0xff, 0xe0, 0x0, 0x0,
    0x0, 0x0, 0xdf, 0xff, 0xf8, 0x4f, 0xff, 0xff,
    0xf8, 0x0, 0x0, 0x0, 0x1, 0xff, 0xff, 0xf8,
    0xe, 0xff, 0xff, 0xff, 0x60, 0x0, 0x0, 0xb,
    0xff, 0xff, 0xf8, 0x7, 0xff, 0xff, 0xff, 0xfb,
    0x41, 0x26, 0xef, 0xff, 0xff, 0xf8, 0x0, 0xdf,
    0xff, 0xff, 0xff, 0xff, 0xff, 0xff, 0xff, 0xff,
    0xf8, 0x0, 0x2e, 0xff, 0xff, 0xff, 0xff, 0xff,
    0xff, 0xff, 0xff, 0xf8, 0x0, 0x2, 0xdf, 0xff,
    0xff, 0xff, 0xff, 0xff, 0xff, 0xff, 0xf8, 0x0,
    0x0, 0x7, 0xef, 0xff, 0xff, 0xfe, 0x7c, 0xff,
    0xff, 0xf8, 0x0, 0x0, 0x0, 0x3, 0x67, 0x76,
    0x30, 0xe, 0xff, 0xff, 0xf7, 0x0, 0x0, 0x0,
    0x0, 0x0, 0x0, 0x0, 0x6f, 0xff, 0xff, 0xf6,
    0x4, 0x30, 0x0, 0x0, 0x0, 0x0, 0x6, 0xff,
    0xff, 0xff, 0xf3, 0xc, 0xff, 0xeb, 0xa9, 0x88,
    0x8a, 0xef, 0xff, 0xff, 0xff, 0xf0, 0xc, 0xff,
    0xff, 0xff, 0xff, 0xff, 0xff, 0xff, 0xff, 0xff,
    0x80, 0xc, 0xff, 0xff, 0xff, 0xff, 0xff, 0xff,
    0xff, 0xff, 0xfd, 0x0, 0xc, 0xff, 0xff, 0xff,
    0xff, 0xff, 0xff, 0xff, 0xff, 0xd1, 0x0, 0xb,
    0xff, 0xff, 0xff, 0xff, 0xff, 0xff, 0xff, 0xf8,
    0x0, 0x0, 0x0, 0x15, 0x8a, 0xcd, 0xef, 0xff,
    0xec, 0x95, 0x0, 0x0, 0x0,

    /* U+0068 "h" */
    0xff, 0xff, 0xff, 0x60, 0x0, 0x0, 0x0, 0x0,
    0x0, 0x0, 0xff, 0xff, 0xff, 0x60, 0x0, 0x0,
    0x0, 0x0, 0x0, 0x0, 0xff, 0xff, 0xff, 0x60,
    0x0, 0x0, 0x0, 0x0, 0x0, 0x0, 0xff, 0xff,
    0xff, 0x60, 0x0, 0x0, 0x0, 0x0, 0x0, 0x0,
    0xff, 0xff, 0xff, 0x60, 0x0, 0x0, 0x0, 0x0,
    0x0, 0x0, 0xff, 0xff, 0xff, 0x60, 0x0, 0x0,
    0x0, 0x0, 0x0, 0x0, 0xff, 0xff, 0xff, 0x60,
    0x0, 0x0, 0x0, 0x0, 0x0, 0x0, 0xff, 0xff,
    0xff, 0x60, 0x0, 0x0, 0x0, 0x0, 0x0, 0x0,
    0xff, 0xff, 0xff, 0x60, 0x0, 0x0, 0x0, 0x0,
    0x0, 0x0, 0xff, 0xff, 0xff, 0x60, 0x0, 0x0,
    0x0, 0x0, 0x0, 0x0, 0xff, 0xff, 0xff, 0x60,
    0x4, 0x9d, 0xff, 0xea, 0x40, 0x0, 0xff, 0xff,
    0xff, 0x64, 0xdf, 0xff, 0xff, 0xff, 0xfa, 0x0,
    0xff, 0xff, 0xff, 0xdf, 0xff, 0xff, 0xff, 0xff,
    0xff, 0xa0, 0xff, 0xff, 0xff, 0xff, 0xff, 0xff,
    0xff, 0xff, 0xff, 0xf4, 0xff, 0xff, 0xff, 0xff,
    0xff, 0xef, 0xff, 0xff, 0xff, 0xfa, 0xff, 0xff,
    0xff, 0xfc, 0x50, 0x1, 0xaf, 0xff, 0xff, 0xfc,
    0xff, 0xff, 0xff, 0x90, 0x0, 0x0, 0xc, 0xff,
    0xff, 0xfd, 0xff, 0xff, 0xff, 0x60, 0x0, 0x0,
    0x8, 0xff, 0xff, 0xfe, 0xff, 0xff, 0xff, 0x60,
    0x0, 0x0, 0x8, 0xff, 0xff, 0xfe, 0xff, 0xff,
    0xff, 0x60, 0x0, 0x0, 0x8, 0xff, 0xff, 0xfe,
    0xff, 0xff, 0xff, 0x60, 0x0, 0x0, 0x8, 0xff,
    0xff, 0xfe, 0xff, 0xff, 0xff, 0x60, 0x0, 0x0,
    0x8, 0xff, 0xff, 0xfe, 0xff, 0xff, 0xff, 0x60,
    0x0, 0x0, 0x8, 0xff, 0xff, 0xfe, 0xff, 0xff,
    0xff, 0x60, 0x0, 0x0, 0x8, 0xff, 0xff, 0xfe,
    0xff, 0xff, 0xff, 0x60, 0x0, 0x0, 0x8, 0xff,
    0xff, 0xfe, 0xff, 0xff, 0xff, 0x60, 0x0, 0x0,
    0x8, 0xff, 0xff, 0xfe, 0xff, 0xff, 0xff, 0x60,
    0x0, 0x0, 0x8, 0xff, 0xff, 0xfe, 0xff, 0xff,
    0xff, 0x60, 0x0, 0x0, 0x8, 0xff, 0xff, 0xfe,
    0xff, 0xff, 0xff, 0x60, 0x0, 0x0, 0x8, 0xff,
    0xff, 0xfe, 0xff, 0xff, 0xff, 0x60, 0x0, 0x0,
    0x8, 0xff, 0xff, 0xfe, 0xff, 0xff, 0xff, 0x60,
    0x0, 0x0, 0x8, 0xff, 0xff, 0xfe,

    /* U+0069 "i" */
    0x7f, 0xff, 0xff, 0xe7, 0xff, 0xff, 0xfe, 0x7f,
    0xff, 0xff, 0xe7, 0xff, 0xff, 0xfe, 0x7f, 0xff,
    0xff, 0xe7, 0xff, 0xff, 0xfe, 0x26, 0x66, 0x66,
    0x50, 0x0, 0x0, 0x0, 0x0, 0x0, 0x0, 0x0,
    0x0, 0x0, 0x0, 0x7f, 0xff, 0xff, 0xe7, 0xff,
    0xff, 0xfe, 0x7f, 0xff, 0xff, 0xe7, 0xff, 0xff,
    0xfe, 0x7f, 0xff, 0xff, 0xe7, 0xff, 0xff, 0xfe,
    0x7f, 0xff, 0xff, 0xe7, 0xff, 0xff, 0xfe, 0x7f,
    0xff, 0xff, 0xe7, 0xff, 0xff, 0xfe, 0x7f, 0xff,
    0xff, 0xe7, 0xff, 0xff, 0xfe, 0x7f, 0xff, 0xff,
    0xe7, 0xff, 0xff, 0xfe, 0x7f, 0xff, 0xff, 0xe7,
    0xff, 0xff, 0xfe, 0x7f, 0xff, 0xff, 0xe7, 0xff,
    0xff, 0xfe, 0x7f, 0xff, 0xff, 0xe7, 0xff, 0xff,
    0xfe, 0x7f, 0xff, 0xff, 0xe0,

    /* U+006A "j" */
    0x0, 0x0, 0xb, 0xff, 0xff, 0xfb, 0x0, 0x0,
    0xb, 0xff, 0xff, 0xfb, 0x0, 0x0, 0xb, 0xff,
    0xff, 0xfb, 0x0, 0x0, 0xb, 0xff, 0xff, 0xfb,
    0x0, 0x0, 0xb, 0xff, 0xff, 0xfb, 0x0, 0x0,
    0xb, 0xff, 0xff, 0xfb, 0x0, 0x0, 0x4, 0x66,
    0x66, 0x64, 0x0, 0x0, 0x0, 0x0, 0x0, 0x0,
    0x0, 0x0, 0x0, 0x0, 0x0, 0x0, 0x0, 0x0,
    0x0, 0x0, 0x0, 0x0, 0x0, 0x0, 0xb, 0xff,
    0xff, 0xfb, 0x0, 0x0, 0xb, 0xff, 0xff, 0xfb,
    0x0, 0x0, 0xb, 0xff, 0xff, 0xfb, 0x0, 0x0,
    0xb, 0xff, 0xff, 0xfb, 0x0, 0x0, 0xb, 0xff,
    0xff, 0xfb, 0x0, 0x0, 0xb, 0xff, 0xff, 0xfb,
    0x0, 0x0, 0xb, 0xff, 0xff, 0xfb, 0x0, 0x0,
    0xb, 0xff, 0xff, 0xfb, 0x0, 0x0, 0xb, 0xff,
    0xff, 0xfb, 0x0, 0x0, 0xb, 0xff, 0xff, 0xfb,
    0x0, 0x0, 0xb, 0xff, 0xff, 0xfb, 0x0, 0x0,
    0xb, 0xff, 0xff, 0xfb, 0x0, 0x0, 0xb, 0xff,
    0xff, 0xfb, 0x0, 0x0, 0xb, 0xff, 0xff, 0xfb,
    0x0, 0x0, 0xb, 0xff, 0xff, 0xfb, 0x0, 0x0,
    0xb, 0xff, 0xff, 0xfb, 0x0, 0x0, 0xb, 0xff,
    0xff, 0xfb, 0x0, 0x0, 0xb, 0xff, 0xff, 0xfb,
    0x0, 0x0, 0xb, 0xff, 0xff, 0xfb, 0x0, 0x0,
    0xb, 0xff, 0xff, 0xfb, 0x0, 0x0, 0xc, 0xff,
    0xff, 0xfa, 0x0, 0x0, 0xf, 0xff, 0xff, 0xf9,
    0x0, 0x0, 0x4f, 0xff, 0xff, 0xf7, 0x0, 0x1,
    0xdf, 0xff, 0xff, 0xf3, 0x46, 0x9e, 0xff, 0xff,
    0xff, 0xf0, 0xcf, 0xff, 0xff, 0xff, 0xff, 0x70,
    0xcf, 0xff, 0xff, 0xff, 0xfd, 0x0, 0xcf, 0xff,
    0xff, 0xff, 0xd1, 0x0, 0xcf, 0xff, 0xff, 0xe7,
    0x0, 0x0, 0xce, 0xeb, 0x84, 0x0, 0x0, 0x0,

    /* U+006B "k" */
    0xff, 0xff, 0xff, 0x60, 0x0, 0x0, 0x0, 0x0,
    0x0, 0x0, 0xff, 0xff, 0xff, 0x60, 0x0, 0x0,
    0x0, 0x0, 0x0, 0x0, 0xff, 0xff, 0xff, 0x60,
    0x0, 0x0, 0x0, 0x0, 0x0, 0x0, 0xff, 0xff,
    0xff, 0x60, 0x0, 0x0, 0x0, 0x0, 0x0, 0x0,
    0xff, 0xff, 0xff, 0x60, 0x0, 0x0, 0x0, 0x0,
    0x0, 0x0, 0xff, 0xff, 0xff, 0x60, 0x0, 0x0,
    0x0, 0x0, 0x0, 0x0, 0xff, 0xff, 0xff, 0x60,
    0x0, 0x0, 0x0, 0x0, 0x0, 0x0, 0xff, 0xff,
    0xff, 0x60, 0x0, 0x0, 0x0, 0x0, 0x0, 0x0,
    0xff, 0xff, 0xff, 0x60, 0x0, 0x0, 0x0, 0x0,
    0x0, 0x0, 0xff, 0xff, 0xff, 0x60, 0x0, 0x0,
    0x0, 0x0, 0x0, 0x0, 0xff, 0xff, 0xff, 0x60,
    0x0, 0x1, 0xef, 0xff, 0xff, 0xa0, 0xff, 0xff,
    0xff, 0x60, 0x0, 0xb, 0xff, 0xff, 0xfd, 0x0,
    0xff, 0xff, 0xff, 0x60, 0x0, 0x7f, 0xff, 0xff,
    0xf2, 0x0, 0xff, 0xff, 0xff, 0x60, 0x3, 0xff,
    0xff, 0xff, 0x60, 0x0, 0xff, 0xff, 0xff, 0x60,
    0xd, 0xff, 0xff, 0xfa, 0x0, 0x0, 0xff, 0xff,
    0xff, 0x60, 0x9f, 0xff, 0xff, 0xe1, 0x0, 0x0,
    0xff, 0xff, 0xff, 0x64, 0xff, 0xff, 0xff, 0x30,
    0x0, 0x0, 0xff, 0xff, 0xff, 0xff, 0xff, 0xff,
    0xf7, 0x0, 0x0, 0x0, 0xff, 0xff, 0xff, 0xff,
    0xff, 0xff, 0xb0, 0x0, 0x0, 0x0, 0xff, 0xff,
    0xff, 0xff, 0xff, 0xff, 0x40, 0x0, 0x0, 0x0,
    0xff, 0xff, 0xff, 0xff, 0xff, 0xff, 0xe3, 0x0,
    0x0, 0x0, 0xff, 0xff, 0xff, 0xff, 0xff, 0xff,
    0xfe, 0x20, 0x0, 0x0, 0xff, 0xff, 0xff, 0x61,
    0xdf, 0xff, 0xff, 0xc0, 0x0, 0x0, 0xff, 0xff,
    0xff, 0x60, 0x1d, 0xff, 0xff, 0xf8, 0x0, 0x0,
    0xff, 0xff, 0xff, 0x60, 0x2, 0xff, 0xff, 0xff,
    0x30, 0x0, 0xff, 0xff, 0xff, 0x60, 0x0, 0x6f,
    0xff, 0xff, 0xc0, 0x0, 0xff, 0xff, 0xff, 0x60,
    0x0, 0xc, 0xff, 0xff, 0xf5, 0x0, 0xff, 0xff,
    0xff, 0x60, 0x0, 0x4, 0xff, 0xff, 0xfd, 0x0,
    0xff, 0xff, 0xff, 0x60, 0x0, 0x0, 0xbf, 0xff,
    0xff, 0x60, 0xff, 0xff, 0xff, 0x60, 0x0, 0x0,
    0x3f, 0xff, 0xff, 0xd0, 0xff, 0xff, 0xff, 0x60,
    0x0, 0x0, 0xb, 0xff, 0xff, 0xf5,

    /* U+006C "l" */
    0xff, 0xff, 0xff, 0x60, 0x0, 0xf, 0xff, 0xff,
    0xf6, 0x0, 0x0, 0xff, 0xff, 0xff, 0x60, 0x0,
    0xf, 0xff, 0xff, 0xf6, 0x0, 0x0, 0xff, 0xff,
    0xff, 0x60, 0x0, 0xf, 0xff, 0xff, 0xf6, 0x0,
    0x0, 0xff, 0xff, 0xff, 0x60, 0x0, 0xf, 0xff,
    0xff, 0xf6, 0x0, 0x0, 0xff, 0xff, 0xff, 0x60,
    0x0, 0xf, 0xff, 0xff, 0xf6, 0x0, 0x0, 0xff,
    0xff, 0xff, 0x60, 0x0, 0xf, 0xff, 0xff, 0xf6,
    0x0, 0x0, 0xff, 0xff, 0xff, 0x60, 0x0, 0xf,
    0xff, 0xff, 0xf6, 0x0, 0x0, 0xff, 0xff, 0xff,
    0x60, 0x0, 0xf, 0xff, 0xff, 0xf6, 0x0, 0x0,
    0xff, 0xff, 0xff, 0x60, 0x0, 0xf, 0xff, 0xff,
    0xf6, 0x0, 0x0, 0xff, 0xff, 0xff, 0x60, 0x0,
    0xf, 0xff, 0xff, 0xf6, 0x0, 0x0, 0xff, 0xff,
    0xff, 0x60, 0x0, 0xf, 0xff, 0xff, 0xf6, 0x0,
    0x0, 0xff, 0xff, 0xff, 0x70, 0x0, 0xf, 0xff,
    0xff, 0xf9, 0x0, 0x0, 0xef, 0xff, 0xff, 0xe0,
    0x0, 0xc, 0xff, 0xff, 0xff, 0xc5, 0x41, 0x8f,
    0xff, 0xff, 0xff, 0xff, 0x52, 0xff, 0xff, 0xff,
    0xff, 0xf5, 0x8, 0xff, 0xff, 0xff, 0xff, 0x50,
    0x8, 0xff, 0xff, 0xff, 0xf5, 0x0, 0x2, 0x9d,
    0xff, 0xff, 0x50,

    /* U+006D "m" */
    0xff, 0xff, 0xff, 0x60, 0x4, 0x9d, 0xff, 0xd9,
    0x30, 0x0, 0x4, 0x9d, 0xff, 0xea, 0x30, 0x0,
    0xff, 0xff, 0xff, 0x65, 0xdf, 0xff, 0xff, 0xff,
    0xf7, 0x4, 0xdf, 0xff, 0xff, 0xff, 0xf8, 0x0,
    0xff, 0xff, 0xff, 0xdf, 0xff, 0xff, 0xff, 0xff,
    0xff, 0xbf, 0xff, 0xff, 0xff, 0xff, 0xff, 0x60,
    0xff, 0xff, 0xff, 0xff, 0xff, 0xff, 0xff, 0xff,
    0xff, 0xff, 0xff, 0xff, 0xff, 0xff, 0xff, 0xe0,
    0xff, 0xff, 0xff, 0xff, 0xff, 0xff, 0xff, 0xff,
    0xff, 0xff, 0xff, 0xff, 0xff, 0xff, 0xff, 0xf4,
    0xff, 0xff, 0xff, 0xfb, 0x40, 0x2, 0xcf, 0xff,
    0xff, 0xfc, 0x40, 0x2, 0xcf, 0xff, 0xff, 0xf6,
    0xff, 0xff, 0xff, 0x80, 0x0, 0x0, 0x2f, 0xff,
    0xff, 0xf7, 0x0, 0x0, 0x2f, 0xff, 0xff, 0xf7,
    0xff, 0xff, 0xff, 0x60, 0x0, 0x0, 0xf, 0xff,
    0xff, 0xf7, 0x0, 0x0, 0xf, 0xff, 0xff, 0xf7,
    0xff, 0xff, 0xff, 0x60, 0x0, 0x0, 0xe, 0xff,
    0xff, 0xf7, 0x0, 0x0, 0xe, 0xff, 0xff, 0xf7,
    0xff, 0xff, 0xff, 0x60, 0x0, 0x0, 0xe, 0xff,
    0xff, 0xf7, 0x0, 0x0, 0xe, 0xff, 0xff, 0xf7,
    0xff, 0xff, 0xff, 0x60, 0x0, 0x0, 0xe, 0xff,
    0xff, 0xf7, 0x0, 0x0, 0xe, 0xff, 0xff, 0xf7,
    0xff, 0xff, 0xff, 0x60, 0x0, 0x0, 0xe, 0xff,
    0xff, 0xf7, 0x0, 0x0, 0xe, 0xff, 0xff, 0xf7,
    0xff, 0xff, 0xff, 0x60, 0x0, 0x0, 0xe, 0xff,
    0xff, 0xf7, 0x0, 0x0, 0xe, 0xff, 0xff, 0xf7,
    0xff, 0xff, 0xff, 0x60, 0x0, 0x0, 0xe, 0xff,
    0xff, 0xf7, 0x0, 0x0, 0xe, 0xff, 0xff, 0xf7,
    0xff, 0xff, 0xff, 0x60, 0x0, 0x0, 0xe, 0xff,
    0xff, 0xf7, 0x0, 0x0, 0xe, 0xff, 0xff, 0xf7,
    0xff, 0xff, 0xff, 0x60, 0x0, 0x0, 0xe, 0xff,
    0xff, 0xf7, 0x0, 0x0, 0xe, 0xff, 0xff, 0xf7,
    0xff, 0xff, 0xff, 0x60, 0x0, 0x0, 0xe, 0xff,
    0xff, 0xf7, 0x0, 0x0, 0xe, 0xff, 0xff, 0xf7,
    0xff, 0xff, 0xff, 0x60, 0x0, 0x0, 0xe, 0xff,
    0xff, 0xf7, 0x0, 0x0, 0xe, 0xff, 0xff, 0xf7,
    0xff, 0xff, 0xff, 0x60, 0x0, 0x0, 0xe, 0xff,
    0xff, 0xf7, 0x0, 0x0, 0xe, 0xff, 0xff, 0xf7,
    0xff, 0xff, 0xff, 0x60, 0x0, 0x0, 0xe, 0xff,
    0xff, 0xf7, 0x0, 0x0, 0xe, 0xff, 0xff, 0xf7,
    0xff, 0xff, 0xff, 0x60, 0x0, 0x0, 0xe, 0xff,
    0xff, 0xf7, 0x0, 0x0, 0xe, 0xff, 0xff, 0xf7,

    /* U+006E "n" */
    0xff, 0xff, 0xff, 0x60, 0x2, 0x7c, 0xef, 0xec,
    0x70, 0x0, 0xf, 0xff, 0xff, 0xf6, 0x2a, 0xff,
    0xff, 0xff, 0xff, 0xe3, 0x0, 0xff, 0xff, 0xff,
    0xbf, 0xff, 0xff, 0xff, 0xff, 0xff, 0xe2, 0xf,
    0xff, 0xff, 0xff, 0xff, 0xff, 0xff, 0xff, 0xff,
    0xff, 0xa0, 0xff, 0xff, 0xff, 0xff, 0xff, 0xef,
    0xff, 0xff, 0xff, 0xff, 0xf, 0xff, 0xff, 0xff,
    0xe7, 0x10, 0x6, 0xff, 0xff, 0xff, 0xf3, 0xff,
    0xff, 0xff, 0xb1, 0x0, 0x0, 0x6, 0xff, 0xff,
    0xff, 0x4f, 0xff, 0xff, 0xf6, 0x0, 0x0, 0x0,
    0x2f, 0xff, 0xff, 0xf4, 0xff, 0xff, 0xff, 0x60,
    0x0, 0x0, 0x2, 0xff, 0xff, 0xff, 0x4f, 0xff,
    0xff, 0xf6, 0x0, 0x0, 0x0, 0x2f, 0xff, 0xff,
    0xf4, 0xff, 0xff, 0xff, 0x60, 0x0, 0x0, 0x2,
    0xff, 0xff, 0xff, 0x4f, 0xff, 0xff, 0xf6, 0x0,
    0x0, 0x0, 0x2f, 0xff, 0xff, 0xf4, 0xff, 0xff,
    0xff, 0x60, 0x0, 0x0, 0x2, 0xff, 0xff, 0xff,
    0x4f, 0xff, 0xff, 0xf6, 0x0, 0x0, 0x0, 0x2f,
    0xff, 0xff, 0xf4, 0xff, 0xff, 0xff, 0x60, 0x0,
    0x0, 0x2, 0xff, 0xff, 0xff, 0x4f, 0xff, 0xff,
    0xf6, 0x0, 0x0, 0x0, 0x2f, 0xff, 0xff, 0xf4,
    0xff, 0xff, 0xff, 0x60, 0x0, 0x0, 0x2, 0xff,
    0xff, 0xff, 0x4f, 0xff, 0xff, 0xf6, 0x0, 0x0,
    0x0, 0x2f, 0xff, 0xff, 0xf4, 0xff, 0xff, 0xff,
    0x60, 0x0, 0x0, 0x2, 0xff, 0xff, 0xff, 0x4f,
    0xff, 0xff, 0xf6, 0x0, 0x0, 0x0, 0x2f, 0xff,
    0xff, 0xf4, 0xff, 0xff, 0xff, 0x60, 0x0, 0x0,
    0x2, 0xff, 0xff, 0xff, 0x40,

    /* U+006F "o" */
    0x0, 0x0, 0x0, 0x0, 0x35, 0x67, 0x65, 0x30,
    0x0, 0x0, 0x0, 0x0, 0x0, 0x0, 0x3a, 0xff,
    0xff, 0xff, 0xff, 0xfa, 0x30, 0x0, 0x0, 0x0,
    0x0, 0x9f, 0xff, 0xff, 0xff, 0xff, 0xff, 0xff,
    0xa0, 0x0, 0x0, 0x1, 0xdf, 0xff, 0xff, 0xff,
    0xff, 0xff, 0xff, 0xff, 0xd1, 0x0, 0x0, 0xcf,
    0xff, 0xff, 0xff, 0xff, 0xff, 0xff, 0xff, 0xff,
    0xc0, 0x0, 0x6f, 0xff, 0xff, 0xff, 0x83, 0x23,
    0x8f, 0xff, 0xff, 0xff, 0x70, 0xe, 0xff, 0xff,
    0xfe, 0x30, 0x0, 0x0, 0x2e, 0xff, 0xff, 0xfe,
    0x3, 0xff, 0xff, 0xff, 0x50, 0x0, 0x0, 0x0,
    0x4f, 0xff, 0xff, 0xf5, 0x8f, 0xff, 0xff, 0xe0,
    0x0, 0x0, 0x0, 0x0, 0xdf, 0xff, 0xff, 0x9a,
    0xff, 0xff, 0xfa, 0x0, 0x0, 0x0, 0x0, 0x9,
    0xff, 0xff, 0xfb, 0xbf, 0xff, 0xff, 0x90, 0x0,
    0x0, 0x0, 0x0, 0x7f, 0xff, 0xff, 0xcc, 0xff,
    0xff, 0xf8, 0x0, 0x0, 0x0, 0x0, 0x7, 0xff,
    0xff, 0xfd, 0xbf, 0xff, 0xff, 0x90, 0x0, 0x0,
    0x0, 0x0, 0x8f, 0xff, 0xff, 0xda, 0xff, 0xff,
    0xfc, 0x0, 0x0, 0x0, 0x0, 0xa, 0xff, 0xff,
    0xfb, 0x7f, 0xff, 0xff, 0xf1, 0x0, 0x0, 0x0,
    0x0, 0xff, 0xff, 0xff, 0x82, 0xff, 0xff, 0xff,
    0x80, 0x0, 0x0, 0x0, 0x7f, 0xff, 0xff, 0xf3,
    0xc, 0xff, 0xff, 0xff, 0x50, 0x0, 0x0, 0x4f,
    0xff, 0xff, 0xfd, 0x0, 0x4f, 0xff, 0xff, 0xff,
    0x93, 0x23, 0x8f, 0xff, 0xff, 0xff, 0x50, 0x0,
    0x9f, 0xff, 0xff, 0xff, 0xff, 0xff, 0xff, 0xff,
    0xff, 0xa0, 0x0, 0x0, 0xaf, 0xff, 0xff, 0xff,
    0xff, 0xff, 0xff, 0xff, 0xb0, 0x0, 0x0, 0x0,
    0x7f, 0xff, 0xff, 0xff, 0xff, 0xff, 0xff, 0x80,
    0x0, 0x0, 0x0, 0x0, 0x18, 0xef, 0xff, 0xff,
    0xff, 0xe9, 0x20, 0x0, 0x0, 0x0, 0x0, 0x0,
    0x0, 0x25, 0x77, 0x75, 0x30, 0x0, 0x0, 0x0,
    0x0,

    /* U+0070 "p" */
    0x0, 0x0, 0x0, 0x0, 0x0, 0x3, 0x67, 0x64,
    0x10, 0x0, 0x0, 0x0, 0xf, 0xff, 0xff, 0xf6,
    0x6, 0xef, 0xff, 0xff, 0xfa, 0x20, 0x0, 0x0,
    0xf, 0xff, 0xff, 0xf8, 0xcf, 0xff, 0xff, 0xff,
    0xff, 0xf7, 0x0, 0x0, 0xf, 0xff, 0xff, 0xff,
    0xff, 0xff, 0xff, 0xff, 0xff, 0xff, 0x80, 0x0,
    0xf, 0xff, 0xff, 0xff, 0xff, 0xff, 0xff, 0xff,
    0xff, 0xff, 0xf4, 0x0, 0xf, 0xff, 0xff, 0xff,
    0xfa, 0x52, 0x37, 0xef, 0xff, 0xff, 0xfe, 0x0,
    0xf, 0xff, 0xff, 0xff, 0x40, 0x0, 0x0, 0x1d,
    0xff, 0xff, 0xff, 0x50, 0xf, 0xff, 0xff, 0xf8,
    0x0, 0x0, 0x0, 0x1, 0xff, 0xff, 0xff, 0xb0,
    0xf, 0xff, 0xff, 0xf6, 0x0, 0x0, 0x0, 0x0,
    0x7f, 0xff, 0xff, 0xf0, 0xf, 0xff, 0xff, 0xf6,
    0x0, 0x0, 0x0, 0x0, 0x1f, 0xff, 0xff, 0xf2,
    0xf, 0xff, 0xff, 0xf6, 0x0, 0x0, 0x0, 0x0,
    0xe, 0xff, 0xff, 0xf4, 0xf, 0xff, 0xff, 0xf6,
    0x0, 0x0, 0x0, 0x0, 0xd, 0xff, 0xff, 0xf4,
    0xf, 0xff, 0xff, 0xf6, 0x0, 0x0, 0x0, 0x0,
    0xe, 0xff, 0xff, 0xf4, 0xf, 0xff, 0xff, 0xf6,
    0x0, 0x0, 0x0, 0x0, 0x1f, 0xff, 0xff, 0xf2,
    0xf, 0xff, 0xff, 0xf6, 0x0, 0x0, 0x0, 0x0,
    0x7f, 0xff, 0xff, 0xf0, 0xf, 0xff, 0xff, 0xf8,
    0x0, 0x0, 0x0, 0x1, 0xef, 0xff, 0xff, 0xc0,
    0xf, 0xff, 0xff, 0xff, 0x40, 0x0, 0x0, 0x1c,
    0xff, 0xff, 0xff, 0x60, 0xf, 0xff, 0xff, 0xff,
    0xf9, 0x41, 0x26, 0xef, 0xff, 0xff, 0xfe, 0x0,
    0xf, 0xff, 0xff, 0xff, 0xff, 0xff, 0xff, 0xff,
    0xff, 0xff, 0xf5, 0x0, 0xf, 0xff, 0xff, 0xff,
    0xff, 0xff, 0xff, 0xff, 0xff, 0xff, 0x90, 0x0,
    0xf, 0xff, 0xff, 0xfc, 0xff, 0xff, 0xff, 0xff,
    0xff, 0xf8, 0x0, 0x0, 0xf, 0xff, 0xff, 0xf6,
    0x3b, 0xff, 0xff, 0xff, 0xfb, 0x30, 0x0, 0x0,
    0xf, 0xff, 0xff, 0xf6, 0x0, 0x14, 0x67, 0x74,
    0x10, 0x0, 0x0, 0x0, 0xf, 0xff, 0xff, 0xf6,
    0x0, 0x0, 0x0, 0x0, 0x0, 0x0, 0x0, 0x0,
    0xf, 0xff, 0xff, 0xf5, 0x0, 0x0, 0x0, 0x0,
    0x0, 0x0, 0x0, 0x0, 0x1f, 0xff, 0xff, 0xf4,
    0x0, 0x0, 0x0, 0x0, 0x0, 0x0, 0x0, 0x0,
    0x1f, 0xff, 0xff, 0xf3, 0x0, 0x0, 0x0, 0x0,
    0x0, 0x0, 0x0, 0x0, 0x2f, 0xff, 0xff, 0xf2,
    0x0, 0x0, 0x0, 0x0, 0x0, 0x0, 0x0, 0x0,
    0x4f, 0xff, 0xff, 0xf0, 0x0, 0x0, 0x0, 0x0,
    0x0, 0x0, 0x0, 0x0, 0x6f, 0xff, 0xff, 0xe0,
    0x0, 0x0, 0x0, 0x0, 0x0, 0x0, 0x0, 0x0,
    0xaf, 0xff, 0xff, 0xb0, 0x0, 0x0, 0x0, 0x0,
    0x0, 0x0, 0x0, 0x0,

    /* U+0071 "q" */
    0x0, 0x0, 0x0, 0x2, 0x67, 0x75, 0x10, 0x0,
    0x0, 0x0, 0x0, 0x0, 0x0, 0x0, 0x6, 0xdf,
    0xff, 0xff, 0xfb, 0x20, 0xef, 0xff, 0xff, 0x80,
    0x0, 0x2, 0xcf, 0xff, 0xff, 0xff, 0xff, 0xf7,
    0xef, 0xff, 0xff, 0x80, 0x0, 0x1e, 0xff, 0xff,
    0xff, 0xff, 0xff, 0xff, 0xff, 0xff, 0xff, 0x80,
    0x0, 0xcf, 0xff, 0xff, 0xff, 0xff, 0xff, 0xff,
    0xff, 0xff, 0xff, 0x80, 0x6, 0xff, 0xff, 0xff,
    0xfb, 0x52, 0x37, 0xdf, 0xff, 0xff, 0xff, 0x80,
    0xd, 0xff, 0xff, 0xff, 0x70, 0x0, 0x0, 0xb,
    0xff, 0xff, 0xff, 0x80, 0x3f, 0xff, 0xff, 0xf8,
    0x0, 0x0, 0x0, 0x1, 0xff, 0xff, 0xff, 0x80,
    0x7f, 0xff, 0xff, 0xf0, 0x0, 0x0, 0x0, 0x0,
    0xef, 0xff, 0xff, 0x80, 0xaf, 0xff, 0xff, 0x90,
    0x0, 0x0, 0x0, 0x0, 0xef, 0xff, 0xff, 0x80,
    0xcf, 0xff, 0xff, 0x60, 0x0, 0x0, 0x0, 0x0,
    0xef, 0xff, 0xff, 0x80, 0xcf, 0xff, 0xff, 0x50,
    0x0, 0x0, 0x0, 0x0, 0xef, 0xff, 0xff, 0x80,
    0xcf, 0xff, 0xff, 0x60, 0x0, 0x0, 0x0, 0x0,
    0xef, 0xff, 0xff, 0x80, 0xaf, 0xff, 0xff, 0x90,
    0x0, 0x0, 0x0, 0x0, 0xef, 0xff, 0xff, 0x80,
    0x8f, 0xff, 0xff, 0xe0, 0x0, 0x0, 0x0, 0x0,
    0xef, 0xff, 0xff, 0x80, 0x4f, 0xff, 0xff, 0xf8,
    0x0, 0x0, 0x0, 0x0, 0xff, 0xff, 0xff, 0x80,
    0xe, 0xff, 0xff, 0xff, 0x60, 0x0, 0x0, 0xb,
    0xff, 0xff, 0xff, 0x80, 0x7, 0xff, 0xff, 0xff,
    0xfb, 0x41, 0x26, 0xdf, 0xff, 0xff, 0xff, 0x80,
    0x0, 0xdf, 0xff, 0xff, 0xff, 0xff, 0xff, 0xff,
    0xff, 0xff, 0xff, 0x80, 0x0, 0x2e, 0xff, 0xff,
    0xff, 0xff, 0xff, 0xff, 0xff, 0xff, 0xff, 0x80,
    0x0, 0x2, 0xdf, 0xff, 0xff, 0xff, 0xff, 0xfd,
    0xef, 0xff, 0xff, 0x80, 0x0, 0x0, 0x7, 0xef,
    0xff, 0xff, 0xfe, 0x70, 0xef, 0xff, 0xff, 0x80,
    0x0, 0x0, 0x0, 0x3, 0x67, 0x76, 0x30, 0x0,
    0xdf, 0xff, 0xff, 0x80, 0x0, 0x0, 0x0, 0x0,
    0x0, 0x0, 0x0, 0x0, 0xdf, 0xff, 0xff, 0x80,
    0x0, 0x0, 0x0, 0x0, 0x0, 0x0, 0x0, 0x0,
    0xdf, 0xff, 0xff, 0x80, 0x0, 0x0, 0x0, 0x0,
    0x0, 0x0, 0x0, 0x0, 0xcf, 0xff, 0xff, 0x90,
    0x0, 0x0, 0x0, 0x0, 0x0, 0x0, 0x0, 0x0,
    0xbf, 0xff, 0xff, 0xa0, 0x0, 0x0, 0x0, 0x0,
    0x0, 0x0, 0x0, 0x0, 0xaf, 0xff, 0xff, 0xb0,
    0x0, 0x0, 0x0, 0x0, 0x0, 0x0, 0x0, 0x0,
    0x8f, 0xff, 0xff, 0xc0, 0x0, 0x0, 0x0, 0x0,
    0x0, 0x0, 0x0, 0x0, 0x6f, 0xff, 0xff, 0xe0,
    0x0, 0x0, 0x0, 0x0, 0x0, 0x0, 0x0, 0x0,
    0x3f, 0xff, 0xff, 0xf2,

    /* U+0072 "r" */
    0xff, 0xff, 0xff, 0x60, 0x29, 0xdf, 0xf8, 0xff,
    0xff, 0xff, 0x69, 0xff, 0xff, 0xfb, 0xff, 0xff,
    0xff, 0xef, 0xff, 0xff, 0xfb, 0xff, 0xff, 0xff,
    0xff, 0xff, 0xff, 0xfb, 0xff, 0xff, 0xff, 0xff,
    0xff, 0xfe, 0xfb, 0xff, 0xff, 0xff, 0xfe, 0x72,
    0x0, 0x1, 0xff, 0xff, 0xff, 0xc1, 0x0, 0x0,
    0x0, 0xff, 0xff, 0xff, 0x60, 0x0, 0x0, 0x0,
    0xff, 0xff, 0xff, 0x60, 0x0, 0x0, 0x0, 0xff,
    0xff, 0xff, 0x60, 0x0, 0x0, 0x0, 0xff, 0xff,
    0xff, 0x60, 0x0, 0x0, 0x0, 0xff, 0xff, 0xff,
    0x60, 0x0, 0x0, 0x0, 0xff, 0xff, 0xff, 0x60,
    0x0, 0x0, 0x0, 0xff, 0xff, 0xff, 0x60, 0x0,
    0x0, 0x0, 0xff, 0xff, 0xff, 0x60, 0x0, 0x0,
    0x0, 0xff, 0xff, 0xff, 0x60, 0x0, 0x0, 0x0,
    0xff, 0xff, 0xff, 0x60, 0x0, 0x0, 0x0, 0xff,
    0xff, 0xff, 0x60, 0x0, 0x0, 0x0, 0xff, 0xff,
    0xff, 0x60, 0x0, 0x0, 0x0, 0xff, 0xff, 0xff,
    0x60, 0x0, 0x0, 0x0, 0xff, 0xff, 0xff, 0x60,
    0x0, 0x0, 0x0,

    /* U+0073 "s" */
    0x0, 0x0, 0x0, 0x35, 0x77, 0x64, 0x20, 0x0,
    0x0, 0x0, 0x3, 0xaf, 0xff, 0xff, 0xff, 0xfe,
    0xa3, 0x0, 0x0, 0x9f, 0xff, 0xff, 0xff, 0xff,
    0xff, 0xfa, 0x0, 0x8, 0xff, 0xff, 0xff, 0xff,
    0xff, 0xff, 0xfa, 0x0, 0x1f, 0xff, 0xff, 0xff,
    0xff, 0xff, 0xff, 0xfa, 0x0, 0x6f, 0xff, 0xff,
    0xfa, 0x54, 0x57, 0xbf, 0xfa, 0x0, 0x8f, 0xff,
    0xff, 0xb0, 0x0, 0x0, 0x0, 0x56, 0x0, 0x7f,
    0xff, 0xff, 0xd0, 0x0, 0x0, 0x0, 0x0, 0x0,
    0x4f, 0xff, 0xff, 0xfd, 0x50, 0x0, 0x0, 0x0,
    0x0, 0xd, 0xff, 0xff, 0xff, 0xfe, 0x94, 0x0,
    0x0, 0x0, 0x2, 0xef, 0xff, 0xff, 0xff, 0xff,
    0xd7, 0x0, 0x0, 0x0, 0x1a, 0xff, 0xff, 0xff,
    0xff, 0xff, 0xd3, 0x0, 0x0, 0x0, 0x28, 0xdf,
    0xff, 0xff, 0xff, 0xfe, 0x20, 0x0, 0x0, 0x0,
    0x2, 0x7e, 0xff, 0xff, 0xff, 0xb0, 0x0, 0x0,
    0x0, 0x0, 0x0, 0xaf, 0xff, 0xff, 0xf0, 0x86,
    0x0, 0x0, 0x0, 0x0, 0x2f, 0xff, 0xff, 0xf2,
    0x9f, 0xe8, 0x20, 0x0, 0x0, 0x5f, 0xff, 0xff,
    0xf2, 0x9f, 0xff, 0xfe, 0xa9, 0x8a, 0xff, 0xff,
    0xff, 0xf0, 0x9f, 0xff, 0xff, 0xff, 0xff, 0xff,
    0xff, 0xff, 0xb0, 0x9f, 0xff, 0xff, 0xff, 0xff,
    0xff, 0xff, 0xff, 0x20, 0x6f, 0xff, 0xff, 0xff,
    0xff, 0xff, 0xff, 0xf4, 0x0, 0x1, 0x7b, 0xff,
    0xff, 0xff, 0xff, 0xfb, 0x20, 0x0, 0x0, 0x0,
    0x2, 0x46, 0x77, 0x75, 0x10, 0x0, 0x0,

    /* U+0074 "t" */
    0x0, 0x5, 0xff, 0xff, 0xfb, 0x0, 0x0, 0x0,
    0x5, 0xff, 0xff, 0xfb, 0x0, 0x0, 0x0, 0x5,
    0xff, 0xff, 0xfb, 0x0, 0x0, 0x0, 0x5, 0xff,
    0xff, 0xfb, 0x0, 0x0, 0x0, 0x5, 0xff, 0xff,
    0xfb, 0x0, 0x0, 0x0, 0x5, 0xff, 0xff, 0xfb,
    0x0, 0x0, 0x0, 0x5, 0xff, 0xff, 0xfb, 0x0,
    0x0, 0x7f, 0xff, 0xff, 0xff, 0xff, 0xff, 0xfd,
    0x7f, 0xff, 0xff, 0xff, 0xff, 0xff, 0xfd, 0x7f,
    0xff, 0xff, 0xff, 0xff, 0xff, 0xfd, 0x7f, 0xff,
    0xff, 0xff, 0xff, 0xff, 0xfd, 0x6d, 0xde, 0xff,
    0xff, 0xff, 0xdd, 0xdb, 0x0, 0x5, 0xff, 0xff,
    0xfb, 0x0, 0x0, 0x0, 0x5, 0xff, 0xff, 0xfb,
    0x0, 0x0, 0x0, 0x5, 0xff, 0xff, 0xfb, 0x0,
    0x0, 0x0, 0x5, 0xff, 0xff, 0xfb, 0x0, 0x0,
    0x0, 0x5, 0xff, 0xff, 0xfb, 0x0, 0x0, 0x0,
    0x5, 0xff, 0xff, 0xfb, 0x0, 0x0, 0x0, 0x5,
    0xff, 0xff, 0xfb, 0x0, 0x0, 0x0, 0x5, 0xff,
    0xff, 0xfb, 0x0, 0x0, 0x0, 0x5, 0xff, 0xff,
    0xfb, 0x0, 0x0, 0x0, 0x5, 0xff, 0xff, 0xfb,
    0x0, 0x0, 0x0, 0x4, 0xff, 0xff, 0xfd, 0x0,
    0x0, 0x0, 0x3, 0xff, 0xff, 0xff, 0xb7, 0x75,
    0x0, 0x1, 0xff, 0xff, 0xff, 0xff, 0xfb, 0x0,
    0x0, 0xdf, 0xff, 0xff, 0xff, 0xfb, 0x0, 0x0,
    0x4f, 0xff, 0xff, 0xff, 0xfb, 0x0, 0x0, 0x5,
    0xef, 0xff, 0xff, 0xfb, 0x0, 0x0, 0x0, 0x3,
    0x67, 0x77, 0x63,

    /* U+0075 "u" */
    0xf, 0xff, 0xff, 0xf5, 0x0, 0x0, 0x0, 0x2f,
    0xff, 0xff, 0xf3, 0x0, 0xff, 0xff, 0xff, 0x50,
    0x0, 0x0, 0x2, 0xff, 0xff, 0xff, 0x30, 0xf,
    0xff, 0xff, 0xf5, 0x0, 0x0, 0x0, 0x2f, 0xff,
    0xff, 0xf3, 0x0, 0xff, 0xff, 0xff, 0x50, 0x0,
    0x0, 0x2, 0xff, 0xff, 0xff, 0x30, 0xf, 0xff,
    0xff, 0xf5, 0x0, 0x0, 0x0, 0x2f, 0xff, 0xff,
    0xf3, 0x0, 0xff, 0xff, 0xff, 0x50, 0x0, 0x0,
    0x2, 0xff, 0xff, 0xff, 0x30, 0xf, 0xff, 0xff,
    0xf5, 0x0, 0x0, 0x0, 0x2f, 0xff, 0xff, 0xf3,
    0x0, 0xff, 0xff, 0xff, 0x50, 0x0, 0x0, 0x2,
    0xff, 0xff, 0xff, 0x30, 0xf, 0xff, 0xff, 0xf5,
    0x0, 0x0, 0x0, 0x2f, 0xff, 0xff, 0xf3, 0x0,
    0xff, 0xff, 0xff, 0x50, 0x0, 0x0, 0x2, 0xff,
    0xff, 0xff, 0x30, 0xf, 0xff, 0xff, 0xf5, 0x0,
    0x0, 0x0, 0x2f, 0xff, 0xff, 0xf3, 0x0, 0xff,
    0xff, 0xff, 0x50, 0x0, 0x0, 0x2, 0xff, 0xff,
    0xff, 0x30, 0xf, 0xff, 0xff, 0xf5, 0x0, 0x0,
    0x0, 0x2f, 0xff, 0xff, 0xf3, 0x0, 0xff, 0xff,
    0xff, 0x50, 0x0, 0x0, 0x2, 0xff, 0xff, 0xff,
    0x30, 0xf, 0xff, 0xff, 0xf6, 0x0, 0x0, 0x0,
    0x3f, 0xff, 0xff, 0xf3, 0x0, 0xff, 0xff, 0xff,
    0xc0, 0x0, 0x0, 0x6e, 0xff, 0xff, 0xff, 0x30,
    0xe, 0xff, 0xff, 0xff, 0xd7, 0x69, 0xef, 0xff,
    0xff, 0xff, 0xf3, 0x0, 0xaf, 0xff, 0xff, 0xff,
    0xff, 0xff, 0xff, 0xff, 0xff, 0xff, 0x40, 0x3,
    0xff, 0xff, 0xff, 0xff, 0xff, 0xff, 0xed, 0xff,
    0xff, 0xf5, 0x0, 0x6, 0xff, 0xff, 0xff, 0xff,
    0xff, 0xb1, 0x8f, 0xff, 0xff, 0x70, 0x0, 0x4,
    0xdf, 0xff, 0xff, 0xfb, 0x40, 0x2, 0xff, 0xff,
    0xfd, 0x0, 0x0, 0x0, 0x36, 0x76, 0x40, 0x0,
    0x0, 0x0, 0x0, 0x0, 0x0,

    /* U+0076 "v" */
    0xaf, 0xff, 0xff, 0xd0, 0x0, 0x0, 0x0, 0x0,
    0xe, 0xff, 0xff, 0xf8, 0x4f, 0xff, 0xff, 0xf2,
    0x0, 0x0, 0x0, 0x0, 0x3f, 0xff, 0xff, 0xf3,
    0xf, 0xff, 0xff, 0xf6, 0x0, 0x0, 0x0, 0x0,
    0x8f, 0xff, 0xff, 0xd0, 0xa, 0xff, 0xff, 0xfb,
    0x0, 0x0, 0x0, 0x0, 0xdf, 0xff, 0xff, 0x80,
    0x5, 0xff, 0xff, 0xff, 0x0, 0x0, 0x0, 0x2,
    0xff, 0xff, 0xff, 0x30, 0x0, 0xff, 0xff, 0xff,
    0x50, 0x0, 0x0, 0x6, 0xff, 0xff, 0xfe, 0x0,
    0x0, 0xaf, 0xff, 0xff, 0xa0, 0x0, 0x0, 0xb,
    0xff, 0xff, 0xf9, 0x0, 0x0, 0x5f, 0xff, 0xff,
    0xe0, 0x0, 0x0, 0xf, 0xff, 0xff, 0xf3, 0x0,
    0x0, 0xf, 0xff, 0xff, 0xf3, 0x0, 0x0, 0x5f,
    0xff, 0xff, 0xe0, 0x0, 0x0, 0xb, 0xff, 0xff,
    0xf8, 0x0, 0x0, 0xaf, 0xff, 0xff, 0x90, 0x0,
    0x0, 0x6, 0xff, 0xff, 0xfd, 0x0, 0x0, 0xef,
    0xff, 0xff, 0x40, 0x0, 0x0, 0x1, 0xff, 0xff,
    0xff, 0x20, 0x3, 0xff, 0xff, 0xfe, 0x0, 0x0,
    0x0, 0x0, 0xbf, 0xff, 0xff, 0x60, 0x8, 0xff,
    0xff, 0xf9, 0x0, 0x0, 0x0, 0x0, 0x6f, 0xff,
    0xff, 0xb0, 0xd, 0xff, 0xff, 0xf4, 0x0, 0x0,
    0x0, 0x0, 0x1f, 0xff, 0xff, 0xf0, 0x2f, 0xff,
    0xff, 0xf0, 0x0, 0x0, 0x0, 0x0, 0xb, 0xff,
    0xff, 0xf5, 0x7f, 0xff, 0xff, 0xa0, 0x0, 0x0,
    0x0, 0x0, 0x6, 0xff, 0xff, 0xfa, 0xbf, 0xff,
    0xff, 0x40, 0x0, 0x0, 0x0, 0x0, 0x1, 0xff,
    0xff, 0xff, 0xff, 0xff, 0xff, 0x0, 0x0, 0x0,
    0x0, 0x0, 0x0, 0xcf, 0xff, 0xff, 0xff, 0xff,
    0xfa, 0x0, 0x0, 0x0, 0x0, 0x0, 0x0, 0x7f,
    0xff, 0xff, 0xff, 0xff, 0xf5, 0x0, 0x0, 0x0,
    0x0, 0x0, 0x0, 0x1f, 0xff, 0xff, 0xff, 0xff,
    0xf0, 0x0, 0x0, 0x0,

    /* U+0077 "w" */
    0x4f, 0xff, 0xff, 0xf0, 0x0, 0x0, 0x0, 0x5f,
    0xff, 0xff, 0x90, 0x0, 0x0, 0x0, 0xdf, 0xff,
    0xff, 0x70, 0xef, 0xff, 0xff, 0x40, 0x0, 0x0,
    0x9, 0xff, 0xff, 0xfd, 0x0, 0x0, 0x0, 0x1f,
    0xff, 0xff, 0xf2, 0xa, 0xff, 0xff, 0xf8, 0x0,
    0x0, 0x0, 0xdf, 0xff, 0xff, 0xf1, 0x0, 0x0,
    0x5, 0xff, 0xff, 0xfd, 0x0, 0x5f, 0xff, 0xff,
    0xc0, 0x0, 0x0, 0x1f, 0xff, 0xff, 0xff, 0x40,
    0x0, 0x0, 0x9f, 0xff, 0xff, 0x80, 0x0, 0xff,
    0xff, 0xff, 0x0, 0x0, 0x4, 0xff, 0xff, 0xff,
    0xf8, 0x0, 0x0, 0xd, 0xff, 0xff, 0xf3, 0x0,
    0xb, 0xff, 0xff, 0xf4, 0x0, 0x0, 0x8f, 0xff,
    0xff, 0xff, 0xc0, 0x0, 0x1, 0xff, 0xff, 0xfe,
    0x0, 0x0, 0x6f, 0xff, 0xff, 0x80, 0x0, 0xc,
    0xff, 0xff, 0xff, 0xff, 0x0, 0x0, 0x5f, 0xff,
    0xff, 0x90, 0x0, 0x1, 0xff, 0xff, 0xfc, 0x0,
    0x0, 0xff, 0xff, 0x8f, 0xff, 0xf4, 0x0, 0x9,
    0xff, 0xff, 0xf4, 0x0, 0x0, 0xd, 0xff, 0xff,
    0xf0, 0x0, 0x4f, 0xff, 0xf2, 0xff, 0xff, 0x70,
    0x0, 0xdf, 0xff, 0xff, 0x0, 0x0, 0x0, 0x8f,
    0xff, 0xff, 0x40, 0x8, 0xff, 0xfe, 0xc, 0xff,
    0xfb, 0x0, 0x1f, 0xff, 0xff, 0xb0, 0x0, 0x0,
    0x3, 0xff, 0xff, 0xf8, 0x0, 0xbf, 0xff, 0xb0,
    0x8f, 0xff, 0xf0, 0x5, 0xff, 0xff, 0xf6, 0x0,
    0x0, 0x0, 0xe, 0xff, 0xff, 0xc0, 0xf, 0xff,
    0xf8, 0x5, 0xff, 0xff, 0x30, 0x9f, 0xff, 0xff,
    0x10, 0x0, 0x0, 0x0, 0x9f, 0xff, 0xff, 0x3,
    0xff, 0xff, 0x50, 0x2f, 0xff, 0xf6, 0xd, 0xff,
    0xff, 0xc0, 0x0, 0x0, 0x0, 0x4, 0xff, 0xff,
    0xf4, 0x7f, 0xff, 0xf1, 0x0, 0xef, 0xff, 0xa1,
    0xff, 0xff, 0xf7, 0x0, 0x0, 0x0, 0x0, 0xf,
    0xff, 0xff, 0x8b, 0xff, 0xfe, 0x0, 0xb, 0xff,
    0xfe, 0x5f, 0xff, 0xff, 0x20, 0x0, 0x0, 0x0,
    0x0, 0xaf, 0xff, 0xfc, 0xef, 0xff, 0xb0, 0x0,
    0x8f, 0xff, 0xfb, 0xff, 0xff, 0xd0, 0x0, 0x0,
    0x0, 0x0, 0x6, 0xff, 0xff, 0xff, 0xff, 0xf7,
    0x0, 0x4, 0xff, 0xff, 0xff, 0xff, 0xf9, 0x0,
    0x0, 0x0, 0x0, 0x0, 0x1f, 0xff, 0xff, 0xff,
    0xff, 0x40, 0x0, 0x1f, 0xff, 0xff, 0xff, 0xff,
    0x40, 0x0, 0x0, 0x0, 0x0, 0x0, 0xcf, 0xff,
    0xff, 0xff, 0xf1, 0x0, 0x0, 0xef, 0xff, 0xff,
    0xff, 0xf0, 0x0, 0x0, 0x0, 0x0, 0x0, 0x7,
    0xff, 0xff, 0xff, 0xfd, 0x0, 0x0, 0xa, 0xff,
    0xff, 0xff, 0xfa, 0x0, 0x0, 0x0, 0x0, 0x0,
    0x0, 0x2f, 0xff, 0xff, 0xff, 0xa0, 0x0, 0x0,
    0x7f, 0xff, 0xff, 0xff, 0x50, 0x0, 0x0, 0x0,

    /* U+0078 "x" */
    0xc, 0xff, 0xff, 0xfa, 0x0, 0x0, 0x0, 0x0,
    0x6f, 0xff, 0xff, 0xf2, 0x2, 0xff, 0xff, 0xff,
    0x50, 0x0, 0x0, 0x2, 0xff, 0xff, 0xff, 0x50,
    0x0, 0x6f, 0xff, 0xff, 0xe1, 0x0, 0x0, 0xc,
    0xff, 0xff, 0xf9, 0x0, 0x0, 0xa, 0xff, 0xff,
    0xfb, 0x0, 0x0, 0x7f, 0xff, 0xff, 0xd0, 0x0,
    0x0, 0x0, 0xdf, 0xff, 0xff, 0x60, 0x2, 0xff,
    0xff, 0xff, 0x20, 0x0, 0x0, 0x0, 0x3f, 0xff,
    0xff, 0xf2, 0xd, 0xff, 0xff, 0xf6, 0x0, 0x0,
    0x0, 0x0, 0x7, 0xff, 0xff, 0xfc, 0x8f, 0xff,
    0xff, 0xb0, 0x0, 0x0, 0x0, 0x0, 0x0, 0xbf,
    0xff, 0xff, 0xff, 0xff, 0xfe, 0x10, 0x0, 0x0,
    0x0, 0x0, 0x0, 0x1e, 0xff, 0xff, 0xff, 0xff,
    0xf3, 0x0, 0x0, 0x0, 0x0, 0x0, 0x0, 0x4,
    0xff, 0xff, 0xff, 0xff, 0x80, 0x0, 0x0, 0x0,
    0x0, 0x0, 0x0, 0x0, 0xaf, 0xff, 0xff, 0xfe,
    0x0, 0x0, 0x0, 0x0, 0x0, 0x0, 0x0, 0x2,
    0xff, 0xff, 0xff, 0xff, 0x60, 0x0, 0x0, 0x0,
    0x0, 0x0, 0x0, 0xd, 0xff, 0xff, 0xff, 0xff,
    0xf2, 0x0, 0x0, 0x0, 0x0, 0x0, 0x0, 0x9f,
    0xff, 0xff, 0xff, 0xff, 0xfc, 0x0, 0x0, 0x0,
    0x0, 0x0, 0x5, 0xff, 0xff, 0xfc, 0x9f, 0xff,
    0xff, 0x90, 0x0, 0x0, 0x0, 0x0, 0x1e, 0xff,
    0xff, 0xf2, 0xd, 0xff, 0xff, 0xf4, 0x0, 0x0,
    0x0, 0x0, 0xcf, 0xff, 0xff, 0x70, 0x4, 0xff,
    0xff, 0xfe, 0x10, 0x0, 0x0, 0x8, 0xff, 0xff,
    0xfd, 0x0, 0x0, 0x9f, 0xff, 0xff, 0xb0, 0x0,
    0x0, 0x3f, 0xff, 0xff, 0xf3, 0x0, 0x0, 0xe,
    0xff, 0xff, 0xf7, 0x0, 0x1, 0xef, 0xff, 0xff,
    0x80, 0x0, 0x0, 0x4, 0xff, 0xff, 0xff, 0x30,
    0xa, 0xff, 0xff, 0xfd, 0x0, 0x0, 0x0, 0x0,
    0x9f, 0xff, 0xff, 0xd0,

    /* U+0079 "y" */
    0xcf, 0xff, 0xff, 0xb0, 0x0, 0x0, 0x0, 0x0,
    0x8f, 0xff, 0xff, 0xf1, 0x5f, 0xff, 0xff, 0xf1,
    0x0, 0x0, 0x0, 0x0, 0xdf, 0xff, 0xff, 0xc0,
    0xe, 0xff, 0xff, 0xf8, 0x0, 0x0, 0x0, 0x1,
    0xff, 0xff, 0xff, 0x70, 0x8, 0xff, 0xff, 0xfe,
    0x0, 0x0, 0x0, 0x6, 0xff, 0xff, 0xff, 0x20,
    0x1, 0xff, 0xff, 0xff, 0x40, 0x0, 0x0, 0xb,
    0xff, 0xff, 0xfd, 0x0, 0x0, 0xaf, 0xff, 0xff,
    0xa0, 0x0, 0x0, 0xf, 0xff, 0xff, 0xf8, 0x0,
    0x0, 0x4f, 0xff, 0xff, 0xf1, 0x0, 0x0, 0x4f,
    0xff, 0xff, 0xf3, 0x0, 0x0, 0xd, 0xff, 0xff,
    0xf7, 0x0, 0x0, 0x8f, 0xff, 0xff, 0xd0, 0x0,
    0x0, 0x6, 0xff, 0xff, 0xfd, 0x0, 0x0, 0xdf,
    0xff, 0xff, 0x80, 0x0, 0x0, 0x0, 0xff, 0xff,
    0xff, 0x40, 0x2, 0xff, 0xff, 0xff, 0x30, 0x0,
    0x0, 0x0, 0x9f, 0xff, 0xff, 0xa0, 0x6, 0xff,
    0xff, 0xfe, 0x0, 0x0, 0x0, 0x0, 0x2f, 0xff,
    0xff, 0xf1, 0xb, 0xff, 0xff, 0xf9, 0x0, 0x0,
    0x0, 0x0, 0xb, 0xff, 0xff, 0xf7, 0xf, 0xff,
    0xff, 0xf4, 0x0, 0x0, 0x0, 0x0, 0x4, 0xff,
    0xff, 0xfd, 0x4f, 0xff, 0xff, 0xf0, 0x0, 0x0,
    0x0, 0x0, 0x0, 0xdf, 0xff, 0xff, 0xcf, 0xff,
    0xff, 0xa0, 0x0, 0x0, 0x0, 0x0, 0x0, 0x7f,
    0xff, 0xff, 0xff, 0xff, 0xff, 0x50, 0x0, 0x0,
    0x0, 0x0, 0x0, 0x1f, 0xff, 0xff, 0xff, 0xff,
    0xff, 0x10, 0x0, 0x0, 0x0, 0x0, 0x0, 0x9,
    0xff, 0xff, 0xff, 0xff, 0xfb, 0x0, 0x0, 0x0,
    0x0, 0x0, 0x0, 0x2, 0x77, 0x7d, 0xff, 0xff,
    0xf6, 0x0, 0x0, 0x0, 0x0, 0x0, 0x0, 0x0,
    0x0, 0xf, 0xff, 0xff, 0xf1, 0x0, 0x0, 0x0,
    0x0, 0x0, 0x0, 0x0, 0x0, 0x4f, 0xff, 0xff,
    0xc0, 0x0, 0x0, 0x0, 0x0, 0x0, 0x0, 0x0,
    0x0, 0xbf, 0xff, 0xff, 0x70, 0x0, 0x0, 0x0,
    0x0, 0x0, 0x0, 0x0, 0x5, 0xff, 0xff, 0xff,
    0x10, 0x0, 0x0, 0x0, 0x0, 0x0, 0x0, 0x0,
    0x6f, 0xff, 0xff, 0xfa, 0x0, 0x0, 0x0, 0x0,
    0x0, 0x12, 0x35, 0x9e, 0xff, 0xff, 0xff, 0xf2,
    0x0, 0x0, 0x0, 0x0, 0x0, 0xef, 0xff, 0xff,
    0xff, 0xff, 0xff, 0x60, 0x0, 0x0, 0x0, 0x0,
    0x0, 0xef, 0xff, 0xff, 0xff, 0xff, 0xf8, 0x0,
    0x0, 0x0, 0x0, 0x0, 0x0, 0xef, 0xff, 0xff,
    0xff, 0xff, 0x50, 0x0, 0x0, 0x0, 0x0, 0x0,
    0x0, 0xef, 0xff, 0xff, 0xfe, 0x81, 0x0, 0x0,
    0x0, 0x0, 0x0, 0x0, 0x0, 0xef, 0xec, 0xa8,
    0x30, 0x0, 0x0, 0x0, 0x0, 0x0, 0x0, 0x0,

    /* U+007A "z" */
    0xf, 0xff, 0xff, 0xff, 0xff, 0xff, 0xff, 0xff,
    0xff, 0x50, 0xff, 0xff, 0xff, 0xff, 0xff, 0xff,
    0xff, 0xff, 0xf5, 0xf, 0xff, 0xff, 0xff, 0xff,
    0xff, 0xff, 0xff, 0xff, 0x50, 0xff, 0xff, 0xff,
    0xff, 0xff, 0xff, 0xff, 0xff, 0xf5, 0xd, 0xdd,
    0xdd, 0xdd, 0xdd, 0xdf, 0xff, 0xff, 0xff, 0x50,
    0x0, 0x0, 0x0, 0x0, 0x4, 0xff, 0xff, 0xff,
    0xb0, 0x0, 0x0, 0x0, 0x0, 0x3, 0xff, 0xff,
    0xff, 0xb0, 0x0, 0x0, 0x0, 0x0, 0x3, 0xff,
    0xff, 0xff, 0xb0, 0x0, 0x0, 0x0, 0x0, 0x3,
    0xff, 0xff, 0xff, 0xb0, 0x0, 0x0, 0x0, 0x0,
    0x3, 0xff, 0xff, 0xff, 0xb0, 0x0, 0x0, 0x0,
    0x0, 0x3, 0xff, 0xff, 0xff, 0xb0, 0x0, 0x0,
    0x0, 0x0, 0x3, 0xef, 0xff, 0xff, 0xc0, 0x0,
    0x0, 0x0, 0x0, 0x3, 0xef, 0xff, 0xff, 0xc0,
    0x0, 0x0, 0x0, 0x0, 0x2, 0xef, 0xff, 0xff,
    0xc0, 0x0, 0x0, 0x0, 0x0, 0x2, 0xef, 0xff,
    0xff, 0xc0, 0x0, 0x0, 0x0, 0x0, 0x2, 0xef,
    0xff, 0xff, 0xc0, 0x0, 0x0, 0x0, 0x0, 0x0,
    0xcf, 0xff, 0xff, 0xfd, 0xdd, 0xdd, 0xdd, 0xdd,
    0xdd, 0x8c, 0xff, 0xff, 0xff, 0xff, 0xff, 0xff,
    0xff, 0xff, 0xfa, 0xcf, 0xff, 0xff, 0xff, 0xff,
    0xff, 0xff, 0xff, 0xff, 0xac, 0xff, 0xff, 0xff,
    0xff, 0xff, 0xff, 0xff, 0xff, 0xfa, 0xcf, 0xff,
    0xff, 0xff, 0xff, 0xff, 0xff, 0xff, 0xff, 0xa0,

    /* U+007B "{" */
    0x0, 0x0, 0x0, 0x0, 0x0, 0x1, 0x0, 0x0,
    0x0, 0x1, 0x7b, 0xef, 0xf2, 0x0, 0x0, 0x6,
    0xff, 0xff, 0xff, 0x20, 0x0, 0x6, 0xff, 0xff,
    0xff, 0xf2, 0x0, 0x1, 0xff, 0xff, 0xff, 0xff,
    0x20, 0x0, 0x6f, 0xff, 0xff, 0xff, 0xf2, 0x0,
    0xa, 0xff, 0xff, 0xfb, 0x20, 0x0, 0x0, 0xcf,
    0xff, 0xff, 0x10, 0x0, 0x0, 0xd, 0xff, 0xff,
    0xf0, 0x0, 0x0, 0x0, 0xdf, 0xff, 0xff, 0x0,
    0x0, 0x0, 0xd, 0xff, 0xff, 0xf0, 0x0, 0x0,
    0x0, 0xdf, 0xff, 0xff, 0x0, 0x0, 0x0, 0xd,
    0xff, 0xff, 0xf0, 0x0, 0x0, 0x0, 0xdf, 0xff,
    0xff, 0x0, 0x0, 0x0, 0xd, 0xff, 0xff, 0xf0,
    0x0, 0x0, 0x0, 0xef, 0xff, 0xff, 0x0, 0x0,
    0x0, 0x1f, 0xff, 0xff, 0xd0, 0x0, 0x2, 0x5c,
    0xff, 0xff, 0xf9, 0x0, 0x0, 0xbf, 0xff, 0xff,
    0xfd, 0x10, 0x0, 0xb, 0xff, 0xff, 0xc7, 0x0,
    0x0, 0x0, 0xbf, 0xff, 0xfe, 0x91, 0x0, 0x0,
    0xb, 0xff, 0xff, 0xff, 0xe2, 0x0, 0x0, 0x2,
    0xaf, 0xff, 0xff, 0x90, 0x0, 0x0, 0x0, 0xff,
    0xff, 0xfd, 0x0, 0x0, 0x0, 0xd, 0xff, 0xff,
    0xf0, 0x0, 0x0, 0x0, 0xdf, 0xff, 0xff, 0x0,
    0x0, 0x0, 0xd, 0xff, 0xff, 0xf0, 0x0, 0x0,
    0x0, 0xdf, 0xff, 0xff, 0x0, 0x0, 0x0, 0xd,
    0xff, 0xff, 0xf0, 0x0, 0x0, 0x0, 0xdf, 0xff,
    0xff, 0x0, 0x0, 0x0, 0xd, 0xff, 0xff, 0xf0,
    0x0, 0x0, 0x0, 0xdf, 0xff, 0xff, 0x0, 0x0,
    0x0, 0xc, 0xff, 0xff, 0xf2, 0x0, 0x0, 0x0,
    0xaf, 0xff, 0xff, 0xc4, 0x20, 0x0, 0x6, 0xff,
    0xff, 0xff, 0xff, 0x20, 0x0, 0xe, 0xff, 0xff,
    0xff, 0xf2, 0x0, 0x0, 0x4f, 0xff, 0xff, 0xff,
    0x20, 0x0, 0x0, 0x4e, 0xff, 0xff, 0xf2, 0x0,
    0x0, 0x0, 0x5, 0x9c, 0xef, 0x10,

    /* U+007C "|" */
    0x33, 0x33, 0x2f, 0xff, 0xff, 0xff, 0xff, 0xff,
    0xff, 0xff, 0xff, 0xff, 0xff, 0xff, 0xff, 0xff,
    0xff, 0xff, 0xff, 0xff, 0xff, 0xff, 0xff, 0xff,
    0xff, 0xff, 0xff, 0xff, 0xff, 0xff, 0xff, 0xff,
    0xff, 0xff, 0xff, 0xff, 0xff, 0xff, 0xff, 0xff,
    0xff, 0xff, 0xff, 0xff, 0xff, 0xff, 0xff, 0xff,
    0xff, 0xff, 0xff, 0xff, 0xff, 0xff, 0xff, 0xff,
    0xff, 0xff, 0xff, 0xff, 0xff, 0xff, 0xff, 0xff,
    0xff, 0xff, 0xff, 0xff, 0xff, 0xff, 0xff, 0xff,
    0xff, 0xff, 0xff, 0xff, 0xff, 0xff, 0xff, 0xff,
    0xff, 0xff, 0xff, 0xff, 0xff, 0xff, 0xff, 0xff,
    0xff, 0xff, 0xff, 0xff, 0xff, 0xff, 0xff, 0xff,
    0xff, 0xf0,

    /* U+007D "}" */
    0x1, 0x0, 0x0, 0x0, 0x0, 0x0, 0x2, 0xff,
    0xeb, 0x61, 0x0, 0x0, 0x0, 0x2f, 0xff, 0xff,
    0xf5, 0x0, 0x0, 0x2, 0xff, 0xff, 0xff, 0xf6,
    0x0, 0x0, 0x2f, 0xff, 0xff, 0xff, 0xf1, 0x0,
    0x2, 0xff, 0xff, 0xff, 0xff, 0x60, 0x0, 0x0,
    0x2b, 0xff, 0xff, 0xfa, 0x0, 0x0, 0x0, 0x2f,
    0xff, 0xff, 0xc0, 0x0, 0x0, 0x0, 0xff, 0xff,
    0xfd, 0x0, 0x0, 0x0, 0xf, 0xff, 0xff, 0xd0,
    0x0, 0x0, 0x0, 0xff, 0xff, 0xfd, 0x0, 0x0,
    0x0, 0xf, 0xff, 0xff, 0xd0, 0x0, 0x0, 0x0,
    0xff, 0xff, 0xfd, 0x0, 0x0, 0x0, 0xf, 0xff,
    0xff, 0xd0, 0x0, 0x0, 0x0, 0xff, 0xff, 0xfd,
    0x0, 0x0, 0x0, 0xf, 0xff, 0xff, 0xd0, 0x0,
    0x0, 0x0, 0xef, 0xff, 0xff, 0x10, 0x0, 0x0,
    0x9, 0xff, 0xff, 0xfc, 0x52, 0x0, 0x0, 0x1d,
    0xff, 0xff, 0xff, 0xb0, 0x0, 0x0, 0x6, 0xcf,
    0xff, 0xfb, 0x0, 0x0, 0x2, 0xaf, 0xff, 0xff,
    0xb0, 0x0, 0x2, 0xff, 0xff, 0xff, 0xfb, 0x0,
    0x0, 0xaf, 0xff, 0xff, 0xa2, 0x0, 0x0, 0xe,
    0xff, 0xff, 0xf0, 0x0, 0x0, 0x0, 0xff, 0xff,
    0xfd, 0x0, 0x0, 0x0, 0xf, 0xff, 0xff, 0xd0,
    0x0, 0x0, 0x0, 0xff, 0xff, 0xfd, 0x0, 0x0,
    0x0, 0xf, 0xff, 0xff, 0xd0, 0x0, 0x0, 0x0,
    0xff, 0xff, 0xfd, 0x0, 0x0, 0x0, 0xf, 0xff,
    0xff, 0xd0, 0x0, 0x0, 0x0, 0xff, 0xff, 0xfd,
    0x0, 0x0, 0x0, 0xf, 0xff, 0xff, 0xd0, 0x0,
    0x0, 0x3, 0xff, 0xff, 0xfc, 0x0, 0x0, 0x24,
    0xcf, 0xff, 0xff, 0xa0, 0x0, 0x2f, 0xff, 0xff,
    0xff, 0xf6, 0x0, 0x2, 0xff, 0xff, 0xff, 0xfe,
    0x0, 0x0, 0x2f, 0xff, 0xff, 0xff, 0x40, 0x0,
    0x2, 0xff, 0xff, 0xfe, 0x40, 0x0, 0x0, 0x1f,
    0xec, 0x95, 0x0, 0x0, 0x0, 0x0,

    /* U+007E "~" */
    0x0, 0x0, 0x12, 0x10, 0x0, 0x0, 0x0, 0x0,
    0x0, 0x0, 0x0, 0x29, 0xef, 0xff, 0xfc, 0x71,
    0x0, 0x0, 0x0, 0x0, 0x0, 0x7f, 0xff, 0xff,
    0xff, 0xff, 0xf7, 0x0, 0x0, 0x0, 0x3, 0xdd,
    0xff, 0xff, 0xff, 0xff, 0xff, 0xfe, 0x84, 0x34,
    0x7c, 0xff, 0xdf, 0xff, 0xff, 0xff, 0xff, 0xff,
    0xff, 0xff, 0xff, 0xff, 0xfd, 0xff, 0xff, 0xff,
    0xff, 0xff, 0xff, 0xff, 0xff, 0xff, 0xff, 0xdf,
    0xa5, 0x10, 0x14, 0xaf, 0xff, 0xff, 0xff, 0xff,
    0xff, 0xfa, 0x20, 0x0, 0x0, 0x0, 0x3c, 0xff,
    0xff, 0xff, 0xff, 0xf6, 0x0, 0x0, 0x0, 0x0,
    0x0, 0x3, 0x9d, 0xff, 0xec, 0x71, 0x0
};


/*---------------------
 *  GLYPH DESCRIPTION
 *--------------------*/

static const lv_font_fmt_txt_glyph_dsc_t glyph_dsc[] = {
    {.bitmap_index = 0, .adv_w = 0, .box_w = 0, .box_h = 0, .ofs_x = 0, .ofs_y = 0} /* id = 0 reserved */,
    {.bitmap_index = 0, .adv_w = 166, .box_w = 0, .box_h = 0, .ofs_x = 0, .ofs_y = 0},
    {.bitmap_index = 0, .adv_w = 238, .box_w = 7, .box_h = 28, .ofs_x = 4, .ofs_y = 0},
    {.bitmap_index = 98, .adv_w = 266, .box_w = 14, .box_h = 12, .ofs_x = 1, .ofs_y = 20},
    {.bitmap_index = 182, .adv_w = 384, .box_w = 24, .box_h = 28, .ofs_x = 0, .ofs_y = 0},
    {.bitmap_index = 518, .adv_w = 378, .box_w = 20, .box_h = 38, .ofs_x = 2, .ofs_y = -6},
    {.bitmap_index = 898, .adv_w = 532, .box_w = 29, .box_h = 30, .ofs_x = 2, .ofs_y = -1},
    {.bitmap_index = 1333, .adv_w = 422, .box_w = 26, .box_h = 30, .ofs_x = 0, .ofs_y = -1},
    {.bitmap_index = 1723, .adv_w = 147, .box_w = 7, .box_h = 12, .ofs_x = 1, .ofs_y = 20},
    {.bitmap_index = 1765, .adv_w = 253, .box_w = 13, .box_h = 39, .ofs_x = 2, .ofs_y = -6},
    {.bitmap_index = 2019, .adv_w = 253, .box_w = 13, .box_h = 39, .ofs_x = 1, .ofs_y = -6},
    {.bitmap_index = 2273, .adv_w = 296, .box_w = 17, .box_h = 16, .ofs_x = 1, .ofs_y = 15},
    {.bitmap_index = 2409, .adv_w = 371, .box_w = 21, .box_h = 21, .ofs_x = 1, .ofs_y = 3},
    {.bitmap_index = 2630, .adv_w = 211, .box_w = 10, .box_h = 12, .ofs_x = 1, .ofs_y = -5},
    {.bitmap_index = 2690, .adv_w = 282, .box_w = 13, .box_h = 5, .ofs_x = 2, .ofs_y = 10},
    {.bitmap_index = 2723, .adv_w = 211, .box_w = 7, .box_h = 7, .ofs_x = 3, .ofs_y = 0},
    {.bitmap_index = 2748, .adv_w = 321, .box_w = 16, .box_h = 30, .ofs_x = 2, .ofs_y = -1},
    {.bitmap_index = 2988, .adv_w = 378, .box_w = 21, .box_h = 30, .ofs_x = 1, .ofs_y = -1},
    {.bitmap_index = 3303, .adv_w = 269, .box_w = 12, .box_h = 28, .ofs_x = 1, .ofs_y = 0},
    {.bitmap_index = 3471, .adv_w = 378, .box_w = 20, .box_h = 29, .ofs_x = 2, .ofs_y = 0},
    {.bitmap_index = 3761, .adv_w = 378, .box_w = 20, .box_h = 30, .ofs_x = 2, .ofs_y = -1},
    {.bitmap_index = 4061, .adv_w = 378, .box_w = 22, .box_h = 28, .ofs_x = 1, .ofs_y = 0},
    {.bitmap_index = 4369, .adv_w = 378, .box_w = 20, .box_h = 29, .ofs_x = 2, .ofs_y = -1},
    {.bitmap_index = 4659, .adv_w = 378, .box_w = 21, .box_h = 30, .ofs_x = 1, .ofs_y = -1},
    {.bitmap_index = 4974, .adv_w = 352, .box_w = 20, .box_h = 28, .ofs_x = 2, .ofs_y = 0},
    {.bitmap_index = 5254, .adv_w = 378, .box_w = 21, .box_h = 30, .ofs_x = 1, .ofs_y = -1},
    {.bitmap_index = 5569, .adv_w = 378, .box_w = 21, .box_h = 30, .ofs_x = 1, .ofs_y = -1},
    {.bitmap_index = 5884, .adv_w = 259, .box_w = 8, .box_h = 21, .ofs_x = 4, .ofs_y = 0},
    {.bitmap_index = 5968, .adv_w = 259, .box_w = 10, .box_h = 27, .ofs_x = 2, .ofs_y = -6},
    {.bitmap_index = 6103, .adv_w = 371, .box_w = 21, .box_h = 24, .ofs_x = 1, .ofs_y = 1},
    {.bitmap_index = 6355, .adv_w = 371, .box_w = 21, .box_h = 16, .ofs_x = 1, .ofs_y = 5},
    {.bitmap_index = 6523, .adv_w = 371, .box_w = 21, .box_h = 24, .ofs_x = 1, .ofs_y = 1},
    {.bitmap_index = 6775, .adv_w = 287, .box_w = 16, .box_h = 28, .ofs_x = 1, .ofs_y = 0},
    {.bitmap_index = 6999, .adv_w = 547, .box_w = 32, .box_h = 33, .ofs_x = 1, .ofs_y = -4},
    {.bitmap_index = 7527, .adv_w = 464, .box_w = 29, .box_h = 28, .ofs_x = 0, .ofs_y = 0},
    {.bitmap_index = 7933, .adv_w = 431, .box_w = 24, .box_h = 28, .ofs_x = 2, .ofs_y = 0},
    {.bitmap_index = 8269, .adv_w = 438, .box_w = 25, .box_h = 30, .ofs_x = 1, .ofs_y = -1},
    {.bitmap_index = 8644, .adv_w = 450, .box_w = 25, .box_h = 28, .ofs_x = 2, .ofs_y = 0},
    {.bitmap_index = 8994, .adv_w = 372, .box_w = 21, .box_h = 28, .ofs_x = 2, .ofs_y = 0},
    {.bitmap_index = 9288, .adv_w = 355, .box_w = 19, .box_h = 28, .ofs_x = 2, .ofs_y = 0},
    {.bitmap_index = 9554, .adv_w = 451, .box_w = 26, .box_h = 30, .ofs_x = 1, .ofs_y = -1},
    {.bitmap_index = 9944, .adv_w = 460, .box_w = 25, .box_h = 28, .ofs_x = 2, .ofs_y = 0},
    {.bitmap_index = 10294, .adv_w = 186, .box_w = 8, .box_h = 28, .ofs_x = 2, .ofs_y = 0},
    {.bitmap_index = 10406, .adv_w = 211, .box_w = 12, .box_h = 34, .ofs_x = -1, .ofs_y = -6},
    {.bitmap_index = 10610, .adv_w = 431, .box_w = 25, .box_h = 28, .ofs_x = 2, .ofs_y = 0},
    {.bitmap_index = 10960, .adv_w = 334, .box_w = 19, .box_h = 28, .ofs_x = 2, .ofs_y = 0},
    {.bitmap_index = 11226, .adv_w = 568, .box_w = 32, .box_h = 28, .ofs_x = 2, .ofs_y = 0},
    {.bitmap_index = 11674, .adv_w = 464, .box_w = 25, .box_h = 28, .ofs_x = 2, .ofs_y = 0},
    {.bitmap_index = 12024, .adv_w = 508, .box_w = 30, .box_h = 30, .ofs_x = 1, .ofs_y = -1},
    {.bitmap_index = 12474, .adv_w = 424, .box_w = 24, .box_h = 28, .ofs_x = 2, .ofs_y = 0},
    {.bitmap_index = 12810, .adv_w = 513, .box_w = 30, .box_h = 33, .ofs_x = 1, .ofs_y = -4},
    {.bitmap_index = 13305, .adv_w = 422, .box_w = 24, .box_h = 28, .ofs_x = 2, .ofs_y = 0},
    {.bitmap_index = 13641, .adv_w = 364, .box_w = 21, .box_h = 30, .ofs_x = 1, .ofs_y = -1},
    {.bitmap_index = 13956, .adv_w = 358, .box_w = 22, .box_h = 28, .ofs_x = 0, .ofs_y = 0},
    {.bitmap_index = 14264, .adv_w = 470, .box_w = 25, .box_h = 29, .ofs_x = 2, .ofs_y = -1},
    {.bitmap_index = 14627, .adv_w = 460, .box_w = 29, .box_h = 28, .ofs_x = 0, .ofs_y = 0},
    {.bitmap_index = 15033, .adv_w = 597, .box_w = 37, .box_h = 28, .ofs_x = 0, .ofs_y = 0},
    {.bitmap_index = 15551, .adv_w = 467, .box_w = 29, .box_h = 28, .ofs_x = 0, .ofs_y = 0},
    {.bitmap_index = 15957, .adv_w = 415, .box_w = 26, .box_h = 28, .ofs_x = 0, .ofs_y = 0},
    {.bitmap_index = 16321, .adv_w = 417, .box_w = 24, .box_h = 28, .ofs_x = 1, .ofs_y = 0},
    {.bitmap_index = 16657, .adv_w = 212, .box_w = 11, .box_h = 38, .ofs_x = 2, .ofs_y = -6},
    {.bitmap_index = 16866, .adv_w = 323, .box_w = 20, .box_h = 34, .ofs_x = 0, .ofs_y = -3},
    {.bitmap_index = 17206, .adv_w = 212, .box_w = 11, .box_h = 38, .ofs_x = 0, .ofs_y = -6},
    {.bitmap_index = 17415, .adv_w = 371, .box_w = 19, .box_h = 15, .ofs_x = 2, .ofs_y = 14},
    {.bitmap_index = 17558, .adv_w = 320, .box_w = 20, .box_h = 4, .ofs_x = 0, .ofs_y = -8},
    {.bitmap_index = 17598, .adv_w = 277, .box_w = 11, .box_h = 6, .ofs_x = 2, .ofs_y = 26},
    {.bitmap_index = 17631, .adv_w = 396, .box_w = 23, .box_h = 23, .ofs_x = 1, .ofs_y = -1},
    {.bitmap_index = 17896, .adv_w = 396, .box_w = 23, .box_h = 32, .ofs_x = 1, .ofs_y = -1},
    {.bitmap_index = 18264, .adv_w = 339, .box_w = 19, .box_h = 23, .ofs_x = 1, .ofs_y = -1},
    {.bitmap_index = 18483, .adv_w = 396, .box_w = 23, .box_h = 32, .ofs_x = 1, .ofs_y = -1},
    {.bitmap_index = 18851, .adv_w = 388, .box_w = 23, .box_h = 23, .ofs_x = 1, .ofs_y = -1},
    {.bitmap_index = 19116, .adv_w = 256, .box_w = 16, .box_h = 31, .ofs_x = 0, .ofs_y = 0},
    {.bitmap_index = 19364, .adv_w = 392, .box_w = 22, .box_h = 31, .ofs_x = 1, .ofs_y = -9},
    {.bitmap_index = 19705, .adv_w = 382, .box_w = 20, .box_h = 31, .ofs_x = 2, .ofs_y = 0},
    {.bitmap_index = 20015, .adv_w = 183, .box_w = 7, .box_h = 31, .ofs_x = 2, .ofs_y = 0},
    {.bitmap_index = 20124, .adv_w = 203, .box_w = 12, .box_h = 40, .ofs_x = -1, .ofs_y = -9},
    {.bitmap_index = 20364, .adv_w = 351, .box_w = 20, .box_h = 31, .ofs_x = 2, .ofs_y = 0},
    {.bitmap_index = 20674, .adv_w = 204, .box_w = 11, .box_h = 31, .ofs_x = 2, .ofs_y = 0},
    {.bitmap_index = 20845, .adv_w = 568, .box_w = 32, .box_h = 21, .ofs_x = 2, .ofs_y = 0},
    {.bitmap_index = 21181, .adv_w = 388, .box_w = 21, .box_h = 21, .ofs_x = 2, .ofs_y = 0},
    {.bitmap_index = 21402, .adv_w = 401, .box_w = 23, .box_h = 23, .ofs_x = 1, .ofs_y = -1},
    {.bitmap_index = 21667, .adv_w = 405, .box_w = 24, .box_h = 31, .ofs_x = 1, .ofs_y = -9},
    {.bitmap_index = 22039, .adv_w = 408, .box_w = 24, .box_h = 31, .ofs_x = 1, .ofs_y = -9},
    {.bitmap_index = 22411, .adv_w = 261, .box_w = 14, .box_h = 21, .ofs_x = 2, .ofs_y = 0},
    {.bitmap_index = 22558, .adv_w = 307, .box_w = 18, .box_h = 23, .ofs_x = 1, .ofs_y = -1},
    {.bitmap_index = 22765, .adv_w = 234, .box_w = 14, .box_h = 29, .ofs_x = 0, .ofs_y = -1},
    {.bitmap_index = 22968, .adv_w = 388, .box_w = 23, .box_h = 22, .ofs_x = 1, .ofs_y = -1},
    {.bitmap_index = 23221, .adv_w = 382, .box_w = 24, .box_h = 21, .ofs_x = 0, .ofs_y = 0},
    {.bitmap_index = 23473, .adv_w = 563, .box_w = 35, .box_h = 21, .ofs_x = 0, .ofs_y = 0},
    {.bitmap_index = 23841, .adv_w = 388, .box_w = 24, .box_h = 21, .ofs_x = 0, .ofs_y = 0},
    {.bitmap_index = 24093, .adv_w = 372, .box_w = 24, .box_h = 30, .ofs_x = 0, .ofs_y = -9},
    {.bitmap_index = 24453, .adv_w = 330, .box_w = 19, .box_h = 21, .ofs_x = 1, .ofs_y = 0},
    {.bitmap_index = 24653, .adv_w = 223, .box_w = 13, .box_h = 39, .ofs_x = 1, .ofs_y = -6},
    {.bitmap_index = 24907, .adv_w = 143, .box_w = 5, .box_h = 39, .ofs_x = 2, .ofs_y = -6},
    {.bitmap_index = 25005, .adv_w = 223, .box_w = 13, .box_h = 39, .ofs_x = 0, .ofs_y = -6},
    {.bitmap_index = 25259, .adv_w = 371, .box_w = 21, .box_h = 9, .ofs_x = 1, .ofs_y = 9}
};

/*---------------------
 *  CHARACTER MAPPING
 *--------------------*/



/*Collect the unicode lists and glyph_id offsets*/
static const lv_font_fmt_txt_cmap_t cmaps[] =
{
    {
        .range_start = 32, .range_length = 95, .glyph_id_start = 1,
        .unicode_list = NULL, .glyph_id_ofs_list = NULL, .list_length = 0, .type = LV_FONT_FMT_TXT_CMAP_FORMAT0_TINY
    }
};

/*-----------------
 *    KERNING
 *----------------*/


/*Pair left and right glyphs for kerning*/
static const uint8_t kern_pair_glyph_ids[] =
{
    7, 43,
    9, 75,
    19, 21,
    19, 23,
    19, 26,
    21, 26,
    34, 43,
    34, 53,
    34, 55,
    34, 56,
    34, 58,
    34, 66,
    34, 68,
    34, 70,
    34, 72,
    34, 80,
    34, 82,
    36, 43,
    37, 43,
    37, 53,
    37, 55,
    37, 56,
    37, 57,
    37, 58,
    37, 59,
    38, 43,
    39, 15,
    39, 34,
    39, 66,
    39, 68,
    39, 70,
    39, 72,
    39, 80,
    39, 82,
    40, 43,
    41, 43,
    42, 43,
    44, 43,
    44, 48,
    44, 66,
    44, 68,
    44, 70,
    44, 72,
    44, 80,
    44, 82,
    45, 34,
    45, 43,
    45, 48,
    45, 53,
    45, 55,
    45, 56,
    45, 58,
    46, 43,
    47, 43,
    48, 43,
    48, 53,
    48, 55,
    48, 56,
    48, 57,
    48, 58,
    48, 59,
    49, 15,
    49, 34,
    49, 57,
    50, 43,
    50, 53,
    50, 55,
    50, 56,
    50, 57,
    50, 58,
    50, 59,
    51, 43,
    51, 58,
    51, 66,
    51, 68,
    51, 70,
    51, 72,
    51, 80,
    51, 82,
    53, 15,
    53, 34,
    53, 40,
    53, 48,
    53, 50,
    53, 66,
    53, 68,
    53, 70,
    53, 72,
    53, 75,
    53, 78,
    53, 79,
    53, 80,
    53, 81,
    53, 82,
    53, 83,
    53, 84,
    53, 86,
    55, 15,
    55, 34,
    55, 40,
    55, 48,
    55, 50,
    55, 66,
    55, 68,
    55, 70,
    55, 72,
    55, 75,
    55, 78,
    55, 79,
    55, 80,
    55, 81,
    55, 82,
    55, 83,
    55, 84,
    55, 86,
    56, 15,
    56, 34,
    56, 40,
    56, 48,
    56, 50,
    56, 66,
    56, 68,
    56, 70,
    56, 72,
    56, 75,
    56, 78,
    56, 79,
    56, 80,
    56, 81,
    56, 82,
    56, 83,
    56, 84,
    56, 86,
    57, 15,
    57, 40,
    57, 43,
    57, 48,
    57, 50,
    57, 66,
    57, 68,
    57, 70,
    57, 72,
    57, 80,
    57, 82,
    57, 84,
    58, 15,
    58, 34,
    58, 40,
    58, 48,
    58, 50,
    58, 66,
    58, 68,
    58, 69,
    58, 70,
    58, 72,
    58, 75,
    58, 78,
    58, 79,
    58, 80,
    58, 81,
    58, 82,
    58, 83,
    58, 84,
    58, 85,
    58, 86,
    59, 40,
    59, 43,
    59, 48,
    59, 50,
    60, 43,
    60, 75,
    61, 43,
    61, 75,
    66, 43,
    67, 53,
    67, 55,
    67, 56,
    67, 57,
    67, 58,
    67, 87,
    67, 88,
    67, 89,
    67, 90,
    68, 43,
    69, 43,
    70, 53,
    70, 55,
    70, 56,
    70, 57,
    70, 58,
    70, 87,
    70, 88,
    70, 89,
    70, 90,
    72, 43,
    76, 43,
    76, 66,
    76, 68,
    76, 70,
    76, 72,
    76, 80,
    76, 82,
    77, 43,
    79, 43,
    80, 43,
    80, 53,
    80, 55,
    80, 56,
    80, 57,
    80, 58,
    80, 87,
    80, 88,
    80, 89,
    80, 90,
    81, 53,
    81, 55,
    81, 56,
    81, 57,
    81, 58,
    81, 87,
    81, 88,
    81, 89,
    81, 90,
    82, 43,
    82, 75,
    83, 66,
    83, 68,
    83, 70,
    83, 72,
    83, 80,
    83, 82,
    84, 53,
    84, 55,
    84, 56,
    84, 57,
    84, 58,
    85, 43,
    86, 43,
    88, 66,
    88, 68,
    88, 70,
    88, 72,
    88, 80,
    88, 82,
    89, 43,
    89, 66,
    89, 68,
    89, 70,
    89, 72,
    89, 80,
    89, 82,
    90, 66,
    90, 68,
    90, 70,
    90, 72,
    90, 80,
    90, 82,
    91, 43,
    92, 43,
    92, 75
};

/* Kerning between the respective left and right glyphs
 * 4.4 format which needs to scaled with `kern_scale`*/
static const int8_t kern_pair_values[] =
{
    32, 26, -13, -13, -13, -6, 13, -38,
    -45, -32, -38, -13, -13, -13, -13, -13,
    -13, 13, -13, -13, -6, -6, -19, -19,
    -6, 13, -64, -26, -13, -13, -13, -13,
    -13, -13, 13, 13, 13, 19, -26, -26,
    -26, -26, -26, -26, -26, 6, 19, -13,
    -64, -45, -32, -64, 13, 13, -13, -13,
    -6, -6, -19, -19, -6, -70, -19, -13,
    -13, -13, -6, -6, -19, -19, -6, 19,
    -6, -6, -6, -6, -6, -6, -6, -77,
    -38, -13, -13, -13, -38, -38, -38, -38,
    -26, -26, -26, -38, -26, -38, -26, -32,
    -26, -51, -45, -6, -6, -6, -26, -26,
    -26, -19, -19, -13, -13, -26, -13, -26,
    -13, -13, -13, -38, -32, -6, -6, -6,
    -19, -19, -19, -19, -19, -13, -13, -19,
    -13, -19, -13, -13, -13, -13, -19, 19,
    -19, -19, -26, -26, -26, -26, -26, -26,
    -19, -64, -38, -19, -19, -19, -58, -58,
    -58, -58, -58, -26, -26, -26, -58, -26,
    -58, -26, -45, -26, -26, -6, 19, -6,
    -6, 32, 26, 32, 26, 13, -38, -19,
    -19, -26, -58, -13, -6, -13, -13, 13,
    13, -38, -19, -19, -26, -58, -13, -6,
    -13, -13, 13, 13, -13, -13, -13, -13,
    -13, -13, 19, 6, -13, -38, -26, -19,
    -26, -58, -13, -6, -13, -13, -38, -19,
    -19, -26, -58, -13, -6, -13, -13, 13,
    26, -13, -13, -13, -13, -13, -13, -32,
    -13, -13, -19, -45, 13, 6, -6, -6,
    -6, -6, -6, -6, 13, -6, -6, -6,
    -6, -6, -6, -6, -6, -6, -6, -6,
    -6, 13, 32, 26
};

/*Collect the kern pair's data in one place*/
static const lv_font_fmt_txt_kern_pair_t kern_pairs =
{
    .glyph_ids = kern_pair_glyph_ids,
    .values = kern_pair_values,
    .pair_cnt = 260,
    .glyph_ids_size = 0
};

/*--------------------
 *  ALL CUSTOM DATA
 *--------------------*/

#if LVGL_VERSION_MAJOR == 8
/*Store all the custom data of the font*/
static  lv_font_fmt_txt_glyph_cache_t cache;
#endif

#if LVGL_VERSION_MAJOR >= 8
static const lv_font_fmt_txt_dsc_t font_dsc = {
#else
static lv_font_fmt_txt_dsc_t font_dsc = {
#endif
    .glyph_bitmap = glyph_bitmap,
    .glyph_dsc = glyph_dsc,
    .cmaps = cmaps,
    .kern_dsc = &kern_pairs,
    .kern_scale = 16,
    .cmap_num = 1,
    .bpp = 4,
    .kern_classes = 0,
    .bitmap_format = 0,
#if LVGL_VERSION_MAJOR == 8
    .cache = &cache
#endif
};



/*-----------------
 *  PUBLIC FONT
 *----------------*/

/*Initialize a public general font descriptor*/
#if LVGL_VERSION_MAJOR >= 8
const lv_font_t ui_font_Font40 = {
#else
lv_font_t ui_font_Font40 = {
#endif
    .get_glyph_dsc = lv_font_get_glyph_dsc_fmt_txt,    /*Function pointer to get glyph's data*/
    .get_glyph_bitmap = lv_font_get_bitmap_fmt_txt,    /*Function pointer to get glyph's bitmap*/
    .line_height = 42,          /*The maximum line height required by the font*/
    .base_line = 9,             /*Baseline measured from the bottom of the line*/
#if !(LVGL_VERSION_MAJOR == 6 && LVGL_VERSION_MINOR == 0)
    .subpx = LV_FONT_SUBPX_NONE,
#endif
#if LV_VERSION_CHECK(7, 4, 0) || LVGL_VERSION_MAJOR >= 8
    .underline_position = -4,
    .underline_thickness = 2,
#endif
    .dsc = &font_dsc,          /*The custom font data. Will be accessed by `get_glyph_bitmap/dsc` */
#if LV_VERSION_CHECK(8, 2, 0) || LVGL_VERSION_MAJOR >= 9
    .fallback = NULL,
#endif
    .user_data = NULL,
};



#endif /*#if UI_FONT_FONT40*/

